case ID,activity,timestamp
1,ER Registration,1700-12-30
1,Leucocytes,1701-12-30
1,CRP,1702-12-30
1,LacticAcid,1703-12-30
1,ER Triage,1704-12-30
1,ER Sepsis Triage,1705-12-30
1,IV Liquid,1706-12-30
1,IV Antibiotics,1707-12-30
1,Admission NC,1708-12-30
1,CRP,1709-12-30
1,Leucocytes,1710-12-30
1,Leucocytes,1711-12-30
1,CRP,1712-12-30
1,Leucocytes,1713-12-30
1,CRP,1714-12-30
1,CRP,1715-12-30
1,Leucocytes,1716-12-30
1,Leucocytes,1717-12-30
1,CRP,1718-12-30
1,CRP,1719-12-30
1,Leucocytes,1720-12-30
1,Release A,1721-12-30
2,ER Registration,1700-12-30
2,ER Triage,1701-12-30
2,CRP,1702-12-30
2,LacticAcid,1703-12-30
2,Leucocytes,1704-12-30
2,ER Sepsis Triage,1705-12-30
2,IV Liquid,1706-12-30
2,IV Antibiotics,1707-12-30
2,Admission NC,1708-12-30
2,CRP,1709-12-30
2,CRP,1710-12-30
2,Release A,1711-12-30
3,ER Registration,1700-12-30
3,ER Triage,1701-12-30
3,ER Sepsis Triage,1702-12-30
3,Leucocytes,1703-12-30
3,CRP,1704-12-30
3,IV Liquid,1705-12-30
3,IV Antibiotics,1706-12-30
3,Admission NC,1707-12-30
3,Admission NC,1708-12-30
3,Leucocytes,1709-12-30
3,CRP,1710-12-30
3,Leucocytes,1711-12-30
3,CRP,1712-12-30
3,Release A,1713-12-30
4,ER Registration,1700-12-30
4,ER Triage,1701-12-30
4,ER Sepsis Triage,1702-12-30
4,CRP,1703-12-30
4,LacticAcid,1704-12-30
4,Leucocytes,1705-12-30
4,IV Liquid,1706-12-30
4,IV Antibiotics,1707-12-30
4,Admission NC,1708-12-30
4,Leucocytes,1709-12-30
4,CRP,1710-12-30
4,Release A,1711-12-30
4,Return ER,1712-12-30
5,ER Registration,1700-12-30
5,ER Triage,1701-12-30
5,ER Sepsis Triage,1702-12-30
5,IV Liquid,1703-12-30
5,CRP,1704-12-30
5,Leucocytes,1705-12-30
5,LacticAcid,1706-12-30
5,IV Antibiotics,1707-12-30
6,ER Registration,1700-12-30
6,ER Triage,1701-12-30
6,ER Sepsis Triage,1702-12-30
6,Leucocytes,1703-12-30
6,CRP,1704-12-30
6,LacticAcid,1705-12-30
6,IV Antibiotics,1706-12-30
6,IV Liquid,1707-12-30
6,Admission NC,1708-12-30
6,Release A,1709-12-30
7,ER Registration,1700-12-30
7,ER Triage,1701-12-30
7,ER Sepsis Triage,1702-12-30
7,IV Liquid,1703-12-30
7,IV Antibiotics,1704-12-30
7,LacticAcid,1705-12-30
7,CRP,1706-12-30
7,Leucocytes,1707-12-30
7,Admission NC,1708-12-30
7,Leucocytes,1709-12-30
7,CRP,1710-12-30
7,Release A,1711-12-30
8,ER Registration,1700-12-30
8,ER Triage,1701-12-30
8,ER Sepsis Triage,1702-12-30
8,CRP,1703-12-30
8,LacticAcid,1704-12-30
8,Leucocytes,1705-12-30
8,Admission IC,1706-12-30
8,Admission NC,1707-12-30
8,CRP,1708-12-30
8,Leucocytes,1709-12-30
8,CRP,1710-12-30
8,Admission NC,1711-12-30
8,Release B,1712-12-30
9,ER Registration,1700-12-30
9,ER Triage,1701-12-30
9,ER Sepsis Triage,1702-12-30
9,IV Antibiotics,1703-12-30
9,Leucocytes,1704-12-30
9,CRP,1705-12-30
9,LacticAcid,1706-12-30
9,Admission NC,1707-12-30
9,Leucocytes,1708-12-30
9,CRP,1709-12-30
9,Release A,1710-12-30
10,ER Registration,1700-12-30
10,ER Triage,1701-12-30
10,ER Sepsis Triage,1702-12-30
10,CRP,1703-12-30
10,Leucocytes,1704-12-30
10,LacticAcid,1705-12-30
10,IV Liquid,1706-12-30
10,IV Antibiotics,1707-12-30
10,Admission NC,1708-12-30
10,CRP,1709-12-30
10,Release A,1710-12-30
11,ER Registration,1700-12-30
11,ER Triage,1701-12-30
11,ER Sepsis Triage,1702-12-30
11,LacticAcid,1703-12-30
11,CRP,1704-12-30
11,Leucocytes,1705-12-30
11,IV Antibiotics,1706-12-30
11,Admission NC,1707-12-30
11,Leucocytes,1708-12-30
11,CRP,1709-12-30
11,Admission NC,1710-12-30
11,IV Liquid,1711-12-30
11,CRP,1712-12-30
11,Leucocytes,1713-12-30
11,Release A,1714-12-30
11,Return ER,1715-12-30
12,ER Registration,1700-12-30
12,ER Triage,1701-12-30
12,ER Sepsis Triage,1702-12-30
12,Leucocytes,1703-12-30
12,CRP,1704-12-30
12,LacticAcid,1705-12-30
12,IV Liquid,1706-12-30
12,IV Antibiotics,1707-12-30
12,Admission NC,1708-12-30
12,Leucocytes,1709-12-30
12,Leucocytes,1710-12-30
12,Leucocytes,1711-12-30
12,CRP,1712-12-30
12,Release A,1713-12-30
12,Return ER,1714-12-30
13,ER Registration,1700-12-30
13,ER Triage,1701-12-30
13,ER Sepsis Triage,1702-12-30
14,ER Registration,1700-12-30
14,ER Triage,1701-12-30
14,ER Sepsis Triage,1702-12-30
14,CRP,1703-12-30
14,LacticAcid,1704-12-30
14,Leucocytes,1705-12-30
14,Admission NC,1706-12-30
14,IV Liquid,1707-12-30
14,IV Antibiotics,1708-12-30
14,CRP,1709-12-30
14,Leucocytes,1710-12-30
14,Release A,1711-12-30
15,ER Registration,1700-12-30
15,ER Triage,1701-12-30
15,ER Sepsis Triage,1702-12-30
15,IV Liquid,1703-12-30
15,CRP,1704-12-30
15,Leucocytes,1705-12-30
15,LacticAcid,1706-12-30
15,IV Antibiotics,1707-12-30
15,Admission NC,1708-12-30
15,Release A,1709-12-30
15,Return ER,1710-12-30
16,ER Registration,1700-12-30
16,ER Triage,1701-12-30
16,ER Sepsis Triage,1702-12-30
17,ER Registration,1700-12-30
17,ER Triage,1701-12-30
17,ER Sepsis Triage,1702-12-30
18,ER Registration,1700-12-30
18,ER Triage,1701-12-30
18,ER Sepsis Triage,1702-12-30
18,CRP,1703-12-30
18,Leucocytes,1704-12-30
19,ER Registration,1700-12-30
19,ER Triage,1701-12-30
19,ER Sepsis Triage,1702-12-30
19,Leucocytes,1703-12-30
19,CRP,1704-12-30
19,LacticAcid,1705-12-30
19,IV Liquid,1706-12-30
19,IV Antibiotics,1707-12-30
19,Admission NC,1708-12-30
19,Admission IC,1709-12-30
19,LacticAcid,1710-12-30
19,Leucocytes,1711-12-30
19,CRP,1712-12-30
19,Admission NC,1713-12-30
19,Leucocytes,1714-12-30
19,CRP,1715-12-30
19,Leucocytes,1716-12-30
19,Release A,1717-12-30
19,Return ER,1718-12-30
20,ER Registration,1700-12-30
20,ER Triage,1701-12-30
20,ER Sepsis Triage,1702-12-30
20,IV Liquid,1703-12-30
20,IV Antibiotics,1704-12-30
20,CRP,1705-12-30
20,LacticAcid,1706-12-30
20,Leucocytes,1707-12-30
20,Admission NC,1708-12-30
20,Release B,1709-12-30
21,ER Registration,1700-12-30
21,ER Triage,1701-12-30
21,ER Sepsis Triage,1702-12-30
21,Leucocytes,1703-12-30
21,Admission NC,1704-12-30
21,Leucocytes,1705-12-30
21,Leucocytes,1706-12-30
21,Leucocytes,1707-12-30
21,Leucocytes,1708-12-30
21,CRP,1709-12-30
21,Release B,1710-12-30
22,ER Registration,1700-12-30
22,ER Triage,1701-12-30
22,ER Sepsis Triage,1702-12-30
22,IV Liquid,1703-12-30
22,Leucocytes,1704-12-30
22,LacticAcid,1705-12-30
22,CRP,1706-12-30
22,IV Antibiotics,1707-12-30
22,Admission IC,1708-12-30
22,LacticAcid,1709-12-30
22,CRP,1710-12-30
22,Leucocytes,1711-12-30
22,LacticAcid,1712-12-30
22,LacticAcid,1713-12-30
22,CRP,1714-12-30
22,Leucocytes,1715-12-30
22,Admission NC,1716-12-30
22,Leucocytes,1717-12-30
22,CRP,1718-12-30
22,Release A,1719-12-30
22,Return ER,1720-12-30
23,ER Registration,1700-12-30
23,ER Triage,1701-12-30
23,ER Sepsis Triage,1702-12-30
23,IV Liquid,1703-12-30
23,LacticAcid,1704-12-30
23,Leucocytes,1705-12-30
23,CRP,1706-12-30
23,IV Antibiotics,1707-12-30
23,Admission NC,1708-12-30
23,CRP,1709-12-30
23,Release A,1710-12-30
24,ER Registration,1700-12-30
24,ER Triage,1701-12-30
24,Leucocytes,1702-12-30
24,CRP,1703-12-30
24,LacticAcid,1704-12-30
24,ER Sepsis Triage,1705-12-30
24,Leucocytes,1706-12-30
24,CRP,1707-12-30
24,LacticAcid,1708-12-30
24,Admission NC,1709-12-30
24,CRP,1710-12-30
24,Release A,1711-12-30
24,Return ER,1712-12-30
25,ER Registration,1700-12-30
25,ER Triage,1701-12-30
25,ER Sepsis Triage,1702-12-30
25,IV Antibiotics,1703-12-30
25,CRP,1704-12-30
25,LacticAcid,1705-12-30
25,Leucocytes,1706-12-30
25,IV Liquid,1707-12-30
26,ER Registration,1700-12-30
26,ER Triage,1701-12-30
26,ER Sepsis Triage,1702-12-30
26,Leucocytes,1703-12-30
26,LacticAcid,1704-12-30
26,CRP,1705-12-30
26,Admission IC,1706-12-30
26,Admission NC,1707-12-30
26,Admission NC,1708-12-30
26,Release A,1709-12-30
27,ER Registration,1700-12-30
27,ER Triage,1701-12-30
27,ER Sepsis Triage,1702-12-30
27,Leucocytes,1703-12-30
27,LacticAcid,1704-12-30
27,CRP,1705-12-30
27,IV Liquid,1706-12-30
27,IV Antibiotics,1707-12-30
28,ER Registration,1700-12-30
28,ER Triage,1701-12-30
28,ER Sepsis Triage,1702-12-30
28,IV Liquid,1703-12-30
28,IV Antibiotics,1704-12-30
28,LacticAcid,1705-12-30
28,CRP,1706-12-30
28,Leucocytes,1707-12-30
28,Admission NC,1708-12-30
28,CRP,1709-12-30
28,Leucocytes,1710-12-30
28,Release A,1711-12-30
28,Return ER,1712-12-30
29,ER Registration,1700-12-30
29,ER Triage,1701-12-30
29,ER Sepsis Triage,1702-12-30
29,IV Liquid,1703-12-30
29,IV Antibiotics,1704-12-30
29,CRP,1705-12-30
29,LacticAcid,1706-12-30
29,Leucocytes,1707-12-30
30,ER Registration,1700-12-30
30,ER Triage,1701-12-30
30,ER Sepsis Triage,1702-12-30
30,CRP,1703-12-30
30,Leucocytes,1704-12-30
30,LacticAcid,1705-12-30
30,IV Antibiotics,1706-12-30
30,Admission NC,1707-12-30
30,IV Liquid,1708-12-30
30,Leucocytes,1709-12-30
30,CRP,1710-12-30
30,Release C,1711-12-30
31,ER Registration,1700-12-30
31,ER Triage,1701-12-30
31,ER Sepsis Triage,1702-12-30
31,Leucocytes,1703-12-30
31,CRP,1704-12-30
31,LacticAcid,1705-12-30
31,IV Liquid,1706-12-30
31,IV Antibiotics,1707-12-30
31,Admission NC,1708-12-30
31,Admission NC,1709-12-30
31,Leucocytes,1710-12-30
31,CRP,1711-12-30
31,CRP,1712-12-30
31,Release A,1713-12-30
31,Return ER,1714-12-30
32,ER Registration,1700-12-30
32,ER Triage,1701-12-30
32,CRP,1702-12-30
32,LacticAcid,1703-12-30
32,Leucocytes,1704-12-30
32,ER Sepsis Triage,1705-12-30
32,IV Liquid,1706-12-30
32,IV Antibiotics,1707-12-30
33,ER Registration,1700-12-30
33,ER Triage,1701-12-30
33,ER Sepsis Triage,1702-12-30
33,IV Liquid,1703-12-30
33,IV Antibiotics,1704-12-30
33,CRP,1705-12-30
33,Leucocytes,1706-12-30
33,LacticAcid,1707-12-30
33,Admission NC,1708-12-30
33,CRP,1709-12-30
33,Leucocytes,1710-12-30
33,Release A,1711-12-30
34,ER Registration,1700-12-30
34,ER Triage,1701-12-30
34,Leucocytes,1702-12-30
34,CRP,1703-12-30
34,LacticAcid,1704-12-30
34,ER Sepsis Triage,1705-12-30
34,Admission NC,1706-12-30
34,Admission NC,1707-12-30
34,Leucocytes,1708-12-30
34,CRP,1709-12-30
34,Release A,1710-12-30
35,IV Liquid,1700-12-30
35,ER Registration,1701-12-30
35,ER Triage,1702-12-30
35,ER Sepsis Triage,1703-12-30
35,LacticAcid,1704-12-30
35,CRP,1705-12-30
35,Leucocytes,1706-12-30
35,IV Antibiotics,1707-12-30
36,ER Registration,1700-12-30
36,ER Sepsis Triage,1701-12-30
36,IV Antibiotics,1702-12-30
36,ER Triage,1703-12-30
36,Leucocytes,1704-12-30
36,LacticAcid,1705-12-30
36,CRP,1706-12-30
36,Admission NC,1707-12-30
36,Admission NC,1708-12-30
36,CRP,1709-12-30
36,LacticAcid,1710-12-30
36,Leucocytes,1711-12-30
36,Release A,1712-12-30
36,Return ER,1713-12-30
37,ER Registration,1700-12-30
37,ER Triage,1701-12-30
37,ER Sepsis Triage,1702-12-30
37,IV Liquid,1703-12-30
37,IV Antibiotics,1704-12-30
37,CRP,1705-12-30
37,LacticAcid,1706-12-30
37,Leucocytes,1707-12-30
37,Admission NC,1708-12-30
37,Leucocytes,1709-12-30
37,CRP,1710-12-30
37,Leucocytes,1711-12-30
37,CRP,1712-12-30
37,CRP,1713-12-30
37,Leucocytes,1714-12-30
37,Release A,1715-12-30
38,ER Registration,1700-12-30
38,ER Triage,1701-12-30
38,ER Sepsis Triage,1702-12-30
38,Leucocytes,1703-12-30
38,CRP,1704-12-30
39,ER Registration,1700-12-30
39,ER Triage,1701-12-30
39,ER Sepsis Triage,1702-12-30
39,LacticAcid,1703-12-30
39,Leucocytes,1704-12-30
39,CRP,1705-12-30
39,IV Liquid,1706-12-30
39,IV Antibiotics,1707-12-30
39,Admission NC,1708-12-30
39,Leucocytes,1709-12-30
39,CRP,1710-12-30
39,CRP,1711-12-30
39,Leucocytes,1712-12-30
39,Release A,1713-12-30
40,ER Registration,1700-12-30
40,ER Triage,1701-12-30
40,ER Sepsis Triage,1702-12-30
40,IV Antibiotics,1703-12-30
40,IV Liquid,1704-12-30
40,Leucocytes,1705-12-30
40,CRP,1706-12-30
40,LacticAcid,1707-12-30
40,Admission NC,1708-12-30
40,Admission NC,1709-12-30
40,Leucocytes,1710-12-30
40,CRP,1711-12-30
40,CRP,1712-12-30
40,Leucocytes,1713-12-30
40,Leucocytes,1714-12-30
40,Leucocytes,1715-12-30
40,Leucocytes,1716-12-30
40,Leucocytes,1717-12-30
40,CRP,1718-12-30
40,LacticAcid,1719-12-30
40,Leucocytes,1720-12-30
40,CRP,1721-12-30
40,Leucocytes,1722-12-30
40,Release C,1723-12-30
41,ER Registration,1700-12-30
41,ER Triage,1701-12-30
41,ER Sepsis Triage,1702-12-30
41,IV Liquid,1703-12-30
41,IV Antibiotics,1704-12-30
41,LacticAcid,1705-12-30
41,CRP,1706-12-30
41,Leucocytes,1707-12-30
41,Leucocytes,1708-12-30
41,CRP,1709-12-30
41,LacticAcid,1710-12-30
42,ER Registration,1700-12-30
42,ER Triage,1701-12-30
42,ER Sepsis Triage,1702-12-30
42,Leucocytes,1703-12-30
42,CRP,1704-12-30
42,LacticAcid,1705-12-30
43,ER Registration,1700-12-30
43,ER Triage,1701-12-30
43,ER Sepsis Triage,1702-12-30
43,IV Liquid,1703-12-30
43,Leucocytes,1704-12-30
43,LacticAcid,1705-12-30
43,CRP,1706-12-30
43,IV Antibiotics,1707-12-30
43,Admission NC,1708-12-30
43,CRP,1709-12-30
43,Leucocytes,1710-12-30
43,CRP,1711-12-30
43,Leucocytes,1712-12-30
43,Release D,1713-12-30
44,ER Registration,1700-12-30
44,ER Triage,1701-12-30
44,ER Sepsis Triage,1702-12-30
45,ER Registration,1700-12-30
45,ER Triage,1701-12-30
45,ER Sepsis Triage,1702-12-30
45,IV Liquid,1703-12-30
45,CRP,1704-12-30
45,LacticAcid,1705-12-30
45,Leucocytes,1706-12-30
45,IV Antibiotics,1707-12-30
45,Admission NC,1708-12-30
45,CRP,1709-12-30
45,Leucocytes,1710-12-30
45,CRP,1711-12-30
45,Release A,1712-12-30
45,Return ER,1713-12-30
46,ER Registration,1700-12-30
46,ER Triage,1701-12-30
46,ER Sepsis Triage,1702-12-30
46,CRP,1703-12-30
46,Leucocytes,1704-12-30
46,Admission NC,1705-12-30
46,CRP,1706-12-30
46,Leucocytes,1707-12-30
46,CRP,1708-12-30
46,Release A,1709-12-30
47,ER Registration,1700-12-30
47,ER Triage,1701-12-30
47,ER Sepsis Triage,1702-12-30
47,LacticAcid,1703-12-30
47,Leucocytes,1704-12-30
47,CRP,1705-12-30
47,IV Liquid,1706-12-30
47,IV Antibiotics,1707-12-30
47,Admission NC,1708-12-30
47,LacticAcid,1709-12-30
47,Release A,1710-12-30
48,ER Registration,1700-12-30
48,ER Triage,1701-12-30
48,ER Sepsis Triage,1702-12-30
48,CRP,1703-12-30
48,LacticAcid,1704-12-30
48,Leucocytes,1705-12-30
48,IV Liquid,1706-12-30
48,IV Antibiotics,1707-12-30
48,Admission NC,1708-12-30
48,CRP,1709-12-30
48,Leucocytes,1710-12-30
48,Admission NC,1711-12-30
48,Release A,1712-12-30
49,ER Registration,1700-12-30
49,ER Triage,1701-12-30
49,ER Sepsis Triage,1702-12-30
49,CRP,1703-12-30
49,Admission NC,1704-12-30
49,Admission NC,1705-12-30
49,Release A,1706-12-30
49,Return ER,1707-12-30
50,ER Registration,1700-12-30
50,ER Triage,1701-12-30
50,ER Sepsis Triage,1702-12-30
51,ER Registration,1700-12-30
51,ER Triage,1701-12-30
51,ER Sepsis Triage,1702-12-30
51,Leucocytes,1703-12-30
51,CRP,1704-12-30
51,LacticAcid,1705-12-30
52,ER Registration,1700-12-30
52,ER Triage,1701-12-30
52,ER Sepsis Triage,1702-12-30
52,CRP,1703-12-30
52,LacticAcid,1704-12-30
52,Leucocytes,1705-12-30
52,IV Liquid,1706-12-30
52,IV Antibiotics,1707-12-30
53,ER Registration,1700-12-30
53,ER Triage,1701-12-30
53,ER Sepsis Triage,1702-12-30
53,CRP,1703-12-30
53,LacticAcid,1704-12-30
53,Leucocytes,1705-12-30
53,IV Liquid,1706-12-30
53,IV Antibiotics,1707-12-30
54,ER Registration,1700-12-30
54,ER Triage,1701-12-30
54,ER Sepsis Triage,1702-12-30
54,CRP,1703-12-30
54,LacticAcid,1704-12-30
54,Leucocytes,1705-12-30
55,ER Registration,1700-12-30
55,ER Triage,1701-12-30
55,ER Sepsis Triage,1702-12-30
55,CRP,1703-12-30
55,LacticAcid,1704-12-30
55,Leucocytes,1705-12-30
55,IV Liquid,1706-12-30
55,IV Antibiotics,1707-12-30
55,Admission NC,1708-12-30
55,Admission NC,1709-12-30
55,CRP,1710-12-30
55,Leucocytes,1711-12-30
55,CRP,1712-12-30
55,Release A,1713-12-30
56,ER Registration,1700-12-30
56,ER Triage,1701-12-30
56,ER Sepsis Triage,1702-12-30
56,CRP,1703-12-30
56,LacticAcid,1704-12-30
56,Leucocytes,1705-12-30
56,IV Liquid,1706-12-30
56,IV Antibiotics,1707-12-30
56,Admission NC,1708-12-30
56,Leucocytes,1709-12-30
56,CRP,1710-12-30
56,Release A,1711-12-30
57,ER Registration,1700-12-30
57,ER Triage,1701-12-30
57,ER Sepsis Triage,1702-12-30
57,Leucocytes,1703-12-30
57,CRP,1704-12-30
57,LacticAcid,1705-12-30
57,IV Liquid,1706-12-30
57,IV Antibiotics,1707-12-30
58,ER Registration,1700-12-30
58,ER Triage,1701-12-30
58,ER Sepsis Triage,1702-12-30
58,IV Liquid,1703-12-30
58,IV Antibiotics,1704-12-30
58,CRP,1705-12-30
58,Leucocytes,1706-12-30
58,LacticAcid,1707-12-30
59,ER Registration,1700-12-30
59,Leucocytes,1701-12-30
59,LacticAcid,1702-12-30
59,CRP,1703-12-30
59,ER Triage,1704-12-30
59,ER Sepsis Triage,1705-12-30
59,IV Liquid,1706-12-30
59,IV Antibiotics,1707-12-30
59,Admission NC,1708-12-30
59,Leucocytes,1709-12-30
59,CRP,1710-12-30
59,Release A,1711-12-30
59,Return ER,1712-12-30
60,ER Registration,1700-12-30
60,ER Triage,1701-12-30
60,ER Sepsis Triage,1702-12-30
60,CRP,1703-12-30
60,LacticAcid,1704-12-30
60,Leucocytes,1705-12-30
60,IV Liquid,1706-12-30
60,IV Antibiotics,1707-12-30
60,Admission NC,1708-12-30
60,CRP,1709-12-30
60,Leucocytes,1710-12-30
60,Admission NC,1711-12-30
60,Leucocytes,1712-12-30
60,CRP,1713-12-30
60,Release A,1714-12-30
61,ER Registration,1700-12-30
61,Leucocytes,1701-12-30
61,CRP,1702-12-30
61,LacticAcid,1703-12-30
61,ER Triage,1704-12-30
61,ER Sepsis Triage,1705-12-30
61,IV Liquid,1706-12-30
61,IV Antibiotics,1707-12-30
61,Admission NC,1708-12-30
61,Leucocytes,1709-12-30
61,Admission NC,1710-12-30
61,CRP,1711-12-30
61,Leucocytes,1712-12-30
61,Release A,1713-12-30
62,ER Registration,1700-12-30
62,ER Triage,1701-12-30
62,ER Sepsis Triage,1702-12-30
62,CRP,1703-12-30
62,LacticAcid,1704-12-30
62,Leucocytes,1705-12-30
62,IV Liquid,1706-12-30
62,IV Antibiotics,1707-12-30
63,ER Registration,1700-12-30
63,ER Triage,1701-12-30
63,ER Sepsis Triage,1702-12-30
63,LacticAcid,1703-12-30
63,CRP,1704-12-30
63,Leucocytes,1705-12-30
63,IV Antibiotics,1706-12-30
63,IV Liquid,1707-12-30
63,Admission NC,1708-12-30
63,Release A,1709-12-30
63,Return ER,1710-12-30
64,ER Registration,1700-12-30
64,ER Triage,1701-12-30
64,LacticAcid,1702-12-30
64,CRP,1703-12-30
64,Leucocytes,1704-12-30
64,ER Sepsis Triage,1705-12-30
64,IV Liquid,1706-12-30
64,IV Antibiotics,1707-12-30
64,Admission NC,1708-12-30
64,Admission NC,1709-12-30
64,CRP,1710-12-30
64,Leucocytes,1711-12-30
64,Leucocytes,1712-12-30
64,CRP,1713-12-30
64,CRP,1714-12-30
64,Leucocytes,1715-12-30
64,Leucocytes,1716-12-30
64,CRP,1717-12-30
64,Release B,1718-12-30
65,ER Registration,1700-12-30
65,ER Triage,1701-12-30
65,ER Sepsis Triage,1702-12-30
66,ER Registration,1700-12-30
66,ER Triage,1701-12-30
66,ER Sepsis Triage,1702-12-30
66,Leucocytes,1703-12-30
66,LacticAcid,1704-12-30
66,CRP,1705-12-30
66,IV Liquid,1706-12-30
66,IV Antibiotics,1707-12-30
66,Admission NC,1708-12-30
66,CRP,1709-12-30
66,Leucocytes,1710-12-30
66,LacticAcid,1711-12-30
66,Admission NC,1712-12-30
66,CRP,1713-12-30
66,Leucocytes,1714-12-30
66,CRP,1715-12-30
66,CRP,1716-12-30
66,Leucocytes,1717-12-30
66,CRP,1718-12-30
66,Leucocytes,1719-12-30
66,Release A,1720-12-30
67,ER Registration,1700-12-30
67,ER Triage,1701-12-30
67,CRP,1702-12-30
67,LacticAcid,1703-12-30
67,Leucocytes,1704-12-30
67,ER Sepsis Triage,1705-12-30
67,IV Liquid,1706-12-30
67,IV Antibiotics,1707-12-30
67,Admission NC,1708-12-30
67,CRP,1709-12-30
67,Leucocytes,1710-12-30
67,Leucocytes,1711-12-30
67,CRP,1712-12-30
67,Leucocytes,1713-12-30
67,CRP,1714-12-30
67,Release A,1715-12-30
68,ER Registration,1700-12-30
68,ER Triage,1701-12-30
68,ER Sepsis Triage,1702-12-30
68,IV Liquid,1703-12-30
68,CRP,1704-12-30
68,LacticAcid,1705-12-30
68,Leucocytes,1706-12-30
68,IV Antibiotics,1707-12-30
68,Admission NC,1708-12-30
68,Leucocytes,1709-12-30
68,CRP,1710-12-30
68,Leucocytes,1711-12-30
68,CRP,1712-12-30
68,Leucocytes,1713-12-30
68,Release A,1714-12-30
68,Return ER,1715-12-30
69,ER Registration,1700-12-30
69,ER Triage,1701-12-30
69,ER Sepsis Triage,1702-12-30
69,IV Liquid,1703-12-30
69,CRP,1704-12-30
69,LacticAcid,1705-12-30
69,Leucocytes,1706-12-30
69,IV Antibiotics,1707-12-30
69,Admission NC,1708-12-30
69,CRP,1709-12-30
69,Leucocytes,1710-12-30
69,Leucocytes,1711-12-30
69,CRP,1712-12-30
69,Leucocytes,1713-12-30
69,Release A,1714-12-30
69,Return ER,1715-12-30
70,ER Registration,1700-12-30
70,ER Triage,1701-12-30
70,ER Sepsis Triage,1702-12-30
70,Leucocytes,1703-12-30
70,CRP,1704-12-30
70,Admission NC,1705-12-30
70,Release A,1706-12-30
71,ER Registration,1700-12-30
71,ER Triage,1701-12-30
71,ER Sepsis Triage,1702-12-30
71,IV Liquid,1703-12-30
71,IV Antibiotics,1704-12-30
71,Leucocytes,1705-12-30
71,CRP,1706-12-30
71,LacticAcid,1707-12-30
71,Admission NC,1708-12-30
71,CRP,1709-12-30
71,Admission NC,1710-12-30
71,CRP,1711-12-30
71,Release A,1712-12-30
71,Return ER,1713-12-30
72,ER Registration,1700-12-30
72,ER Triage,1701-12-30
72,ER Sepsis Triage,1702-12-30
72,Leucocytes,1703-12-30
72,LacticAcid,1704-12-30
72,CRP,1705-12-30
72,Admission NC,1706-12-30
72,Release A,1707-12-30
72,Return ER,1708-12-30
73,ER Registration,1700-12-30
73,ER Triage,1701-12-30
73,ER Sepsis Triage,1702-12-30
73,IV Liquid,1703-12-30
73,CRP,1704-12-30
73,LacticAcid,1705-12-30
73,Leucocytes,1706-12-30
73,IV Antibiotics,1707-12-30
73,Admission NC,1708-12-30
74,ER Registration,1700-12-30
74,ER Triage,1701-12-30
74,ER Sepsis Triage,1702-12-30
74,Leucocytes,1703-12-30
74,CRP,1704-12-30
74,LacticAcid,1705-12-30
74,IV Antibiotics,1706-12-30
74,Admission NC,1707-12-30
74,Admission NC,1708-12-30
74,CRP,1709-12-30
74,Leucocytes,1710-12-30
74,Release A,1711-12-30
74,Return ER,1712-12-30
75,ER Registration,1700-12-30
75,ER Triage,1701-12-30
75,ER Sepsis Triage,1702-12-30
75,CRP,1703-12-30
75,Leucocytes,1704-12-30
76,ER Registration,1700-12-30
76,ER Triage,1701-12-30
76,ER Sepsis Triage,1702-12-30
76,Leucocytes,1703-12-30
76,LacticAcid,1704-12-30
76,CRP,1705-12-30
76,IV Liquid,1706-12-30
76,IV Antibiotics,1707-12-30
76,Admission NC,1708-12-30
76,LacticAcid,1709-12-30
76,Release B,1710-12-30
77,ER Registration,1700-12-30
77,ER Triage,1701-12-30
77,ER Sepsis Triage,1702-12-30
77,CRP,1703-12-30
77,LacticAcid,1704-12-30
77,Leucocytes,1705-12-30
77,IV Antibiotics,1706-12-30
77,IV Liquid,1707-12-30
77,Admission NC,1708-12-30
77,Admission NC,1709-12-30
77,CRP,1710-12-30
77,Leucocytes,1711-12-30
77,Leucocytes,1712-12-30
77,CRP,1713-12-30
77,Release A,1714-12-30
78,ER Registration,1700-12-30
78,ER Triage,1701-12-30
78,ER Sepsis Triage,1702-12-30
78,Leucocytes,1703-12-30
78,LacticAcid,1704-12-30
78,CRP,1705-12-30
78,IV Antibiotics,1706-12-30
78,Admission NC,1707-12-30
78,IV Liquid,1708-12-30
78,Leucocytes,1709-12-30
78,CRP,1710-12-30
78,Leucocytes,1711-12-30
78,CRP,1712-12-30
78,Leucocytes,1713-12-30
78,Release A,1714-12-30
78,Return ER,1715-12-30
79,ER Registration,1700-12-30
79,ER Triage,1701-12-30
79,ER Sepsis Triage,1702-12-30
79,Leucocytes,1703-12-30
79,LacticAcid,1704-12-30
79,CRP,1705-12-30
79,IV Liquid,1706-12-30
79,IV Antibiotics,1707-12-30
79,Admission NC,1708-12-30
79,CRP,1709-12-30
79,Leucocytes,1710-12-30
79,Release A,1711-12-30
79,Return ER,1712-12-30
80,ER Registration,1700-12-30
80,ER Triage,1701-12-30
80,ER Sepsis Triage,1702-12-30
80,Leucocytes,1703-12-30
80,CRP,1704-12-30
81,ER Registration,1700-12-30
81,ER Triage,1701-12-30
81,ER Sepsis Triage,1702-12-30
81,IV Liquid,1703-12-30
81,IV Antibiotics,1704-12-30
81,CRP,1705-12-30
81,Leucocytes,1706-12-30
81,LacticAcid,1707-12-30
81,Admission NC,1708-12-30
81,Admission NC,1709-12-30
81,CRP,1710-12-30
81,Leucocytes,1711-12-30
81,Release D,1712-12-30
81,Return ER,1713-12-30
82,ER Registration,1700-12-30
82,ER Triage,1701-12-30
82,ER Sepsis Triage,1702-12-30
82,LacticAcid,1703-12-30
82,Leucocytes,1704-12-30
82,CRP,1705-12-30
82,IV Liquid,1706-12-30
82,IV Antibiotics,1707-12-30
82,Admission NC,1708-12-30
82,CRP,1709-12-30
82,Release A,1710-12-30
82,Return ER,1711-12-30
83,ER Registration,1700-12-30
83,ER Triage,1701-12-30
83,ER Sepsis Triage,1702-12-30
83,LacticAcid,1703-12-30
83,Leucocytes,1704-12-30
83,CRP,1705-12-30
83,IV Liquid,1706-12-30
83,IV Antibiotics,1707-12-30
83,Admission NC,1708-12-30
83,CRP,1709-12-30
83,Leucocytes,1710-12-30
83,Leucocytes,1711-12-30
83,CRP,1712-12-30
83,Leucocytes,1713-12-30
83,CRP,1714-12-30
83,Leucocytes,1715-12-30
83,Release A,1716-12-30
84,ER Registration,1700-12-30
84,ER Triage,1701-12-30
84,ER Sepsis Triage,1702-12-30
84,Leucocytes,1703-12-30
84,CRP,1704-12-30
84,Admission NC,1705-12-30
84,Release A,1706-12-30
85,ER Registration,1700-12-30
85,ER Triage,1701-12-30
85,ER Sepsis Triage,1702-12-30
85,IV Liquid,1703-12-30
85,IV Antibiotics,1704-12-30
85,Leucocytes,1705-12-30
85,CRP,1706-12-30
85,LacticAcid,1707-12-30
85,Admission NC,1708-12-30
85,CRP,1709-12-30
85,Leucocytes,1710-12-30
85,Release A,1711-12-30
86,ER Registration,1700-12-30
86,ER Triage,1701-12-30
86,ER Sepsis Triage,1702-12-30
86,Leucocytes,1703-12-30
86,CRP,1704-12-30
87,ER Triage,1700-12-30
87,ER Registration,1701-12-30
87,ER Sepsis Triage,1702-12-30
87,IV Liquid,1703-12-30
87,IV Antibiotics,1704-12-30
87,Leucocytes,1705-12-30
87,CRP,1706-12-30
87,LacticAcid,1707-12-30
87,Admission NC,1708-12-30
87,Leucocytes,1709-12-30
87,Release A,1710-12-30
87,Return ER,1711-12-30
88,ER Registration,1700-12-30
88,ER Triage,1701-12-30
88,ER Sepsis Triage,1702-12-30
88,IV Liquid,1703-12-30
88,IV Antibiotics,1704-12-30
88,Leucocytes,1705-12-30
88,CRP,1706-12-30
88,LacticAcid,1707-12-30
88,Admission NC,1708-12-30
88,CRP,1709-12-30
88,Leucocytes,1710-12-30
88,CRP,1711-12-30
88,Leucocytes,1712-12-30
88,Release A,1713-12-30
88,Return ER,1714-12-30
89,ER Registration,1700-12-30
89,ER Triage,1701-12-30
89,ER Sepsis Triage,1702-12-30
89,Leucocytes,1703-12-30
89,LacticAcid,1704-12-30
89,CRP,1705-12-30
89,IV Liquid,1706-12-30
89,IV Antibiotics,1707-12-30
89,Admission NC,1708-12-30
89,CRP,1709-12-30
89,Leucocytes,1710-12-30
89,CRP,1711-12-30
89,Release A,1712-12-30
90,ER Registration,1700-12-30
90,ER Triage,1701-12-30
90,ER Sepsis Triage,1702-12-30
90,CRP,1703-12-30
90,LacticAcid,1704-12-30
90,Leucocytes,1705-12-30
90,IV Antibiotics,1706-12-30
90,Admission NC,1707-12-30
90,Admission NC,1708-12-30
90,CRP,1709-12-30
90,CRP,1710-12-30
90,Leucocytes,1711-12-30
90,CRP,1712-12-30
90,CRP,1713-12-30
90,Leucocytes,1714-12-30
90,CRP,1715-12-30
90,Leucocytes,1716-12-30
90,CRP,1717-12-30
90,Leucocytes,1718-12-30
90,Release A,1719-12-30
90,Return ER,1720-12-30
91,ER Registration,1700-12-30
91,ER Triage,1701-12-30
91,ER Sepsis Triage,1702-12-30
91,IV Liquid,1703-12-30
91,Leucocytes,1704-12-30
91,CRP,1705-12-30
91,LacticAcid,1706-12-30
91,IV Antibiotics,1707-12-30
91,Admission NC,1708-12-30
91,Leucocytes,1709-12-30
91,CRP,1710-12-30
91,Leucocytes,1711-12-30
91,Release A,1712-12-30
91,Return ER,1713-12-30
92,ER Registration,1700-12-30
92,ER Triage,1701-12-30
92,ER Sepsis Triage,1702-12-30
92,Leucocytes,1703-12-30
92,CRP,1704-12-30
92,IV Antibiotics,1705-12-30
92,IV Liquid,1706-12-30
93,ER Registration,1700-12-30
93,ER Triage,1701-12-30
93,ER Sepsis Triage,1702-12-30
93,IV Liquid,1703-12-30
93,IV Antibiotics,1704-12-30
93,Leucocytes,1705-12-30
93,CRP,1706-12-30
93,CRP,1707-12-30
93,Leucocytes,1708-12-30
93,LacticAcid,1709-12-30
93,Admission IC,1710-12-30
93,CRP,1711-12-30
93,LacticAcid,1712-12-30
93,Leucocytes,1713-12-30
93,Leucocytes,1714-12-30
93,CRP,1715-12-30
93,LacticAcid,1716-12-30
93,Admission NC,1717-12-30
93,Leucocytes,1718-12-30
93,CRP,1719-12-30
93,Release A,1720-12-30
93,Return ER,1721-12-30
94,ER Registration,1700-12-30
94,ER Triage,1701-12-30
94,ER Sepsis Triage,1702-12-30
94,Leucocytes,1703-12-30
94,CRP,1704-12-30
95,ER Registration,1700-12-30
95,ER Triage,1701-12-30
95,ER Sepsis Triage,1702-12-30
95,Leucocytes,1703-12-30
95,CRP,1704-12-30
95,LacticAcid,1705-12-30
95,IV Liquid,1706-12-30
95,IV Antibiotics,1707-12-30
95,Admission NC,1708-12-30
95,CRP,1709-12-30
95,Leucocytes,1710-12-30
95,CRP,1711-12-30
95,Leucocytes,1712-12-30
95,CRP,1713-12-30
95,Release A,1714-12-30
96,ER Registration,1700-12-30
96,ER Triage,1701-12-30
96,ER Sepsis Triage,1702-12-30
96,CRP,1703-12-30
96,Leucocytes,1704-12-30
96,IV Liquid,1705-12-30
96,IV Antibiotics,1706-12-30
96,Admission NC,1707-12-30
96,Admission NC,1708-12-30
96,CRP,1709-12-30
96,CRP,1710-12-30
96,Release A,1711-12-30
96,Return ER,1712-12-30
97,ER Registration,1700-12-30
97,ER Triage,1701-12-30
97,ER Sepsis Triage,1702-12-30
97,CRP,1703-12-30
97,LacticAcid,1704-12-30
97,Leucocytes,1705-12-30
97,IV Antibiotics,1706-12-30
97,IV Liquid,1707-12-30
97,LacticAcid,1708-12-30
98,ER Registration,1700-12-30
98,IV Liquid,1701-12-30
98,ER Triage,1702-12-30
98,ER Sepsis Triage,1703-12-30
98,IV Antibiotics,1704-12-30
98,CRP,1705-12-30
98,LacticAcid,1706-12-30
98,Leucocytes,1707-12-30
98,Admission IC,1708-12-30
98,CRP,1709-12-30
98,LacticAcid,1710-12-30
98,Leucocytes,1711-12-30
98,CRP,1712-12-30
98,Leucocytes,1713-12-30
98,LacticAcid,1714-12-30
98,LacticAcid,1715-12-30
98,CRP,1716-12-30
98,Leucocytes,1717-12-30
98,Leucocytes,1718-12-30
98,CRP,1719-12-30
98,LacticAcid,1720-12-30
98,Admission NC,1721-12-30
98,Release A,1722-12-30
98,Return ER,1723-12-30
99,ER Registration,1700-12-30
99,ER Triage,1701-12-30
99,ER Sepsis Triage,1702-12-30
99,IV Liquid,1703-12-30
99,Leucocytes,1704-12-30
99,CRP,1705-12-30
99,IV Antibiotics,1706-12-30
99,Admission NC,1707-12-30
99,Admission IC,1708-12-30
99,LacticAcid,1709-12-30
99,CRP,1710-12-30
99,Leucocytes,1711-12-30
99,Leucocytes,1712-12-30
99,CRP,1713-12-30
99,LacticAcid,1714-12-30
99,LacticAcid,1715-12-30
99,Leucocytes,1716-12-30
99,LacticAcid,1717-12-30
99,CRP,1718-12-30
99,Leucocytes,1719-12-30
99,LacticAcid,1720-12-30
99,LacticAcid,1721-12-30
99,Leucocytes,1722-12-30
99,LacticAcid,1723-12-30
99,CRP,1724-12-30
99,Admission NC,1725-12-30
99,Leucocytes,1726-12-30
99,CRP,1727-12-30
99,Leucocytes,1728-12-30
99,CRP,1729-12-30
99,Release A,1730-12-30
99,Return ER,1731-12-30
100,ER Registration,1700-12-30
100,ER Triage,1701-12-30
100,ER Sepsis Triage,1702-12-30
100,LacticAcid,1703-12-30
100,Leucocytes,1704-12-30
100,CRP,1705-12-30
100,IV Antibiotics,1706-12-30
100,IV Liquid,1707-12-30
100,Admission NC,1708-12-30
100,CRP,1709-12-30
100,Leucocytes,1710-12-30
100,CRP,1711-12-30
100,Release A,1712-12-30
101,IV Liquid,1700-12-30
101,ER Registration,1701-12-30
101,ER Triage,1702-12-30
101,ER Sepsis Triage,1703-12-30
101,LacticAcid,1704-12-30
101,CRP,1705-12-30
101,Leucocytes,1706-12-30
101,IV Antibiotics,1707-12-30
101,Admission NC,1708-12-30
101,Admission NC,1709-12-30
101,Release A,1710-12-30
101,Return ER,1711-12-30
102,ER Registration,1700-12-30
102,ER Triage,1701-12-30
102,ER Sepsis Triage,1702-12-30
102,IV Liquid,1703-12-30
102,IV Antibiotics,1704-12-30
102,LacticAcid,1705-12-30
102,Leucocytes,1706-12-30
102,CRP,1707-12-30
103,CRP,1700-12-30
103,Leucocytes,1701-12-30
103,ER Registration,1702-12-30
103,ER Triage,1703-12-30
103,Leucocytes,1704-12-30
103,CRP,1705-12-30
103,ER Sepsis Triage,1706-12-30
103,IV Liquid,1707-12-30
103,IV Antibiotics,1708-12-30
104,ER Registration,1700-12-30
104,LacticAcid,1701-12-30
104,CRP,1702-12-30
104,Leucocytes,1703-12-30
104,ER Triage,1704-12-30
104,ER Sepsis Triage,1705-12-30
104,LacticAcid,1706-12-30
104,LacticAcid,1707-12-30
104,IV Liquid,1708-12-30
104,IV Antibiotics,1709-12-30
105,ER Registration,1700-12-30
105,ER Triage,1701-12-30
105,ER Sepsis Triage,1702-12-30
105,LacticAcid,1703-12-30
105,CRP,1704-12-30
105,Leucocytes,1705-12-30
105,IV Liquid,1706-12-30
105,IV Antibiotics,1707-12-30
105,Admission NC,1708-12-30
105,Admission IC,1709-12-30
105,Leucocytes,1710-12-30
105,LacticAcid,1711-12-30
105,CRP,1712-12-30
105,LacticAcid,1713-12-30
105,Leucocytes,1714-12-30
105,CRP,1715-12-30
105,Leucocytes,1716-12-30
105,CRP,1717-12-30
105,LacticAcid,1718-12-30
105,CRP,1719-12-30
105,LacticAcid,1720-12-30
105,Leucocytes,1721-12-30
105,Admission NC,1722-12-30
105,CRP,1723-12-30
105,Leucocytes,1724-12-30
105,Leucocytes,1725-12-30
105,CRP,1726-12-30
105,Release A,1727-12-30
105,Return ER,1728-12-30
106,ER Registration,1700-12-30
106,ER Triage,1701-12-30
106,IV Liquid,1702-12-30
106,ER Sepsis Triage,1703-12-30
106,CRP,1704-12-30
106,LacticAcid,1705-12-30
106,Leucocytes,1706-12-30
106,IV Antibiotics,1707-12-30
106,Admission NC,1708-12-30
106,Leucocytes,1709-12-30
106,CRP,1710-12-30
106,Release A,1711-12-30
107,ER Registration,1700-12-30
107,ER Triage,1701-12-30
107,ER Sepsis Triage,1702-12-30
107,Leucocytes,1703-12-30
107,LacticAcid,1704-12-30
107,CRP,1705-12-30
107,IV Liquid,1706-12-30
107,IV Antibiotics,1707-12-30
108,ER Registration,1700-12-30
108,ER Triage,1701-12-30
108,ER Sepsis Triage,1702-12-30
108,Leucocytes,1703-12-30
108,CRP,1704-12-30
108,LacticAcid,1705-12-30
108,Admission NC,1706-12-30
108,Release B,1707-12-30
109,ER Registration,1700-12-30
109,ER Triage,1701-12-30
109,ER Sepsis Triage,1702-12-30
109,Leucocytes,1703-12-30
109,CRP,1704-12-30
109,LacticAcid,1705-12-30
109,IV Liquid,1706-12-30
109,IV Antibiotics,1707-12-30
109,Admission NC,1708-12-30
109,Leucocytes,1709-12-30
109,Admission NC,1710-12-30
109,Leucocytes,1711-12-30
109,Leucocytes,1712-12-30
109,CRP,1713-12-30
109,CRP,1714-12-30
109,CRP,1715-12-30
109,Leucocytes,1716-12-30
109,Leucocytes,1717-12-30
109,Leucocytes,1718-12-30
109,Leucocytes,1719-12-30
109,Leucocytes,1720-12-30
109,CRP,1721-12-30
109,Admission NC,1722-12-30
109,Admission NC,1723-12-30
109,Leucocytes,1724-12-30
109,Leucocytes,1725-12-30
109,CRP,1726-12-30
109,CRP,1727-12-30
109,Leucocytes,1728-12-30
109,CRP,1729-12-30
109,Leucocytes,1730-12-30
109,Release A,1731-12-30
109,Return ER,1732-12-30
110,ER Registration,1700-12-30
110,ER Triage,1701-12-30
110,ER Sepsis Triage,1702-12-30
110,CRP,1703-12-30
110,Leucocytes,1704-12-30
110,LacticAcid,1705-12-30
110,IV Liquid,1706-12-30
110,IV Antibiotics,1707-12-30
110,CRP,1708-12-30
110,Leucocytes,1709-12-30
110,LacticAcid,1710-12-30
111,ER Registration,1700-12-30
111,ER Triage,1701-12-30
111,ER Sepsis Triage,1702-12-30
111,Leucocytes,1703-12-30
111,LacticAcid,1704-12-30
111,CRP,1705-12-30
111,IV Liquid,1706-12-30
111,IV Antibiotics,1707-12-30
111,Admission NC,1708-12-30
111,Leucocytes,1709-12-30
111,CRP,1710-12-30
111,Leucocytes,1711-12-30
111,CRP,1712-12-30
111,Release C,1713-12-30
112,ER Registration,1700-12-30
112,ER Triage,1701-12-30
112,Leucocytes,1702-12-30
112,CRP,1703-12-30
112,LacticAcid,1704-12-30
112,ER Sepsis Triage,1705-12-30
112,IV Liquid,1706-12-30
112,IV Antibiotics,1707-12-30
112,Admission IC,1708-12-30
112,Admission IC,1709-12-30
112,Leucocytes,1710-12-30
112,CRP,1711-12-30
112,LacticAcid,1712-12-30
112,Leucocytes,1713-12-30
112,CRP,1714-12-30
112,LacticAcid,1715-12-30
112,Leucocytes,1716-12-30
112,Leucocytes,1717-12-30
112,CRP,1718-12-30
112,LacticAcid,1719-12-30
112,LacticAcid,1720-12-30
112,CRP,1721-12-30
112,LacticAcid,1722-12-30
112,Leucocytes,1723-12-30
112,LacticAcid,1724-12-30
112,Leucocytes,1725-12-30
112,CRP,1726-12-30
112,Leucocytes,1727-12-30
112,LacticAcid,1728-12-30
112,CRP,1729-12-30
112,Admission NC,1730-12-30
112,Release A,1731-12-30
113,ER Registration,1700-12-30
113,ER Triage,1701-12-30
113,ER Sepsis Triage,1702-12-30
114,ER Registration,1700-12-30
114,LacticAcid,1701-12-30
114,Leucocytes,1702-12-30
114,CRP,1703-12-30
114,ER Triage,1704-12-30
114,ER Sepsis Triage,1705-12-30
114,IV Liquid,1706-12-30
114,IV Antibiotics,1707-12-30
114,Admission NC,1708-12-30
114,Admission NC,1709-12-30
114,Leucocytes,1710-12-30
114,CRP,1711-12-30
114,Release A,1712-12-30
114,Return ER,1713-12-30
115,ER Sepsis Triage,1700-12-30
115,ER Registration,1701-12-30
115,ER Triage,1702-12-30
115,Leucocytes,1703-12-30
115,CRP,1704-12-30
115,LacticAcid,1705-12-30
115,IV Liquid,1706-12-30
115,IV Antibiotics,1707-12-30
115,Admission IC,1708-12-30
115,LacticAcid,1709-12-30
115,CRP,1710-12-30
115,CRP,1711-12-30
115,LacticAcid,1712-12-30
115,Leucocytes,1713-12-30
115,Admission NC,1714-12-30
115,Release A,1715-12-30
115,Return ER,1716-12-30
116,ER Registration,1700-12-30
116,ER Triage,1701-12-30
116,ER Sepsis Triage,1702-12-30
116,IV Liquid,1703-12-30
116,CRP,1704-12-30
116,LacticAcid,1705-12-30
116,Leucocytes,1706-12-30
116,IV Antibiotics,1707-12-30
116,Admission NC,1708-12-30
116,Leucocytes,1709-12-30
116,CRP,1710-12-30
116,Leucocytes,1711-12-30
116,CRP,1712-12-30
116,Release A,1713-12-30
117,ER Registration,1700-12-30
117,ER Triage,1701-12-30
117,CRP,1702-12-30
117,LacticAcid,1703-12-30
117,Leucocytes,1704-12-30
117,ER Sepsis Triage,1705-12-30
117,IV Liquid,1706-12-30
117,IV Antibiotics,1707-12-30
117,Admission NC,1708-12-30
117,Leucocytes,1709-12-30
117,CRP,1710-12-30
117,CRP,1711-12-30
117,Leucocytes,1712-12-30
117,Release A,1713-12-30
117,Return ER,1714-12-30
118,ER Registration,1700-12-30
118,ER Triage,1701-12-30
118,ER Sepsis Triage,1702-12-30
118,CRP,1703-12-30
118,Leucocytes,1704-12-30
118,LacticAcid,1705-12-30
118,IV Antibiotics,1706-12-30
118,Admission NC,1707-12-30
118,Admission NC,1708-12-30
118,IV Liquid,1709-12-30
118,CRP,1710-12-30
118,Leucocytes,1711-12-30
118,Leucocytes,1712-12-30
118,CRP,1713-12-30
118,Leucocytes,1714-12-30
118,Release A,1715-12-30
119,ER Registration,1700-12-30
119,CRP,1701-12-30
119,Leucocytes,1702-12-30
119,ER Triage,1703-12-30
119,ER Sepsis Triage,1704-12-30
119,IV Liquid,1705-12-30
119,IV Antibiotics,1706-12-30
119,Admission IC,1707-12-30
119,LacticAcid,1708-12-30
119,CRP,1709-12-30
119,Leucocytes,1710-12-30
119,LacticAcid,1711-12-30
119,LacticAcid,1712-12-30
119,Leucocytes,1713-12-30
119,CRP,1714-12-30
119,CRP,1715-12-30
119,Leucocytes,1716-12-30
119,LacticAcid,1717-12-30
119,Leucocytes,1718-12-30
119,CRP,1719-12-30
119,LacticAcid,1720-12-30
119,CRP,1721-12-30
119,LacticAcid,1722-12-30
119,Leucocytes,1723-12-30
119,Leucocytes,1724-12-30
119,CRP,1725-12-30
119,LacticAcid,1726-12-30
119,Leucocytes,1727-12-30
119,LacticAcid,1728-12-30
119,CRP,1729-12-30
119,CRP,1730-12-30
119,LacticAcid,1731-12-30
119,Leucocytes,1732-12-30
119,Leucocytes,1733-12-30
119,CRP,1734-12-30
119,LacticAcid,1735-12-30
119,CRP,1736-12-30
119,Leucocytes,1737-12-30
119,LacticAcid,1738-12-30
119,CRP,1739-12-30
119,Leucocytes,1740-12-30
119,LacticAcid,1741-12-30
119,LacticAcid,1742-12-30
119,Leucocytes,1743-12-30
119,CRP,1744-12-30
119,LacticAcid,1745-12-30
119,CRP,1746-12-30
119,Leucocytes,1747-12-30
119,Leucocytes,1748-12-30
119,CRP,1749-12-30
119,LacticAcid,1750-12-30
119,LacticAcid,1751-12-30
119,Leucocytes,1752-12-30
119,CRP,1753-12-30
119,CRP,1754-12-30
119,Leucocytes,1755-12-30
119,LacticAcid,1756-12-30
119,Leucocytes,1757-12-30
119,CRP,1758-12-30
119,LacticAcid,1759-12-30
119,CRP,1760-12-30
119,LacticAcid,1761-12-30
119,Leucocytes,1762-12-30
119,LacticAcid,1763-12-30
119,CRP,1764-12-30
119,Leucocytes,1765-12-30
119,Leucocytes,1766-12-30
119,CRP,1767-12-30
119,LacticAcid,1768-12-30
119,LacticAcid,1769-12-30
119,CRP,1770-12-30
119,Leucocytes,1771-12-30
119,LacticAcid,1772-12-30
119,Leucocytes,1773-12-30
119,CRP,1774-12-30
119,Leucocytes,1775-12-30
119,CRP,1776-12-30
119,LacticAcid,1777-12-30
119,Leucocytes,1778-12-30
119,LacticAcid,1779-12-30
119,CRP,1780-12-30
119,CRP,1781-12-30
119,Leucocytes,1782-12-30
119,LacticAcid,1783-12-30
119,CRP,1784-12-30
119,LacticAcid,1785-12-30
119,Leucocytes,1786-12-30
119,Leucocytes,1787-12-30
119,CRP,1788-12-30
119,Leucocytes,1789-12-30
119,LacticAcid,1790-12-30
119,Leucocytes,1791-12-30
119,CRP,1792-12-30
119,LacticAcid,1793-12-30
119,Leucocytes,1794-12-30
119,LacticAcid,1795-12-30
119,CRP,1796-12-30
119,LacticAcid,1797-12-30
119,Leucocytes,1798-12-30
119,CRP,1799-12-30
119,CRP,1800-12-30
119,LacticAcid,1801-12-30
119,Leucocytes,1802-12-30
119,Leucocytes,1803-12-30
119,CRP,1804-12-30
119,LacticAcid,1805-12-30
119,LacticAcid,1806-12-30
119,LacticAcid,1807-12-30
119,CRP,1808-12-30
119,Leucocytes,1809-12-30
119,Leucocytes,1810-12-30
119,Leucocytes,1811-12-30
119,CRP,1812-12-30
119,LacticAcid,1813-12-30
119,CRP,1814-12-30
119,LacticAcid,1815-12-30
119,Leucocytes,1816-12-30
119,Release B,1817-12-30
120,ER Registration,1700-12-30
120,Leucocytes,1701-12-30
120,LacticAcid,1702-12-30
120,CRP,1703-12-30
120,ER Triage,1704-12-30
120,ER Sepsis Triage,1705-12-30
120,IV Liquid,1706-12-30
120,IV Antibiotics,1707-12-30
120,Leucocytes,1708-12-30
121,ER Registration,1700-12-30
121,ER Triage,1701-12-30
121,ER Sepsis Triage,1702-12-30
121,CRP,1703-12-30
121,LacticAcid,1704-12-30
121,Leucocytes,1705-12-30
121,IV Antibiotics,1706-12-30
121,Admission NC,1707-12-30
121,Admission NC,1708-12-30
121,CRP,1709-12-30
121,Leucocytes,1710-12-30
121,Release B,1711-12-30
122,ER Registration,1700-12-30
122,ER Triage,1701-12-30
122,ER Sepsis Triage,1702-12-30
122,Leucocytes,1703-12-30
122,CRP,1704-12-30
122,IV Liquid,1705-12-30
122,IV Antibiotics,1706-12-30
123,ER Registration,1700-12-30
123,ER Triage,1701-12-30
123,CRP,1702-12-30
123,LacticAcid,1703-12-30
123,Leucocytes,1704-12-30
123,ER Sepsis Triage,1705-12-30
123,IV Antibiotics,1706-12-30
123,IV Liquid,1707-12-30
123,Admission NC,1708-12-30
123,Leucocytes,1709-12-30
123,CRP,1710-12-30
123,Leucocytes,1711-12-30
123,CRP,1712-12-30
123,Release A,1713-12-30
124,ER Registration,1700-12-30
124,ER Triage,1701-12-30
124,ER Sepsis Triage,1702-12-30
124,Leucocytes,1703-12-30
124,CRP,1704-12-30
124,IV Antibiotics,1705-12-30
124,Admission NC,1706-12-30
124,LacticAcid,1707-12-30
124,Admission NC,1708-12-30
124,Admission NC,1709-12-30
124,IV Liquid,1710-12-30
124,Leucocytes,1711-12-30
124,CRP,1712-12-30
124,CRP,1713-12-30
124,Leucocytes,1714-12-30
124,Release B,1715-12-30
125,ER Registration,1700-12-30
125,ER Triage,1701-12-30
125,ER Sepsis Triage,1702-12-30
125,CRP,1703-12-30
125,LacticAcid,1704-12-30
125,Leucocytes,1705-12-30
125,IV Liquid,1706-12-30
125,IV Antibiotics,1707-12-30
125,Admission NC,1708-12-30
125,LacticAcid,1709-12-30
125,Leucocytes,1710-12-30
125,CRP,1711-12-30
125,Admission NC,1712-12-30
125,Leucocytes,1713-12-30
125,CRP,1714-12-30
125,CRP,1715-12-30
125,Leucocytes,1716-12-30
125,Leucocytes,1717-12-30
125,CRP,1718-12-30
125,CRP,1719-12-30
125,Leucocytes,1720-12-30
125,CRP,1721-12-30
125,CRP,1722-12-30
125,CRP,1723-12-30
125,Leucocytes,1724-12-30
125,CRP,1725-12-30
125,Leucocytes,1726-12-30
125,CRP,1727-12-30
125,CRP,1728-12-30
125,Release D,1729-12-30
125,Return ER,1730-12-30
126,ER Registration,1700-12-30
126,Leucocytes,1701-12-30
126,LacticAcid,1702-12-30
126,CRP,1703-12-30
126,ER Triage,1704-12-30
126,ER Sepsis Triage,1705-12-30
126,IV Antibiotics,1706-12-30
126,Admission NC,1707-12-30
126,Admission NC,1708-12-30
126,IV Liquid,1709-12-30
126,Release A,1710-12-30
127,ER Registration,1700-12-30
127,ER Triage,1701-12-30
127,ER Sepsis Triage,1702-12-30
128,ER Registration,1700-12-30
128,IV Liquid,1701-12-30
128,ER Triage,1702-12-30
128,ER Sepsis Triage,1703-12-30
128,IV Antibiotics,1704-12-30
128,CRP,1705-12-30
128,LacticAcid,1706-12-30
128,Leucocytes,1707-12-30
128,Admission NC,1708-12-30
128,Release A,1709-12-30
129,ER Registration,1700-12-30
129,ER Triage,1701-12-30
129,ER Sepsis Triage,1702-12-30
129,LacticAcid,1703-12-30
129,Leucocytes,1704-12-30
129,CRP,1705-12-30
129,IV Liquid,1706-12-30
129,IV Antibiotics,1707-12-30
130,ER Registration,1700-12-30
130,ER Triage,1701-12-30
130,ER Sepsis Triage,1702-12-30
130,CRP,1703-12-30
130,Leucocytes,1704-12-30
130,Admission NC,1705-12-30
130,Release A,1706-12-30
131,ER Registration,1700-12-30
131,ER Triage,1701-12-30
131,ER Sepsis Triage,1702-12-30
131,Leucocytes,1703-12-30
131,CRP,1704-12-30
131,LacticAcid,1705-12-30
131,IV Liquid,1706-12-30
131,IV Antibiotics,1707-12-30
131,Admission NC,1708-12-30
131,Leucocytes,1709-12-30
131,CRP,1710-12-30
131,Admission IC,1711-12-30
131,Leucocytes,1712-12-30
131,LacticAcid,1713-12-30
131,CRP,1714-12-30
131,Admission NC,1715-12-30
131,Release A,1716-12-30
131,Return ER,1717-12-30
132,ER Registration,1700-12-30
132,ER Triage,1701-12-30
132,ER Sepsis Triage,1702-12-30
132,Leucocytes,1703-12-30
132,CRP,1704-12-30
132,LacticAcid,1705-12-30
132,IV Antibiotics,1706-12-30
132,IV Liquid,1707-12-30
132,Admission NC,1708-12-30
132,Leucocytes,1709-12-30
132,Admission NC,1710-12-30
132,CRP,1711-12-30
132,Leucocytes,1712-12-30
132,Release A,1713-12-30
132,Return ER,1714-12-30
133,ER Registration,1700-12-30
133,ER Triage,1701-12-30
133,ER Sepsis Triage,1702-12-30
133,Leucocytes,1703-12-30
133,LacticAcid,1704-12-30
133,CRP,1705-12-30
133,IV Liquid,1706-12-30
133,IV Antibiotics,1707-12-30
133,Admission NC,1708-12-30
133,Admission NC,1709-12-30
133,Release A,1710-12-30
134,ER Registration,1700-12-30
134,ER Triage,1701-12-30
134,ER Sepsis Triage,1702-12-30
134,CRP,1703-12-30
134,Leucocytes,1704-12-30
135,ER Registration,1700-12-30
135,ER Triage,1701-12-30
135,ER Sepsis Triage,1702-12-30
135,Leucocytes,1703-12-30
135,CRP,1704-12-30
135,Admission NC,1705-12-30
135,Release A,1706-12-30
136,ER Registration,1700-12-30
136,ER Triage,1701-12-30
136,Leucocytes,1702-12-30
136,LacticAcid,1703-12-30
136,CRP,1704-12-30
136,ER Sepsis Triage,1705-12-30
136,Admission NC,1706-12-30
136,CRP,1707-12-30
136,Leucocytes,1708-12-30
136,CRP,1709-12-30
136,Leucocytes,1710-12-30
136,CRP,1711-12-30
136,Leucocytes,1712-12-30
136,CRP,1713-12-30
136,Leucocytes,1714-12-30
136,Release A,1715-12-30
136,Return ER,1716-12-30
137,ER Registration,1700-12-30
137,ER Triage,1701-12-30
137,ER Sepsis Triage,1702-12-30
137,Leucocytes,1703-12-30
137,LacticAcid,1704-12-30
137,CRP,1705-12-30
137,IV Liquid,1706-12-30
137,IV Antibiotics,1707-12-30
137,Admission NC,1708-12-30
137,Admission NC,1709-12-30
137,Leucocytes,1710-12-30
137,CRP,1711-12-30
137,CRP,1712-12-30
137,Leucocytes,1713-12-30
137,Release A,1714-12-30
138,ER Registration,1700-12-30
138,ER Triage,1701-12-30
138,ER Sepsis Triage,1702-12-30
138,CRP,1703-12-30
138,LacticAcid,1704-12-30
138,Leucocytes,1705-12-30
138,IV Liquid,1706-12-30
138,IV Antibiotics,1707-12-30
138,Admission NC,1708-12-30
138,Leucocytes,1709-12-30
138,CRP,1710-12-30
138,Admission NC,1711-12-30
138,Leucocytes,1712-12-30
138,CRP,1713-12-30
138,CRP,1714-12-30
138,CRP,1715-12-30
138,Release A,1716-12-30
139,ER Registration,1700-12-30
139,ER Triage,1701-12-30
139,ER Sepsis Triage,1702-12-30
139,Leucocytes,1703-12-30
139,CRP,1704-12-30
139,Admission NC,1705-12-30
139,Release A,1706-12-30
140,ER Registration,1700-12-30
140,ER Triage,1701-12-30
140,ER Sepsis Triage,1702-12-30
140,Leucocytes,1703-12-30
140,CRP,1704-12-30
140,LacticAcid,1705-12-30
140,IV Antibiotics,1706-12-30
140,IV Liquid,1707-12-30
140,Admission NC,1708-12-30
140,Admission NC,1709-12-30
140,Leucocytes,1710-12-30
140,CRP,1711-12-30
140,CRP,1712-12-30
140,Leucocytes,1713-12-30
140,Release A,1714-12-30
140,Return ER,1715-12-30
141,ER Registration,1700-12-30
141,ER Triage,1701-12-30
141,ER Sepsis Triage,1702-12-30
141,CRP,1703-12-30
141,LacticAcid,1704-12-30
141,Leucocytes,1705-12-30
141,IV Antibiotics,1706-12-30
141,IV Liquid,1707-12-30
141,Admission NC,1708-12-30
141,Leucocytes,1709-12-30
141,CRP,1710-12-30
141,Admission NC,1711-12-30
141,Leucocytes,1712-12-30
141,CRP,1713-12-30
141,Release A,1714-12-30
141,Return ER,1715-12-30
142,ER Registration,1700-12-30
142,ER Triage,1701-12-30
142,ER Sepsis Triage,1702-12-30
142,CRP,1703-12-30
142,Leucocytes,1704-12-30
142,LacticAcid,1705-12-30
142,IV Antibiotics,1706-12-30
142,IV Liquid,1707-12-30
142,Admission NC,1708-12-30
142,Leucocytes,1709-12-30
142,CRP,1710-12-30
142,Release B,1711-12-30
143,ER Registration,1700-12-30
143,ER Triage,1701-12-30
143,CRP,1702-12-30
143,LacticAcid,1703-12-30
143,Leucocytes,1704-12-30
143,ER Sepsis Triage,1705-12-30
143,IV Liquid,1706-12-30
143,IV Antibiotics,1707-12-30
143,Admission NC,1708-12-30
143,CRP,1709-12-30
143,Leucocytes,1710-12-30
143,CRP,1711-12-30
143,Leucocytes,1712-12-30
143,Release A,1713-12-30
143,Return ER,1714-12-30
144,ER Registration,1700-12-30
144,ER Triage,1701-12-30
144,ER Sepsis Triage,1702-12-30
144,CRP,1703-12-30
144,Leucocytes,1704-12-30
145,ER Registration,1700-12-30
145,ER Triage,1701-12-30
145,ER Sepsis Triage,1702-12-30
146,ER Registration,1700-12-30
146,ER Triage,1701-12-30
146,ER Sepsis Triage,1702-12-30
146,IV Liquid,1703-12-30
146,IV Antibiotics,1704-12-30
146,CRP,1705-12-30
146,Leucocytes,1706-12-30
146,LacticAcid,1707-12-30
147,ER Registration,1700-12-30
147,ER Triage,1701-12-30
147,ER Sepsis Triage,1702-12-30
147,Leucocytes,1703-12-30
147,LacticAcid,1704-12-30
147,CRP,1705-12-30
147,IV Liquid,1706-12-30
147,IV Antibiotics,1707-12-30
147,Admission IC,1708-12-30
147,CRP,1709-12-30
147,LacticAcid,1710-12-30
147,Leucocytes,1711-12-30
147,Admission NC,1712-12-30
147,CRP,1713-12-30
147,Leucocytes,1714-12-30
147,CRP,1715-12-30
147,Leucocytes,1716-12-30
147,Leucocytes,1717-12-30
147,CRP,1718-12-30
147,Release A,1719-12-30
147,Return ER,1720-12-30
148,ER Registration,1700-12-30
148,ER Triage,1701-12-30
148,ER Sepsis Triage,1702-12-30
148,IV Liquid,1703-12-30
148,CRP,1704-12-30
148,Leucocytes,1705-12-30
148,LacticAcid,1706-12-30
148,IV Antibiotics,1707-12-30
149,ER Registration,1700-12-30
149,ER Triage,1701-12-30
149,ER Sepsis Triage,1702-12-30
149,IV Liquid,1703-12-30
149,CRP,1704-12-30
149,LacticAcid,1705-12-30
149,Leucocytes,1706-12-30
149,IV Antibiotics,1707-12-30
149,Admission NC,1708-12-30
149,Release A,1709-12-30
150,ER Registration,1700-12-30
150,ER Triage,1701-12-30
150,CRP,1702-12-30
150,Leucocytes,1703-12-30
150,ER Sepsis Triage,1704-12-30
151,ER Registration,1700-12-30
151,ER Triage,1701-12-30
151,ER Sepsis Triage,1702-12-30
151,IV Liquid,1703-12-30
151,IV Antibiotics,1704-12-30
151,Leucocytes,1705-12-30
151,CRP,1706-12-30
151,LacticAcid,1707-12-30
151,Admission NC,1708-12-30
151,CRP,1709-12-30
151,Leucocytes,1710-12-30
151,Admission NC,1711-12-30
151,CRP,1712-12-30
151,Leucocytes,1713-12-30
151,Leucocytes,1714-12-30
151,CRP,1715-12-30
151,Leucocytes,1716-12-30
151,CRP,1717-12-30
151,Release A,1718-12-30
152,ER Registration,1700-12-30
152,ER Triage,1701-12-30
152,ER Sepsis Triage,1702-12-30
152,LacticAcid,1703-12-30
152,CRP,1704-12-30
152,Leucocytes,1705-12-30
152,IV Liquid,1706-12-30
152,IV Antibiotics,1707-12-30
152,Admission IC,1708-12-30
152,Leucocytes,1709-12-30
152,CRP,1710-12-30
152,LacticAcid,1711-12-30
152,LacticAcid,1712-12-30
152,CRP,1713-12-30
152,Leucocytes,1714-12-30
152,CRP,1715-12-30
152,LacticAcid,1716-12-30
152,Leucocytes,1717-12-30
152,Release A,1718-12-30
153,ER Registration,1700-12-30
153,ER Triage,1701-12-30
153,CRP,1702-12-30
153,LacticAcid,1703-12-30
153,Leucocytes,1704-12-30
153,ER Sepsis Triage,1705-12-30
153,Admission IC,1706-12-30
153,LacticAcid,1707-12-30
153,Leucocytes,1708-12-30
153,CRP,1709-12-30
153,LacticAcid,1710-12-30
153,Leucocytes,1711-12-30
153,CRP,1712-12-30
153,LacticAcid,1713-12-30
153,Admission NC,1714-12-30
153,Release A,1715-12-30
153,Return ER,1716-12-30
154,ER Registration,1700-12-30
154,ER Triage,1701-12-30
154,ER Sepsis Triage,1702-12-30
154,IV Liquid,1703-12-30
154,IV Antibiotics,1704-12-30
154,Leucocytes,1705-12-30
154,LacticAcid,1706-12-30
154,CRP,1707-12-30
155,ER Registration,1700-12-30
155,ER Triage,1701-12-30
155,ER Sepsis Triage,1702-12-30
155,LacticAcid,1703-12-30
155,Leucocytes,1704-12-30
155,CRP,1705-12-30
155,IV Liquid,1706-12-30
155,IV Antibiotics,1707-12-30
155,Admission NC,1708-12-30
155,Admission NC,1709-12-30
155,Leucocytes,1710-12-30
155,CRP,1711-12-30
155,Release A,1712-12-30
156,ER Registration,1700-12-30
156,ER Triage,1701-12-30
156,ER Sepsis Triage,1702-12-30
156,Leucocytes,1703-12-30
156,LacticAcid,1704-12-30
156,CRP,1705-12-30
156,IV Liquid,1706-12-30
156,IV Antibiotics,1707-12-30
156,Admission NC,1708-12-30
156,Leucocytes,1709-12-30
156,Leucocytes,1710-12-30
156,CRP,1711-12-30
156,Leucocytes,1712-12-30
156,Leucocytes,1713-12-30
156,CRP,1714-12-30
156,Release B,1715-12-30
157,ER Registration,1700-12-30
157,CRP,1701-12-30
157,Leucocytes,1702-12-30
157,ER Triage,1703-12-30
157,ER Sepsis Triage,1704-12-30
157,LacticAcid,1705-12-30
157,IV Liquid,1706-12-30
157,IV Antibiotics,1707-12-30
157,Admission NC,1708-12-30
157,CRP,1709-12-30
157,Leucocytes,1710-12-30
157,Leucocytes,1711-12-30
157,CRP,1712-12-30
157,CRP,1713-12-30
157,Leucocytes,1714-12-30
157,Release A,1715-12-30
157,Return ER,1716-12-30
158,ER Registration,1700-12-30
158,ER Triage,1701-12-30
158,ER Sepsis Triage,1702-12-30
158,IV Liquid,1703-12-30
158,Leucocytes,1704-12-30
158,CRP,1705-12-30
158,LacticAcid,1706-12-30
158,IV Antibiotics,1707-12-30
158,Admission NC,1708-12-30
158,Leucocytes,1709-12-30
158,CRP,1710-12-30
158,Release A,1711-12-30
158,Return ER,1712-12-30
159,ER Registration,1700-12-30
159,ER Triage,1701-12-30
159,ER Sepsis Triage,1702-12-30
159,LacticAcid,1703-12-30
159,CRP,1704-12-30
159,Leucocytes,1705-12-30
159,IV Antibiotics,1706-12-30
159,Admission NC,1707-12-30
159,CRP,1708-12-30
159,Leucocytes,1709-12-30
159,CRP,1710-12-30
159,Leucocytes,1711-12-30
159,Leucocytes,1712-12-30
159,CRP,1713-12-30
159,Leucocytes,1714-12-30
159,CRP,1715-12-30
159,CRP,1716-12-30
159,Leucocytes,1717-12-30
159,Leucocytes,1718-12-30
159,CRP,1719-12-30
159,Leucocytes,1720-12-30
159,CRP,1721-12-30
159,CRP,1722-12-30
159,CRP,1723-12-30
159,Leucocytes,1724-12-30
159,Release A,1725-12-30
159,Return ER,1726-12-30
160,ER Registration,1700-12-30
160,ER Triage,1701-12-30
160,CRP,1702-12-30
160,Leucocytes,1703-12-30
160,ER Sepsis Triage,1704-12-30
161,ER Registration,1700-12-30
161,LacticAcid,1701-12-30
161,CRP,1702-12-30
161,Leucocytes,1703-12-30
161,ER Triage,1704-12-30
161,ER Sepsis Triage,1705-12-30
161,IV Antibiotics,1706-12-30
161,IV Liquid,1707-12-30
161,Admission NC,1708-12-30
161,Leucocytes,1709-12-30
161,CRP,1710-12-30
161,Leucocytes,1711-12-30
161,CRP,1712-12-30
161,Release A,1713-12-30
162,ER Registration,1700-12-30
162,ER Triage,1701-12-30
162,ER Sepsis Triage,1702-12-30
162,CRP,1703-12-30
162,Leucocytes,1704-12-30
162,LacticAcid,1705-12-30
162,IV Liquid,1706-12-30
162,IV Antibiotics,1707-12-30
163,ER Registration,1700-12-30
163,ER Triage,1701-12-30
163,ER Sepsis Triage,1702-12-30
163,Leucocytes,1703-12-30
163,CRP,1704-12-30
163,LacticAcid,1705-12-30
163,IV Liquid,1706-12-30
163,IV Antibiotics,1707-12-30
163,Admission IC,1708-12-30
163,Leucocytes,1709-12-30
163,CRP,1710-12-30
163,LacticAcid,1711-12-30
163,CRP,1712-12-30
163,LacticAcid,1713-12-30
163,Leucocytes,1714-12-30
163,LacticAcid,1715-12-30
163,Leucocytes,1716-12-30
163,CRP,1717-12-30
163,Leucocytes,1718-12-30
163,CRP,1719-12-30
163,LacticAcid,1720-12-30
163,Leucocytes,1721-12-30
163,CRP,1722-12-30
163,LacticAcid,1723-12-30
163,Leucocytes,1724-12-30
163,LacticAcid,1725-12-30
163,CRP,1726-12-30
163,Leucocytes,1727-12-30
163,LacticAcid,1728-12-30
163,Leucocytes,1729-12-30
163,CRP,1730-12-30
163,Leucocytes,1731-12-30
163,CRP,1732-12-30
163,LacticAcid,1733-12-30
163,Admission NC,1734-12-30
163,Leucocytes,1735-12-30
163,CRP,1736-12-30
163,CRP,1737-12-30
163,Leucocytes,1738-12-30
163,CRP,1739-12-30
163,Leucocytes,1740-12-30
163,Leucocytes,1741-12-30
163,Leucocytes,1742-12-30
163,Leucocytes,1743-12-30
163,CRP,1744-12-30
163,CRP,1745-12-30
163,Leucocytes,1746-12-30
163,CRP,1747-12-30
163,Leucocytes,1748-12-30
163,Leucocytes,1749-12-30
163,CRP,1750-12-30
163,CRP,1751-12-30
163,Leucocytes,1752-12-30
163,CRP,1753-12-30
163,Leucocytes,1754-12-30
163,Leucocytes,1755-12-30
163,CRP,1756-12-30
163,Release A,1757-12-30
163,Return ER,1758-12-30
164,ER Registration,1700-12-30
164,ER Triage,1701-12-30
164,ER Sepsis Triage,1702-12-30
164,IV Liquid,1703-12-30
164,Leucocytes,1704-12-30
164,CRP,1705-12-30
164,LacticAcid,1706-12-30
164,IV Antibiotics,1707-12-30
164,Admission NC,1708-12-30
164,Admission NC,1709-12-30
164,Leucocytes,1710-12-30
164,CRP,1711-12-30
164,Release A,1712-12-30
165,Leucocytes,1700-12-30
165,CRP,1701-12-30
165,ER Registration,1702-12-30
165,ER Triage,1703-12-30
165,ER Sepsis Triage,1704-12-30
165,IV Liquid,1705-12-30
165,LacticAcid,1706-12-30
165,CRP,1707-12-30
165,Leucocytes,1708-12-30
165,IV Antibiotics,1709-12-30
165,Admission NC,1710-12-30
165,CRP,1711-12-30
165,CRP,1712-12-30
165,Leucocytes,1713-12-30
165,CRP,1714-12-30
165,Leucocytes,1715-12-30
165,Release A,1716-12-30
166,ER Registration,1700-12-30
166,ER Triage,1701-12-30
166,ER Sepsis Triage,1702-12-30
166,IV Liquid,1703-12-30
166,Leucocytes,1704-12-30
166,CRP,1705-12-30
166,LacticAcid,1706-12-30
166,IV Antibiotics,1707-12-30
167,ER Registration,1700-12-30
167,ER Triage,1701-12-30
167,ER Sepsis Triage,1702-12-30
167,CRP,1703-12-30
167,Leucocytes,1704-12-30
167,LacticAcid,1705-12-30
167,IV Liquid,1706-12-30
167,IV Antibiotics,1707-12-30
167,Admission NC,1708-12-30
167,CRP,1709-12-30
167,Leucocytes,1710-12-30
167,Admission NC,1711-12-30
167,CRP,1712-12-30
167,Leucocytes,1713-12-30
167,Release A,1714-12-30
168,ER Registration,1700-12-30
168,ER Triage,1701-12-30
168,ER Sepsis Triage,1702-12-30
168,Leucocytes,1703-12-30
168,CRP,1704-12-30
169,ER Registration,1700-12-30
169,ER Triage,1701-12-30
169,ER Sepsis Triage,1702-12-30
170,ER Registration,1700-12-30
170,ER Triage,1701-12-30
170,ER Sepsis Triage,1702-12-30
170,Leucocytes,1703-12-30
170,CRP,1704-12-30
170,IV Liquid,1705-12-30
170,IV Antibiotics,1706-12-30
170,Admission NC,1707-12-30
170,Admission NC,1708-12-30
170,CRP,1709-12-30
170,Leucocytes,1710-12-30
170,Leucocytes,1711-12-30
170,CRP,1712-12-30
170,CRP,1713-12-30
170,Leucocytes,1714-12-30
170,CRP,1715-12-30
170,Leucocytes,1716-12-30
170,CRP,1717-12-30
170,Leucocytes,1718-12-30
170,CRP,1719-12-30
170,Leucocytes,1720-12-30
170,CRP,1721-12-30
170,CRP,1722-12-30
170,Leucocytes,1723-12-30
170,CRP,1724-12-30
170,CRP,1725-12-30
170,Leucocytes,1726-12-30
170,Release A,1727-12-30
171,ER Registration,1700-12-30
171,ER Triage,1701-12-30
171,ER Sepsis Triage,1702-12-30
172,ER Registration,1700-12-30
172,ER Triage,1701-12-30
172,ER Sepsis Triage,1702-12-30
172,CRP,1703-12-30
172,LacticAcid,1704-12-30
172,Leucocytes,1705-12-30
172,IV Liquid,1706-12-30
172,IV Antibiotics,1707-12-30
172,Admission NC,1708-12-30
172,Leucocytes,1709-12-30
172,CRP,1710-12-30
172,Admission NC,1711-12-30
172,CRP,1712-12-30
172,Leucocytes,1713-12-30
172,Release A,1714-12-30
173,ER Registration,1700-12-30
173,ER Triage,1701-12-30
173,ER Sepsis Triage,1702-12-30
173,IV Liquid,1703-12-30
173,Leucocytes,1704-12-30
173,CRP,1705-12-30
173,LacticAcid,1706-12-30
173,IV Antibiotics,1707-12-30
173,Admission NC,1708-12-30
173,Leucocytes,1709-12-30
173,CRP,1710-12-30
173,Admission NC,1711-12-30
173,Leucocytes,1712-12-30
173,CRP,1713-12-30
173,Release A,1714-12-30
173,Return ER,1715-12-30
174,ER Registration,1700-12-30
174,ER Triage,1701-12-30
174,ER Sepsis Triage,1702-12-30
174,Leucocytes,1703-12-30
174,LacticAcid,1704-12-30
174,CRP,1705-12-30
174,IV Liquid,1706-12-30
174,IV Antibiotics,1707-12-30
174,Admission NC,1708-12-30
175,ER Registration,1700-12-30
175,ER Triage,1701-12-30
175,CRP,1702-12-30
175,LacticAcid,1703-12-30
175,Leucocytes,1704-12-30
175,ER Sepsis Triage,1705-12-30
175,IV Antibiotics,1706-12-30
175,IV Liquid,1707-12-30
175,Admission NC,1708-12-30
175,Admission NC,1709-12-30
175,Release A,1710-12-30
175,Return ER,1711-12-30
176,ER Registration,1700-12-30
176,ER Triage,1701-12-30
176,ER Sepsis Triage,1702-12-30
176,CRP,1703-12-30
176,Leucocytes,1704-12-30
176,Admission NC,1705-12-30
176,Leucocytes,1706-12-30
176,CRP,1707-12-30
176,Leucocytes,1708-12-30
176,Leucocytes,1709-12-30
176,CRP,1710-12-30
176,CRP,1711-12-30
176,Leucocytes,1712-12-30
176,Release A,1713-12-30
176,CRP,1714-12-30
176,Leucocytes,1715-12-30
177,ER Registration,1700-12-30
177,ER Triage,1701-12-30
177,ER Sepsis Triage,1702-12-30
177,CRP,1703-12-30
177,Leucocytes,1704-12-30
177,LacticAcid,1705-12-30
177,IV Liquid,1706-12-30
177,IV Antibiotics,1707-12-30
177,Admission IC,1708-12-30
177,LacticAcid,1709-12-30
177,Leucocytes,1710-12-30
177,LacticAcid,1711-12-30
177,CRP,1712-12-30
177,LacticAcid,1713-12-30
177,CRP,1714-12-30
177,LacticAcid,1715-12-30
177,Leucocytes,1716-12-30
177,LacticAcid,1717-12-30
177,Leucocytes,1718-12-30
177,CRP,1719-12-30
177,Admission NC,1720-12-30
177,Leucocytes,1721-12-30
177,CRP,1722-12-30
177,Admission NC,1723-12-30
177,CRP,1724-12-30
177,Leucocytes,1725-12-30
177,CRP,1726-12-30
177,CRP,1727-12-30
177,Release A,1728-12-30
178,ER Registration,1700-12-30
178,ER Triage,1701-12-30
178,ER Sepsis Triage,1702-12-30
178,Leucocytes,1703-12-30
178,CRP,1704-12-30
178,LacticAcid,1705-12-30
178,IV Liquid,1706-12-30
178,IV Antibiotics,1707-12-30
178,Admission NC,1708-12-30
178,Admission NC,1709-12-30
178,Leucocytes,1710-12-30
178,CRP,1711-12-30
178,Release A,1712-12-30
179,ER Registration,1700-12-30
179,ER Triage,1701-12-30
179,ER Sepsis Triage,1702-12-30
179,Leucocytes,1703-12-30
179,LacticAcid,1704-12-30
179,CRP,1705-12-30
179,IV Antibiotics,1706-12-30
179,IV Liquid,1707-12-30
179,Admission NC,1708-12-30
179,CRP,1709-12-30
179,Leucocytes,1710-12-30
179,CRP,1711-12-30
179,Admission NC,1712-12-30
179,Leucocytes,1713-12-30
179,Leucocytes,1714-12-30
179,CRP,1715-12-30
179,Admission NC,1716-12-30
179,CRP,1717-12-30
179,Leucocytes,1718-12-30
179,Release A,1719-12-30
179,Return ER,1720-12-30
180,ER Registration,1700-12-30
180,ER Triage,1701-12-30
180,ER Sepsis Triage,1702-12-30
180,IV Liquid,1703-12-30
180,Leucocytes,1704-12-30
180,CRP,1705-12-30
180,LacticAcid,1706-12-30
180,IV Antibiotics,1707-12-30
180,Admission NC,1708-12-30
180,Admission NC,1709-12-30
180,CRP,1710-12-30
180,Release A,1711-12-30
181,ER Registration,1700-12-30
181,ER Triage,1701-12-30
181,ER Sepsis Triage,1702-12-30
181,IV Liquid,1703-12-30
181,Leucocytes,1704-12-30
181,LacticAcid,1705-12-30
181,CRP,1706-12-30
181,IV Antibiotics,1707-12-30
181,Admission NC,1708-12-30
181,Admission IC,1709-12-30
181,CRP,1710-12-30
181,LacticAcid,1711-12-30
181,Leucocytes,1712-12-30
181,LacticAcid,1713-12-30
181,Leucocytes,1714-12-30
181,CRP,1715-12-30
181,Admission NC,1716-12-30
181,CRP,1717-12-30
181,Leucocytes,1718-12-30
181,CRP,1719-12-30
181,LacticAcid,1720-12-30
181,Leucocytes,1721-12-30
181,CRP,1722-12-30
181,LacticAcid,1723-12-30
181,CRP,1724-12-30
181,Leucocytes,1725-12-30
181,Leucocytes,1726-12-30
181,CRP,1727-12-30
181,Release A,1728-12-30
182,ER Registration,1700-12-30
182,ER Triage,1701-12-30
182,ER Sepsis Triage,1702-12-30
182,IV Liquid,1703-12-30
182,IV Antibiotics,1704-12-30
182,Leucocytes,1705-12-30
182,CRP,1706-12-30
182,LacticAcid,1707-12-30
182,LacticAcid,1708-12-30
182,Admission NC,1709-12-30
182,Admission NC,1710-12-30
182,CRP,1711-12-30
182,Leucocytes,1712-12-30
182,Release A,1713-12-30
183,ER Sepsis Triage,1700-12-30
183,ER Registration,1701-12-30
183,ER Triage,1702-12-30
183,Leucocytes,1703-12-30
183,CRP,1704-12-30
184,ER Registration,1700-12-30
184,ER Triage,1701-12-30
184,ER Sepsis Triage,1702-12-30
184,CRP,1703-12-30
184,Leucocytes,1704-12-30
184,Admission NC,1705-12-30
184,Leucocytes,1706-12-30
184,Leucocytes,1707-12-30
184,Admission NC,1708-12-30
184,Release A,1709-12-30
185,ER Registration,1700-12-30
185,ER Triage,1701-12-30
185,ER Sepsis Triage,1702-12-30
185,LacticAcid,1703-12-30
185,CRP,1704-12-30
185,Leucocytes,1705-12-30
185,IV Liquid,1706-12-30
185,IV Antibiotics,1707-12-30
185,Admission NC,1708-12-30
185,Leucocytes,1709-12-30
185,CRP,1710-12-30
185,Leucocytes,1711-12-30
185,CRP,1712-12-30
185,Leucocytes,1713-12-30
185,Release A,1714-12-30
186,ER Registration,1700-12-30
186,ER Triage,1701-12-30
186,ER Sepsis Triage,1702-12-30
186,CRP,1703-12-30
186,LacticAcid,1704-12-30
186,Leucocytes,1705-12-30
186,IV Liquid,1706-12-30
186,IV Antibiotics,1707-12-30
186,Admission NC,1708-12-30
186,CRP,1709-12-30
186,Leucocytes,1710-12-30
186,Release A,1711-12-30
187,ER Registration,1700-12-30
187,ER Triage,1701-12-30
187,CRP,1702-12-30
187,Leucocytes,1703-12-30
187,ER Sepsis Triage,1704-12-30
188,ER Registration,1700-12-30
188,ER Triage,1701-12-30
188,ER Sepsis Triage,1702-12-30
188,IV Liquid,1703-12-30
188,IV Antibiotics,1704-12-30
188,Leucocytes,1705-12-30
188,LacticAcid,1706-12-30
188,CRP,1707-12-30
188,Admission NC,1708-12-30
188,CRP,1709-12-30
188,Release A,1710-12-30
189,ER Registration,1700-12-30
189,ER Triage,1701-12-30
189,ER Sepsis Triage,1702-12-30
189,Leucocytes,1703-12-30
189,CRP,1704-12-30
189,Admission NC,1705-12-30
189,Leucocytes,1706-12-30
189,CRP,1707-12-30
189,Leucocytes,1708-12-30
189,Leucocytes,1709-12-30
189,Leucocytes,1710-12-30
189,Leucocytes,1711-12-30
189,Leucocytes,1712-12-30
189,LacticAcid,1713-12-30
189,CRP,1714-12-30
189,Leucocytes,1715-12-30
189,Release A,1716-12-30
189,Return ER,1717-12-30
190,ER Registration,1700-12-30
190,ER Triage,1701-12-30
190,ER Sepsis Triage,1702-12-30
190,CRP,1703-12-30
190,Leucocytes,1704-12-30
190,LacticAcid,1705-12-30
190,IV Antibiotics,1706-12-30
190,Admission NC,1707-12-30
190,Admission NC,1708-12-30
190,Leucocytes,1709-12-30
190,CRP,1710-12-30
190,Leucocytes,1711-12-30
190,CRP,1712-12-30
190,Release A,1713-12-30
190,Return ER,1714-12-30
191,ER Registration,1700-12-30
191,ER Triage,1701-12-30
191,ER Sepsis Triage,1702-12-30
191,Leucocytes,1703-12-30
191,Admission NC,1704-12-30
191,Leucocytes,1705-12-30
191,Leucocytes,1706-12-30
191,Leucocytes,1707-12-30
191,CRP,1708-12-30
191,Leucocytes,1709-12-30
191,Leucocytes,1710-12-30
191,Leucocytes,1711-12-30
191,Leucocytes,1712-12-30
191,Leucocytes,1713-12-30
191,Leucocytes,1714-12-30
191,CRP,1715-12-30
191,Leucocytes,1716-12-30
191,Release A,1717-12-30
192,ER Registration,1700-12-30
192,ER Triage,1701-12-30
192,ER Sepsis Triage,1702-12-30
192,IV Liquid,1703-12-30
192,IV Antibiotics,1704-12-30
192,Leucocytes,1705-12-30
192,LacticAcid,1706-12-30
192,CRP,1707-12-30
192,Admission NC,1708-12-30
192,Leucocytes,1709-12-30
192,Leucocytes,1710-12-30
192,CRP,1711-12-30
192,Release A,1712-12-30
193,Leucocytes,1700-12-30
193,CRP,1701-12-30
193,ER Registration,1702-12-30
193,ER Triage,1703-12-30
193,ER Sepsis Triage,1704-12-30
193,LacticAcid,1705-12-30
193,Leucocytes,1706-12-30
193,CRP,1707-12-30
193,IV Liquid,1708-12-30
193,IV Antibiotics,1709-12-30
193,Admission NC,1710-12-30
193,Leucocytes,1711-12-30
193,CRP,1712-12-30
193,CRP,1713-12-30
193,Leucocytes,1714-12-30
193,Release A,1715-12-30
194,ER Registration,1700-12-30
194,ER Triage,1701-12-30
194,ER Sepsis Triage,1702-12-30
194,CRP,1703-12-30
194,Leucocytes,1704-12-30
194,LacticAcid,1705-12-30
194,IV Liquid,1706-12-30
194,IV Antibiotics,1707-12-30
194,Admission NC,1708-12-30
194,Admission NC,1709-12-30
194,Admission IC,1710-12-30
194,CRP,1711-12-30
194,Leucocytes,1712-12-30
194,LacticAcid,1713-12-30
194,LacticAcid,1714-12-30
194,LacticAcid,1715-12-30
194,Leucocytes,1716-12-30
194,CRP,1717-12-30
194,CRP,1718-12-30
194,LacticAcid,1719-12-30
194,Leucocytes,1720-12-30
194,CRP,1721-12-30
194,Leucocytes,1722-12-30
194,LacticAcid,1723-12-30
194,LacticAcid,1724-12-30
194,CRP,1725-12-30
194,Leucocytes,1726-12-30
194,CRP,1727-12-30
194,Leucocytes,1728-12-30
194,LacticAcid,1729-12-30
194,Leucocytes,1730-12-30
194,LacticAcid,1731-12-30
194,CRP,1732-12-30
194,CRP,1733-12-30
194,Leucocytes,1734-12-30
194,LacticAcid,1735-12-30
194,LacticAcid,1736-12-30
194,Leucocytes,1737-12-30
194,CRP,1738-12-30
194,Release E,1739-12-30
194,Return ER,1740-12-30
195,ER Registration,1700-12-30
195,ER Triage,1701-12-30
195,ER Sepsis Triage,1702-12-30
195,Leucocytes,1703-12-30
195,CRP,1704-12-30
195,Leucocytes,1705-12-30
196,ER Registration,1700-12-30
196,ER Triage,1701-12-30
196,ER Sepsis Triage,1702-12-30
196,CRP,1703-12-30
196,Leucocytes,1704-12-30
196,LacticAcid,1705-12-30
197,ER Registration,1700-12-30
197,ER Triage,1701-12-30
197,ER Sepsis Triage,1702-12-30
197,CRP,1703-12-30
197,LacticAcid,1704-12-30
197,Leucocytes,1705-12-30
197,Admission NC,1706-12-30
197,Admission NC,1707-12-30
197,Release A,1708-12-30
198,ER Registration,1700-12-30
198,IV Liquid,1701-12-30
198,ER Sepsis Triage,1702-12-30
198,IV Antibiotics,1703-12-30
198,ER Triage,1704-12-30
198,LacticAcid,1705-12-30
198,CRP,1706-12-30
198,Leucocytes,1707-12-30
198,Admission NC,1708-12-30
198,Leucocytes,1709-12-30
198,CRP,1710-12-30
198,Release A,1711-12-30
198,Return ER,1712-12-30
199,ER Registration,1700-12-30
199,ER Triage,1701-12-30
199,ER Sepsis Triage,1702-12-30
199,Leucocytes,1703-12-30
199,CRP,1704-12-30
199,LacticAcid,1705-12-30
199,IV Liquid,1706-12-30
199,IV Antibiotics,1707-12-30
199,Admission NC,1708-12-30
199,CRP,1709-12-30
199,Leucocytes,1710-12-30
199,Release A,1711-12-30
199,Return ER,1712-12-30
200,ER Registration,1700-12-30
200,ER Triage,1701-12-30
200,ER Sepsis Triage,1702-12-30
200,LacticAcid,1703-12-30
200,Leucocytes,1704-12-30
200,CRP,1705-12-30
200,Admission NC,1706-12-30
200,Leucocytes,1707-12-30
200,CRP,1708-12-30
200,Leucocytes,1709-12-30
200,CRP,1710-12-30
200,Leucocytes,1711-12-30
200,CRP,1712-12-30
200,CRP,1713-12-30
200,Leucocytes,1714-12-30
200,Leucocytes,1715-12-30
200,CRP,1716-12-30
200,CRP,1717-12-30
200,Leucocytes,1718-12-30
200,CRP,1719-12-30
200,LacticAcid,1720-12-30
200,CRP,1721-12-30
200,Leucocytes,1722-12-30
200,CRP,1723-12-30
200,CRP,1724-12-30
200,CRP,1725-12-30
200,CRP,1726-12-30
200,Leucocytes,1727-12-30
200,CRP,1728-12-30
200,Leucocytes,1729-12-30
200,CRP,1730-12-30
200,Release A,1731-12-30
200,Return ER,1732-12-30
201,ER Registration,1700-12-30
201,ER Triage,1701-12-30
201,CRP,1702-12-30
201,Leucocytes,1703-12-30
201,ER Sepsis Triage,1704-12-30
202,ER Registration,1700-12-30
202,ER Triage,1701-12-30
202,ER Sepsis Triage,1702-12-30
202,CRP,1703-12-30
202,LacticAcid,1704-12-30
202,Leucocytes,1705-12-30
202,IV Antibiotics,1706-12-30
202,Admission NC,1707-12-30
202,Leucocytes,1708-12-30
202,CRP,1709-12-30
202,Release A,1710-12-30
203,ER Registration,1700-12-30
203,ER Triage,1701-12-30
203,ER Sepsis Triage,1702-12-30
203,Leucocytes,1703-12-30
203,CRP,1704-12-30
203,LacticAcid,1705-12-30
203,IV Liquid,1706-12-30
203,IV Antibiotics,1707-12-30
204,ER Registration,1700-12-30
204,ER Triage,1701-12-30
204,ER Sepsis Triage,1702-12-30
204,LacticAcid,1703-12-30
204,Leucocytes,1704-12-30
204,CRP,1705-12-30
204,Admission NC,1706-12-30
204,CRP,1707-12-30
204,Leucocytes,1708-12-30
204,CRP,1709-12-30
204,Leucocytes,1710-12-30
204,CRP,1711-12-30
204,Leucocytes,1712-12-30
204,CRP,1713-12-30
204,Release A,1714-12-30
204,Return ER,1715-12-30
205,ER Registration,1700-12-30
205,ER Triage,1701-12-30
205,ER Sepsis Triage,1702-12-30
205,CRP,1703-12-30
205,Leucocytes,1704-12-30
205,LacticAcid,1705-12-30
205,IV Liquid,1706-12-30
205,IV Antibiotics,1707-12-30
205,Admission NC,1708-12-30
205,Leucocytes,1709-12-30
205,CRP,1710-12-30
205,CRP,1711-12-30
205,Leucocytes,1712-12-30
205,Release A,1713-12-30
206,ER Registration,1700-12-30
206,ER Triage,1701-12-30
206,ER Sepsis Triage,1702-12-30
206,LacticAcid,1703-12-30
206,Leucocytes,1704-12-30
206,CRP,1705-12-30
206,IV Liquid,1706-12-30
206,IV Antibiotics,1707-12-30
207,ER Registration,1700-12-30
207,ER Triage,1701-12-30
207,ER Sepsis Triage,1702-12-30
207,IV Liquid,1703-12-30
207,IV Antibiotics,1704-12-30
207,LacticAcid,1705-12-30
207,Leucocytes,1706-12-30
207,CRP,1707-12-30
207,Admission NC,1708-12-30
207,Admission NC,1709-12-30
207,Leucocytes,1710-12-30
207,CRP,1711-12-30
207,Leucocytes,1712-12-30
207,Leucocytes,1713-12-30
207,Leucocytes,1714-12-30
207,Leucocytes,1715-12-30
207,Leucocytes,1716-12-30
207,CRP,1717-12-30
207,Leucocytes,1718-12-30
207,Leucocytes,1719-12-30
207,Leucocytes,1720-12-30
207,CRP,1721-12-30
207,Leucocytes,1722-12-30
207,CRP,1723-12-30
207,Leucocytes,1724-12-30
207,Leucocytes,1725-12-30
207,CRP,1726-12-30
207,Leucocytes,1727-12-30
207,Release D,1728-12-30
208,ER Registration,1700-12-30
208,ER Triage,1701-12-30
208,ER Sepsis Triage,1702-12-30
208,CRP,1703-12-30
208,LacticAcid,1704-12-30
208,Leucocytes,1705-12-30
208,IV Antibiotics,1706-12-30
208,Admission NC,1707-12-30
208,IV Liquid,1708-12-30
208,Release B,1709-12-30
209,ER Registration,1700-12-30
209,ER Triage,1701-12-30
209,ER Sepsis Triage,1702-12-30
209,LacticAcid,1703-12-30
209,Leucocytes,1704-12-30
209,CRP,1705-12-30
209,IV Antibiotics,1706-12-30
209,Admission NC,1707-12-30
209,Leucocytes,1708-12-30
209,CRP,1709-12-30
209,Release A,1710-12-30
210,ER Registration,1700-12-30
210,ER Triage,1701-12-30
210,ER Sepsis Triage,1702-12-30
210,Leucocytes,1703-12-30
210,LacticAcid,1704-12-30
210,CRP,1705-12-30
210,IV Antibiotics,1706-12-30
210,IV Liquid,1707-12-30
210,Admission NC,1708-12-30
210,Leucocytes,1709-12-30
210,CRP,1710-12-30
210,Admission NC,1711-12-30
210,CRP,1712-12-30
210,Leucocytes,1713-12-30
210,Admission NC,1714-12-30
210,Leucocytes,1715-12-30
210,CRP,1716-12-30
210,Leucocytes,1717-12-30
210,CRP,1718-12-30
210,Release A,1719-12-30
211,ER Registration,1700-12-30
211,ER Triage,1701-12-30
211,ER Sepsis Triage,1702-12-30
211,IV Antibiotics,1703-12-30
211,Leucocytes,1704-12-30
211,CRP,1705-12-30
211,LacticAcid,1706-12-30
211,Admission NC,1707-12-30
211,Release A,1708-12-30
212,ER Registration,1700-12-30
212,ER Triage,1701-12-30
212,ER Sepsis Triage,1702-12-30
212,IV Liquid,1703-12-30
212,Leucocytes,1704-12-30
212,CRP,1705-12-30
212,IV Antibiotics,1706-12-30
212,Admission NC,1707-12-30
212,Leucocytes,1708-12-30
212,Leucocytes,1709-12-30
212,CRP,1710-12-30
212,CRP,1711-12-30
212,Leucocytes,1712-12-30
212,Release A,1713-12-30
212,Return ER,1714-12-30
213,ER Registration,1700-12-30
213,ER Triage,1701-12-30
213,ER Sepsis Triage,1702-12-30
213,CRP,1703-12-30
213,LacticAcid,1704-12-30
213,Leucocytes,1705-12-30
213,IV Liquid,1706-12-30
213,IV Antibiotics,1707-12-30
213,Admission NC,1708-12-30
213,Release A,1709-12-30
214,ER Registration,1700-12-30
214,ER Triage,1701-12-30
214,ER Sepsis Triage,1702-12-30
214,LacticAcid,1703-12-30
214,CRP,1704-12-30
214,Leucocytes,1705-12-30
214,IV Antibiotics,1706-12-30
214,Admission NC,1707-12-30
214,CRP,1708-12-30
214,CRP,1709-12-30
214,Leucocytes,1710-12-30
214,Release A,1711-12-30
214,Return ER,1712-12-30
215,ER Registration,1700-12-30
215,ER Triage,1701-12-30
215,CRP,1702-12-30
215,LacticAcid,1703-12-30
215,Leucocytes,1704-12-30
215,ER Sepsis Triage,1705-12-30
215,IV Liquid,1706-12-30
215,IV Antibiotics,1707-12-30
216,ER Registration,1700-12-30
216,ER Triage,1701-12-30
216,ER Sepsis Triage,1702-12-30
216,Leucocytes,1703-12-30
216,LacticAcid,1704-12-30
216,CRP,1705-12-30
216,IV Liquid,1706-12-30
216,IV Antibiotics,1707-12-30
216,Admission NC,1708-12-30
216,CRP,1709-12-30
216,Leucocytes,1710-12-30
216,Release A,1711-12-30
217,ER Registration,1700-12-30
217,ER Triage,1701-12-30
217,ER Sepsis Triage,1702-12-30
217,Leucocytes,1703-12-30
217,CRP,1704-12-30
217,LacticAcid,1705-12-30
217,IV Antibiotics,1706-12-30
217,Admission NC,1707-12-30
217,Admission NC,1708-12-30
217,IV Liquid,1709-12-30
217,CRP,1710-12-30
217,Leucocytes,1711-12-30
217,Admission NC,1712-12-30
217,Leucocytes,1713-12-30
217,CRP,1714-12-30
217,Release A,1715-12-30
217,Return ER,1716-12-30
218,ER Registration,1700-12-30
218,ER Sepsis Triage,1701-12-30
218,ER Triage,1702-12-30
218,IV Liquid,1703-12-30
218,IV Antibiotics,1704-12-30
218,CRP,1705-12-30
218,Leucocytes,1706-12-30
218,LacticAcid,1707-12-30
218,Admission NC,1708-12-30
218,Admission NC,1709-12-30
218,Release A,1710-12-30
218,Return ER,1711-12-30
219,ER Registration,1700-12-30
219,ER Triage,1701-12-30
219,ER Sepsis Triage,1702-12-30
219,IV Liquid,1703-12-30
219,CRP,1704-12-30
219,LacticAcid,1705-12-30
219,Leucocytes,1706-12-30
219,IV Antibiotics,1707-12-30
219,Admission NC,1708-12-30
219,CRP,1709-12-30
219,Leucocytes,1710-12-30
219,Release A,1711-12-30
220,ER Registration,1700-12-30
220,ER Triage,1701-12-30
220,ER Sepsis Triage,1702-12-30
220,CRP,1703-12-30
220,Leucocytes,1704-12-30
220,Admission NC,1705-12-30
220,Leucocytes,1706-12-30
220,CRP,1707-12-30
220,CRP,1708-12-30
220,Leucocytes,1709-12-30
220,CRP,1710-12-30
220,Leucocytes,1711-12-30
220,Leucocytes,1712-12-30
220,CRP,1713-12-30
220,CRP,1714-12-30
220,Leucocytes,1715-12-30
220,Release A,1716-12-30
221,ER Registration,1700-12-30
221,ER Triage,1701-12-30
221,ER Sepsis Triage,1702-12-30
221,CRP,1703-12-30
221,Leucocytes,1704-12-30
222,ER Registration,1700-12-30
222,ER Triage,1701-12-30
222,ER Sepsis Triage,1702-12-30
222,CRP,1703-12-30
222,LacticAcid,1704-12-30
222,Leucocytes,1705-12-30
222,IV Liquid,1706-12-30
222,IV Antibiotics,1707-12-30
222,Admission NC,1708-12-30
222,Leucocytes,1709-12-30
222,CRP,1710-12-30
222,Release A,1711-12-30
222,Return ER,1712-12-30
223,ER Registration,1700-12-30
223,ER Triage,1701-12-30
223,ER Sepsis Triage,1702-12-30
223,CRP,1703-12-30
223,Leucocytes,1704-12-30
223,LacticAcid,1705-12-30
223,IV Antibiotics,1706-12-30
223,IV Liquid,1707-12-30
223,Admission NC,1708-12-30
223,Leucocytes,1709-12-30
223,CRP,1710-12-30
223,Admission NC,1711-12-30
223,Leucocytes,1712-12-30
223,CRP,1713-12-30
223,Release A,1714-12-30
223,Return ER,1715-12-30
224,ER Registration,1700-12-30
224,CRP,1701-12-30
224,LacticAcid,1702-12-30
224,Leucocytes,1703-12-30
224,IV Liquid,1704-12-30
224,ER Triage,1705-12-30
224,ER Sepsis Triage,1706-12-30
224,IV Antibiotics,1707-12-30
225,ER Registration,1700-12-30
225,ER Triage,1701-12-30
225,ER Sepsis Triage,1702-12-30
225,Leucocytes,1703-12-30
225,CRP,1704-12-30
225,Admission IC,1705-12-30
225,CRP,1706-12-30
225,Leucocytes,1707-12-30
225,LacticAcid,1708-12-30
225,Leucocytes,1709-12-30
225,Leucocytes,1710-12-30
225,Leucocytes,1711-12-30
225,Leucocytes,1712-12-30
225,LacticAcid,1713-12-30
225,LacticAcid,1714-12-30
225,Leucocytes,1715-12-30
225,CRP,1716-12-30
225,Leucocytes,1717-12-30
225,LacticAcid,1718-12-30
225,Leucocytes,1719-12-30
225,CRP,1720-12-30
225,LacticAcid,1721-12-30
225,Release B,1722-12-30
226,ER Registration,1700-12-30
226,ER Triage,1701-12-30
226,ER Sepsis Triage,1702-12-30
226,Leucocytes,1703-12-30
226,Leucocytes,1704-12-30
227,ER Registration,1700-12-30
227,ER Triage,1701-12-30
227,ER Sepsis Triage,1702-12-30
227,Leucocytes,1703-12-30
227,LacticAcid,1704-12-30
227,CRP,1705-12-30
227,IV Antibiotics,1706-12-30
227,Admission NC,1707-12-30
227,CRP,1708-12-30
227,Leucocytes,1709-12-30
227,Release A,1710-12-30
227,Return ER,1711-12-30
228,ER Registration,1700-12-30
228,ER Triage,1701-12-30
228,CRP,1702-12-30
228,LacticAcid,1703-12-30
228,Leucocytes,1704-12-30
228,IV Liquid,1705-12-30
228,ER Sepsis Triage,1706-12-30
228,IV Antibiotics,1707-12-30
228,Admission NC,1708-12-30
228,CRP,1709-12-30
228,LacticAcid,1710-12-30
228,CRP,1711-12-30
228,Release A,1712-12-30
229,ER Registration,1700-12-30
229,ER Triage,1701-12-30
229,ER Sepsis Triage,1702-12-30
230,ER Registration,1700-12-30
230,ER Triage,1701-12-30
230,ER Sepsis Triage,1702-12-30
230,Leucocytes,1703-12-30
230,CRP,1704-12-30
231,ER Registration,1700-12-30
231,ER Triage,1701-12-30
231,ER Sepsis Triage,1702-12-30
231,CRP,1703-12-30
231,Leucocytes,1704-12-30
232,ER Registration,1700-12-30
232,ER Triage,1701-12-30
232,ER Sepsis Triage,1702-12-30
232,CRP,1703-12-30
232,Leucocytes,1704-12-30
232,LacticAcid,1705-12-30
232,IV Antibiotics,1706-12-30
232,IV Liquid,1707-12-30
232,Admission NC,1708-12-30
232,CRP,1709-12-30
232,Leucocytes,1710-12-30
232,CRP,1711-12-30
232,Leucocytes,1712-12-30
232,CRP,1713-12-30
232,Leucocytes,1714-12-30
232,CRP,1715-12-30
232,Leucocytes,1716-12-30
232,Admission NC,1717-12-30
232,Leucocytes,1718-12-30
232,CRP,1719-12-30
232,Leucocytes,1720-12-30
232,Release A,1721-12-30
233,ER Registration,1700-12-30
233,ER Triage,1701-12-30
233,ER Sepsis Triage,1702-12-30
233,CRP,1703-12-30
233,Leucocytes,1704-12-30
233,Admission NC,1705-12-30
233,Release A,1706-12-30
234,ER Registration,1700-12-30
234,ER Triage,1701-12-30
234,ER Sepsis Triage,1702-12-30
234,Leucocytes,1703-12-30
234,CRP,1704-12-30
234,LacticAcid,1705-12-30
234,IV Liquid,1706-12-30
234,IV Antibiotics,1707-12-30
234,Admission NC,1708-12-30
234,CRP,1709-12-30
234,Admission NC,1710-12-30
234,CRP,1711-12-30
234,Release A,1712-12-30
235,ER Registration,1700-12-30
235,ER Triage,1701-12-30
235,ER Sepsis Triage,1702-12-30
235,LacticAcid,1703-12-30
235,CRP,1704-12-30
235,Leucocytes,1705-12-30
235,IV Liquid,1706-12-30
235,IV Antibiotics,1707-12-30
235,Admission NC,1708-12-30
235,CRP,1709-12-30
235,Leucocytes,1710-12-30
235,Leucocytes,1711-12-30
235,CRP,1712-12-30
235,Release A,1713-12-30
235,Return ER,1714-12-30
236,ER Registration,1700-12-30
236,ER Triage,1701-12-30
236,CRP,1702-12-30
236,Leucocytes,1703-12-30
236,ER Sepsis Triage,1704-12-30
236,IV Antibiotics,1705-12-30
236,Admission NC,1706-12-30
236,LacticAcid,1707-12-30
236,Admission NC,1708-12-30
236,Release B,1709-12-30
237,ER Registration,1700-12-30
237,ER Triage,1701-12-30
237,ER Sepsis Triage,1702-12-30
237,IV Liquid,1703-12-30
237,IV Antibiotics,1704-12-30
237,LacticAcid,1705-12-30
237,Leucocytes,1706-12-30
237,CRP,1707-12-30
237,Admission NC,1708-12-30
237,Leucocytes,1709-12-30
237,CRP,1710-12-30
237,Admission NC,1711-12-30
237,Release A,1712-12-30
238,ER Registration,1700-12-30
238,ER Triage,1701-12-30
238,ER Sepsis Triage,1702-12-30
238,LacticAcid,1703-12-30
238,CRP,1704-12-30
238,Leucocytes,1705-12-30
238,IV Liquid,1706-12-30
238,IV Antibiotics,1707-12-30
238,Admission NC,1708-12-30
238,Leucocytes,1709-12-30
238,CRP,1710-12-30
238,Release A,1711-12-30
239,ER Registration,1700-12-30
239,ER Triage,1701-12-30
239,ER Sepsis Triage,1702-12-30
239,LacticAcid,1703-12-30
239,CRP,1704-12-30
239,Leucocytes,1705-12-30
239,IV Antibiotics,1706-12-30
239,Admission NC,1707-12-30
239,Admission NC,1708-12-30
239,CRP,1709-12-30
239,Leucocytes,1710-12-30
239,CRP,1711-12-30
239,Release D,1712-12-30
239,Return ER,1713-12-30
240,ER Registration,1700-12-30
240,ER Triage,1701-12-30
240,ER Sepsis Triage,1702-12-30
240,CRP,1703-12-30
240,LacticAcid,1704-12-30
240,Leucocytes,1705-12-30
240,IV Liquid,1706-12-30
240,IV Antibiotics,1707-12-30
241,Leucocytes,1700-12-30
241,ER Registration,1701-12-30
241,ER Triage,1702-12-30
241,ER Sepsis Triage,1703-12-30
241,CRP,1704-12-30
241,LacticAcid,1705-12-30
241,Leucocytes,1706-12-30
241,IV Antibiotics,1707-12-30
241,Admission NC,1708-12-30
241,Admission NC,1709-12-30
241,Leucocytes,1710-12-30
241,Release A,1711-12-30
242,ER Registration,1700-12-30
242,ER Triage,1701-12-30
242,ER Sepsis Triage,1702-12-30
242,LacticAcid,1703-12-30
242,CRP,1704-12-30
242,Leucocytes,1705-12-30
242,Admission NC,1706-12-30
242,Release A,1707-12-30
242,Return ER,1708-12-30
243,ER Registration,1700-12-30
243,ER Triage,1701-12-30
243,Leucocytes,1702-12-30
243,LacticAcid,1703-12-30
243,CRP,1704-12-30
243,ER Sepsis Triage,1705-12-30
243,IV Liquid,1706-12-30
243,IV Antibiotics,1707-12-30
243,Admission NC,1708-12-30
243,CRP,1709-12-30
243,Leucocytes,1710-12-30
243,Release A,1711-12-30
243,Return ER,1712-12-30
244,ER Registration,1700-12-30
244,ER Triage,1701-12-30
244,ER Sepsis Triage,1702-12-30
244,IV Liquid,1703-12-30
244,IV Antibiotics,1704-12-30
244,Leucocytes,1705-12-30
244,LacticAcid,1706-12-30
244,CRP,1707-12-30
245,ER Registration,1700-12-30
245,ER Triage,1701-12-30
245,LacticAcid,1702-12-30
245,Leucocytes,1703-12-30
245,CRP,1704-12-30
245,ER Sepsis Triage,1705-12-30
245,IV Liquid,1706-12-30
245,IV Antibiotics,1707-12-30
245,Admission NC,1708-12-30
245,CRP,1709-12-30
245,Leucocytes,1710-12-30
245,Admission NC,1711-12-30
245,Leucocytes,1712-12-30
245,CRP,1713-12-30
245,Release A,1714-12-30
245,Return ER,1715-12-30
246,ER Registration,1700-12-30
246,ER Triage,1701-12-30
246,ER Sepsis Triage,1702-12-30
246,LacticAcid,1703-12-30
246,Leucocytes,1704-12-30
246,CRP,1705-12-30
246,IV Liquid,1706-12-30
246,IV Antibiotics,1707-12-30
246,Admission NC,1708-12-30
246,Admission NC,1709-12-30
246,Leucocytes,1710-12-30
246,CRP,1711-12-30
246,Release A,1712-12-30
246,Return ER,1713-12-30
247,ER Registration,1700-12-30
247,ER Triage,1701-12-30
247,ER Sepsis Triage,1702-12-30
247,IV Liquid,1703-12-30
247,Leucocytes,1704-12-30
247,LacticAcid,1705-12-30
247,CRP,1706-12-30
247,IV Antibiotics,1707-12-30
248,ER Registration,1700-12-30
248,ER Triage,1701-12-30
248,CRP,1702-12-30
248,LacticAcid,1703-12-30
248,Leucocytes,1704-12-30
248,ER Sepsis Triage,1705-12-30
248,IV Liquid,1706-12-30
248,IV Antibiotics,1707-12-30
248,Admission NC,1708-12-30
248,CRP,1709-12-30
248,Leucocytes,1710-12-30
248,Leucocytes,1711-12-30
248,CRP,1712-12-30
248,Release A,1713-12-30
248,Return ER,1714-12-30
249,ER Registration,1700-12-30
249,ER Triage,1701-12-30
249,ER Sepsis Triage,1702-12-30
249,LacticAcid,1703-12-30
249,CRP,1704-12-30
249,Leucocytes,1705-12-30
250,ER Registration,1700-12-30
250,ER Triage,1701-12-30
250,ER Sepsis Triage,1702-12-30
250,CRP,1703-12-30
250,Leucocytes,1704-12-30
250,LacticAcid,1705-12-30
250,Admission NC,1706-12-30
250,IV Liquid,1707-12-30
250,IV Antibiotics,1708-12-30
250,CRP,1709-12-30
250,Release A,1710-12-30
251,ER Registration,1700-12-30
251,ER Triage,1701-12-30
251,ER Sepsis Triage,1702-12-30
251,LacticAcid,1703-12-30
251,Leucocytes,1704-12-30
251,CRP,1705-12-30
251,Admission NC,1706-12-30
251,Admission NC,1707-12-30
251,Release A,1708-12-30
252,ER Registration,1700-12-30
252,ER Triage,1701-12-30
252,ER Sepsis Triage,1702-12-30
252,IV Liquid,1703-12-30
252,CRP,1704-12-30
252,LacticAcid,1705-12-30
252,Leucocytes,1706-12-30
252,IV Antibiotics,1707-12-30
252,Admission NC,1708-12-30
252,Leucocytes,1709-12-30
252,CRP,1710-12-30
252,Admission NC,1711-12-30
252,CRP,1712-12-30
252,Leucocytes,1713-12-30
252,Release A,1714-12-30
252,Return ER,1715-12-30
253,ER Registration,1700-12-30
253,ER Triage,1701-12-30
253,ER Sepsis Triage,1702-12-30
253,LacticAcid,1703-12-30
253,Leucocytes,1704-12-30
253,CRP,1705-12-30
253,IV Liquid,1706-12-30
253,IV Antibiotics,1707-12-30
253,Admission NC,1708-12-30
253,CRP,1709-12-30
253,Leucocytes,1710-12-30
253,Admission NC,1711-12-30
253,CRP,1712-12-30
253,Leucocytes,1713-12-30
253,Leucocytes,1714-12-30
253,CRP,1715-12-30
253,CRP,1716-12-30
253,Release A,1717-12-30
254,ER Registration,1700-12-30
254,ER Triage,1701-12-30
254,ER Sepsis Triage,1702-12-30
254,CRP,1703-12-30
254,Leucocytes,1704-12-30
254,LacticAcid,1705-12-30
254,Admission NC,1706-12-30
254,Admission NC,1707-12-30
254,CRP,1708-12-30
254,Leucocytes,1709-12-30
254,Leucocytes,1710-12-30
254,CRP,1711-12-30
254,Leucocytes,1712-12-30
254,CRP,1713-12-30
254,Leucocytes,1714-12-30
254,CRP,1715-12-30
254,CRP,1716-12-30
254,Leucocytes,1717-12-30
254,Leucocytes,1718-12-30
254,CRP,1719-12-30
254,Release C,1720-12-30
255,ER Registration,1700-12-30
255,ER Triage,1701-12-30
255,ER Sepsis Triage,1702-12-30
255,LacticAcid,1703-12-30
255,CRP,1704-12-30
255,Leucocytes,1705-12-30
255,IV Antibiotics,1706-12-30
255,Admission NC,1707-12-30
255,IV Liquid,1708-12-30
255,CRP,1709-12-30
255,Leucocytes,1710-12-30
255,CRP,1711-12-30
255,Leucocytes,1712-12-30
255,Release A,1713-12-30
256,ER Registration,1700-12-30
256,ER Triage,1701-12-30
256,ER Sepsis Triage,1702-12-30
256,IV Liquid,1703-12-30
256,IV Antibiotics,1704-12-30
256,LacticAcid,1705-12-30
256,CRP,1706-12-30
256,Leucocytes,1707-12-30
256,Admission NC,1708-12-30
256,Admission NC,1709-12-30
256,Leucocytes,1710-12-30
256,CRP,1711-12-30
256,CRP,1712-12-30
256,CRP,1713-12-30
256,Leucocytes,1714-12-30
256,CRP,1715-12-30
256,Release A,1716-12-30
256,Return ER,1717-12-30
257,ER Registration,1700-12-30
257,ER Triage,1701-12-30
257,ER Sepsis Triage,1702-12-30
257,CRP,1703-12-30
257,Leucocytes,1704-12-30
257,Admission NC,1705-12-30
257,CRP,1706-12-30
257,Release A,1707-12-30
257,Return ER,1708-12-30
258,ER Registration,1700-12-30
258,ER Triage,1701-12-30
258,CRP,1702-12-30
258,Leucocytes,1703-12-30
258,LacticAcid,1704-12-30
258,ER Sepsis Triage,1705-12-30
258,IV Liquid,1706-12-30
258,IV Antibiotics,1707-12-30
258,Admission NC,1708-12-30
258,Admission IC,1709-12-30
258,CRP,1710-12-30
258,LacticAcid,1711-12-30
258,Leucocytes,1712-12-30
258,LacticAcid,1713-12-30
258,Leucocytes,1714-12-30
258,CRP,1715-12-30
258,LacticAcid,1716-12-30
258,Admission IC,1717-12-30
258,LacticAcid,1718-12-30
258,CRP,1719-12-30
258,Leucocytes,1720-12-30
258,LacticAcid,1721-12-30
258,Leucocytes,1722-12-30
258,CRP,1723-12-30
258,Leucocytes,1724-12-30
258,CRP,1725-12-30
258,LacticAcid,1726-12-30
258,Admission NC,1727-12-30
258,CRP,1728-12-30
258,Leucocytes,1729-12-30
258,CRP,1730-12-30
258,Leucocytes,1731-12-30
258,CRP,1732-12-30
258,Leucocytes,1733-12-30
258,Admission NC,1734-12-30
258,CRP,1735-12-30
258,Leucocytes,1736-12-30
258,Release A,1737-12-30
258,Return ER,1738-12-30
259,ER Registration,1700-12-30
259,ER Triage,1701-12-30
259,ER Sepsis Triage,1702-12-30
259,LacticAcid,1703-12-30
259,Leucocytes,1704-12-30
259,CRP,1705-12-30
259,IV Liquid,1706-12-30
259,IV Antibiotics,1707-12-30
259,Admission NC,1708-12-30
259,CRP,1709-12-30
259,Leucocytes,1710-12-30
259,Leucocytes,1711-12-30
259,CRP,1712-12-30
259,Release A,1713-12-30
260,ER Registration,1700-12-30
260,ER Triage,1701-12-30
260,ER Sepsis Triage,1702-12-30
260,IV Liquid,1703-12-30
260,IV Antibiotics,1704-12-30
260,CRP,1705-12-30
260,Leucocytes,1706-12-30
260,LacticAcid,1707-12-30
260,Admission NC,1708-12-30
260,Leucocytes,1709-12-30
260,Leucocytes,1710-12-30
260,Leucocytes,1711-12-30
260,CRP,1712-12-30
260,Admission NC,1713-12-30
260,Leucocytes,1714-12-30
260,CRP,1715-12-30
260,CRP,1716-12-30
260,Release A,1717-12-30
261,ER Registration,1700-12-30
261,ER Triage,1701-12-30
261,ER Sepsis Triage,1702-12-30
261,Leucocytes,1703-12-30
261,CRP,1704-12-30
261,LacticAcid,1705-12-30
261,IV Liquid,1706-12-30
261,IV Antibiotics,1707-12-30
261,Admission NC,1708-12-30
261,Leucocytes,1709-12-30
261,CRP,1710-12-30
261,CRP,1711-12-30
261,Leucocytes,1712-12-30
261,Leucocytes,1713-12-30
261,CRP,1714-12-30
261,Leucocytes,1715-12-30
261,Admission NC,1716-12-30
261,CRP,1717-12-30
261,Leucocytes,1718-12-30
261,Leucocytes,1719-12-30
261,Leucocytes,1720-12-30
261,CRP,1721-12-30
261,CRP,1722-12-30
261,Leucocytes,1723-12-30
261,Release A,1724-12-30
262,ER Registration,1700-12-30
262,ER Triage,1701-12-30
262,ER Sepsis Triage,1702-12-30
262,Leucocytes,1703-12-30
262,CRP,1704-12-30
262,LacticAcid,1705-12-30
262,IV Liquid,1706-12-30
262,IV Antibiotics,1707-12-30
262,Admission IC,1708-12-30
262,LacticAcid,1709-12-30
262,Leucocytes,1710-12-30
262,CRP,1711-12-30
262,LacticAcid,1712-12-30
262,CRP,1713-12-30
262,LacticAcid,1714-12-30
262,Leucocytes,1715-12-30
262,Admission NC,1716-12-30
262,CRP,1717-12-30
262,Leucocytes,1718-12-30
262,CRP,1719-12-30
262,Release A,1720-12-30
263,Leucocytes,1700-12-30
263,CRP,1701-12-30
263,ER Registration,1702-12-30
263,ER Triage,1703-12-30
263,ER Sepsis Triage,1704-12-30
263,LacticAcid,1705-12-30
263,Leucocytes,1706-12-30
263,CRP,1707-12-30
263,IV Liquid,1708-12-30
263,IV Antibiotics,1709-12-30
263,Admission NC,1710-12-30
263,Leucocytes,1711-12-30
263,CRP,1712-12-30
263,LacticAcid,1713-12-30
263,Leucocytes,1714-12-30
263,CRP,1715-12-30
263,Admission NC,1716-12-30
263,Admission NC,1717-12-30
263,CRP,1718-12-30
263,Leucocytes,1719-12-30
263,CRP,1720-12-30
263,Leucocytes,1721-12-30
263,CRP,1722-12-30
263,Admission NC,1723-12-30
263,Release B,1724-12-30
264,ER Registration,1700-12-30
264,ER Triage,1701-12-30
264,CRP,1702-12-30
264,Leucocytes,1703-12-30
264,LacticAcid,1704-12-30
264,ER Sepsis Triage,1705-12-30
264,IV Liquid,1706-12-30
264,IV Antibiotics,1707-12-30
264,Admission IC,1708-12-30
264,LacticAcid,1709-12-30
264,CRP,1710-12-30
264,Leucocytes,1711-12-30
264,Leucocytes,1712-12-30
264,CRP,1713-12-30
264,LacticAcid,1714-12-30
264,CRP,1715-12-30
264,LacticAcid,1716-12-30
264,Leucocytes,1717-12-30
264,Admission NC,1718-12-30
264,Leucocytes,1719-12-30
264,CRP,1720-12-30
264,Release A,1721-12-30
264,Return ER,1722-12-30
265,ER Registration,1700-12-30
265,ER Triage,1701-12-30
265,Leucocytes,1702-12-30
265,CRP,1703-12-30
265,LacticAcid,1704-12-30
265,ER Sepsis Triage,1705-12-30
265,IV Antibiotics,1706-12-30
265,Admission NC,1707-12-30
265,CRP,1708-12-30
265,Leucocytes,1709-12-30
265,Release A,1710-12-30
266,ER Registration,1700-12-30
266,ER Triage,1701-12-30
266,LacticAcid,1702-12-30
266,CRP,1703-12-30
266,Leucocytes,1704-12-30
266,ER Sepsis Triage,1705-12-30
266,IV Liquid,1706-12-30
266,IV Antibiotics,1707-12-30
266,Admission NC,1708-12-30
266,CRP,1709-12-30
266,Leucocytes,1710-12-30
266,Release A,1711-12-30
266,Return ER,1712-12-30
267,ER Registration,1700-12-30
267,ER Triage,1701-12-30
267,ER Sepsis Triage,1702-12-30
267,IV Liquid,1703-12-30
267,IV Antibiotics,1704-12-30
267,CRP,1705-12-30
267,LacticAcid,1706-12-30
267,Leucocytes,1707-12-30
267,Admission IC,1708-12-30
267,Leucocytes,1709-12-30
267,CRP,1710-12-30
267,LacticAcid,1711-12-30
267,LacticAcid,1712-12-30
267,CRP,1713-12-30
267,Leucocytes,1714-12-30
267,LacticAcid,1715-12-30
267,Leucocytes,1716-12-30
267,CRP,1717-12-30
267,Admission NC,1718-12-30
267,Release A,1719-12-30
267,Return ER,1720-12-30
268,ER Registration,1700-12-30
268,ER Triage,1701-12-30
268,ER Sepsis Triage,1702-12-30
268,Leucocytes,1703-12-30
268,CRP,1704-12-30
268,LacticAcid,1705-12-30
268,IV Liquid,1706-12-30
268,IV Antibiotics,1707-12-30
268,Admission NC,1708-12-30
268,CRP,1709-12-30
268,Leucocytes,1710-12-30
268,CRP,1711-12-30
268,Leucocytes,1712-12-30
268,CRP,1713-12-30
268,Release A,1714-12-30
269,ER Registration,1700-12-30
269,ER Triage,1701-12-30
269,ER Sepsis Triage,1702-12-30
269,Leucocytes,1703-12-30
269,CRP,1704-12-30
269,LacticAcid,1705-12-30
269,IV Liquid,1706-12-30
269,IV Antibiotics,1707-12-30
269,Admission NC,1708-12-30
269,Admission NC,1709-12-30
269,Admission NC,1710-12-30
269,CRP,1711-12-30
269,Leucocytes,1712-12-30
269,CRP,1713-12-30
269,Leucocytes,1714-12-30
269,Release A,1715-12-30
270,ER Registration,1700-12-30
270,ER Triage,1701-12-30
270,ER Sepsis Triage,1702-12-30
270,Leucocytes,1703-12-30
270,CRP,1704-12-30
270,LacticAcid,1705-12-30
270,IV Liquid,1706-12-30
270,IV Antibiotics,1707-12-30
270,Admission NC,1708-12-30
270,Leucocytes,1709-12-30
270,CRP,1710-12-30
270,Release A,1711-12-30
271,ER Registration,1700-12-30
271,ER Triage,1701-12-30
271,ER Sepsis Triage,1702-12-30
271,Leucocytes,1703-12-30
271,CRP,1704-12-30
271,LacticAcid,1705-12-30
271,IV Antibiotics,1706-12-30
271,Admission NC,1707-12-30
271,LacticAcid,1708-12-30
271,Release A,1709-12-30
272,ER Registration,1700-12-30
272,ER Triage,1701-12-30
272,ER Sepsis Triage,1702-12-30
272,LacticAcid,1703-12-30
272,CRP,1704-12-30
272,Leucocytes,1705-12-30
272,IV Liquid,1706-12-30
272,IV Antibiotics,1707-12-30
272,Admission NC,1708-12-30
272,Leucocytes,1709-12-30
272,CRP,1710-12-30
272,CRP,1711-12-30
272,Leucocytes,1712-12-30
272,Admission NC,1713-12-30
272,CRP,1714-12-30
272,Leucocytes,1715-12-30
272,CRP,1716-12-30
272,Admission NC,1717-12-30
272,Admission NC,1718-12-30
272,CRP,1719-12-30
272,CRP,1720-12-30
272,Leucocytes,1721-12-30
272,CRP,1722-12-30
272,Leucocytes,1723-12-30
272,CRP,1724-12-30
272,CRP,1725-12-30
272,Leucocytes,1726-12-30
272,CRP,1727-12-30
272,CRP,1728-12-30
272,Admission NC,1729-12-30
272,Release D,1730-12-30
273,ER Registration,1700-12-30
273,ER Triage,1701-12-30
273,Leucocytes,1702-12-30
273,CRP,1703-12-30
273,ER Sepsis Triage,1704-12-30
273,IV Liquid,1705-12-30
273,IV Antibiotics,1706-12-30
273,Admission NC,1707-12-30
273,Admission NC,1708-12-30
273,CRP,1709-12-30
273,Leucocytes,1710-12-30
273,CRP,1711-12-30
273,Release A,1712-12-30
274,ER Registration,1700-12-30
274,ER Triage,1701-12-30
274,CRP,1702-12-30
274,LacticAcid,1703-12-30
274,Leucocytes,1704-12-30
274,ER Sepsis Triage,1705-12-30
274,IV Liquid,1706-12-30
274,IV Antibiotics,1707-12-30
274,Admission NC,1708-12-30
274,Admission NC,1709-12-30
274,Leucocytes,1710-12-30
274,CRP,1711-12-30
274,Release A,1712-12-30
274,Return ER,1713-12-30
275,ER Registration,1700-12-30
275,Leucocytes,1701-12-30
275,CRP,1702-12-30
275,LacticAcid,1703-12-30
275,ER Triage,1704-12-30
275,ER Sepsis Triage,1705-12-30
275,IV Antibiotics,1706-12-30
275,Admission IC,1707-12-30
275,LacticAcid,1708-12-30
275,Leucocytes,1709-12-30
275,CRP,1710-12-30
275,LacticAcid,1711-12-30
275,Leucocytes,1712-12-30
275,CRP,1713-12-30
275,CRP,1714-12-30
275,Leucocytes,1715-12-30
275,LacticAcid,1716-12-30
275,Admission NC,1717-12-30
275,Leucocytes,1718-12-30
275,CRP,1719-12-30
275,Leucocytes,1720-12-30
275,CRP,1721-12-30
275,Release A,1722-12-30
276,ER Registration,1700-12-30
276,ER Triage,1701-12-30
276,ER Sepsis Triage,1702-12-30
276,Leucocytes,1703-12-30
276,CRP,1704-12-30
276,LacticAcid,1705-12-30
276,IV Liquid,1706-12-30
276,IV Antibiotics,1707-12-30
276,Admission NC,1708-12-30
276,LacticAcid,1709-12-30
276,CRP,1710-12-30
276,CRP,1711-12-30
276,LacticAcid,1712-12-30
276,Leucocytes,1713-12-30
276,Leucocytes,1714-12-30
276,CRP,1715-12-30
276,Leucocytes,1716-12-30
276,CRP,1717-12-30
276,Release B,1718-12-30
277,ER Registration,1700-12-30
277,ER Triage,1701-12-30
277,ER Sepsis Triage,1702-12-30
277,Leucocytes,1703-12-30
277,CRP,1704-12-30
277,LacticAcid,1705-12-30
277,IV Antibiotics,1706-12-30
277,IV Liquid,1707-12-30
277,Admission NC,1708-12-30
277,Leucocytes,1709-12-30
277,CRP,1710-12-30
277,Leucocytes,1711-12-30
277,CRP,1712-12-30
277,Release A,1713-12-30
278,ER Registration,1700-12-30
278,ER Triage,1701-12-30
278,ER Sepsis Triage,1702-12-30
278,LacticAcid,1703-12-30
278,CRP,1704-12-30
278,Leucocytes,1705-12-30
278,IV Antibiotics,1706-12-30
279,ER Registration,1700-12-30
279,ER Triage,1701-12-30
279,LacticAcid,1702-12-30
279,CRP,1703-12-30
279,Leucocytes,1704-12-30
279,IV Liquid,1705-12-30
279,ER Sepsis Triage,1706-12-30
279,Admission NC,1707-12-30
279,IV Antibiotics,1708-12-30
279,CRP,1709-12-30
279,CRP,1710-12-30
279,Leucocytes,1711-12-30
279,CRP,1712-12-30
279,Leucocytes,1713-12-30
279,Release A,1714-12-30
279,Return ER,1715-12-30
280,IV Liquid,1700-12-30
280,ER Registration,1701-12-30
280,ER Triage,1702-12-30
280,ER Sepsis Triage,1703-12-30
280,IV Antibiotics,1704-12-30
280,Leucocytes,1705-12-30
280,LacticAcid,1706-12-30
280,CRP,1707-12-30
280,Admission NC,1708-12-30
280,Leucocytes,1709-12-30
280,CRP,1710-12-30
280,Leucocytes,1711-12-30
280,CRP,1712-12-30
280,Release A,1713-12-30
280,Return ER,1714-12-30
281,ER Registration,1700-12-30
281,ER Triage,1701-12-30
281,ER Sepsis Triage,1702-12-30
281,Leucocytes,1703-12-30
281,LacticAcid,1704-12-30
281,CRP,1705-12-30
281,IV Liquid,1706-12-30
281,IV Antibiotics,1707-12-30
281,Admission NC,1708-12-30
281,Leucocytes,1709-12-30
281,Leucocytes,1710-12-30
281,CRP,1711-12-30
281,CRP,1712-12-30
281,CRP,1713-12-30
281,Release A,1714-12-30
281,Return ER,1715-12-30
282,ER Registration,1700-12-30
282,ER Triage,1701-12-30
282,ER Sepsis Triage,1702-12-30
282,LacticAcid,1703-12-30
282,CRP,1704-12-30
282,Leucocytes,1705-12-30
282,IV Liquid,1706-12-30
282,IV Antibiotics,1707-12-30
282,Admission NC,1708-12-30
282,Admission NC,1709-12-30
282,CRP,1710-12-30
282,Leucocytes,1711-12-30
282,Release A,1712-12-30
283,ER Registration,1700-12-30
283,ER Triage,1701-12-30
283,ER Sepsis Triage,1702-12-30
283,LacticAcid,1703-12-30
283,Leucocytes,1704-12-30
283,CRP,1705-12-30
283,IV Liquid,1706-12-30
283,IV Antibiotics,1707-12-30
283,Admission NC,1708-12-30
283,Leucocytes,1709-12-30
283,Leucocytes,1710-12-30
283,Release A,1711-12-30
283,Return ER,1712-12-30
284,ER Registration,1700-12-30
284,ER Triage,1701-12-30
284,ER Sepsis Triage,1702-12-30
284,CRP,1703-12-30
284,Leucocytes,1704-12-30
284,Admission NC,1705-12-30
284,Leucocytes,1706-12-30
284,CRP,1707-12-30
284,Admission NC,1708-12-30
284,Leucocytes,1709-12-30
284,CRP,1710-12-30
284,Release A,1711-12-30
285,ER Registration,1700-12-30
285,ER Triage,1701-12-30
285,ER Sepsis Triage,1702-12-30
285,IV Liquid,1703-12-30
285,IV Antibiotics,1704-12-30
285,LacticAcid,1705-12-30
285,Leucocytes,1706-12-30
285,CRP,1707-12-30
285,Admission NC,1708-12-30
285,Leucocytes,1709-12-30
285,CRP,1710-12-30
285,Admission NC,1711-12-30
285,CRP,1712-12-30
285,Leucocytes,1713-12-30
285,CRP,1714-12-30
285,Release A,1715-12-30
286,ER Registration,1700-12-30
286,ER Triage,1701-12-30
286,ER Sepsis Triage,1702-12-30
286,IV Liquid,1703-12-30
286,Leucocytes,1704-12-30
286,CRP,1705-12-30
286,LacticAcid,1706-12-30
286,IV Antibiotics,1707-12-30
286,Admission NC,1708-12-30
286,CRP,1709-12-30
286,Leucocytes,1710-12-30
287,ER Registration,1700-12-30
287,ER Triage,1701-12-30
287,ER Sepsis Triage,1702-12-30
287,IV Liquid,1703-12-30
287,IV Antibiotics,1704-12-30
287,CRP,1705-12-30
287,Leucocytes,1706-12-30
287,LacticAcid,1707-12-30
287,Admission NC,1708-12-30
287,CRP,1709-12-30
287,Leucocytes,1710-12-30
287,Release A,1711-12-30
287,Return ER,1712-12-30
288,ER Registration,1700-12-30
288,ER Triage,1701-12-30
288,ER Sepsis Triage,1702-12-30
288,CRP,1703-12-30
288,Leucocytes,1704-12-30
289,ER Registration,1700-12-30
289,LacticAcid,1701-12-30
289,Leucocytes,1702-12-30
289,CRP,1703-12-30
289,ER Triage,1704-12-30
289,ER Sepsis Triage,1705-12-30
289,IV Antibiotics,1706-12-30
289,IV Liquid,1707-12-30
289,Admission NC,1708-12-30
289,CRP,1709-12-30
289,Leucocytes,1710-12-30
289,Release A,1711-12-30
289,Return ER,1712-12-30
290,ER Registration,1700-12-30
290,ER Triage,1701-12-30
290,ER Sepsis Triage,1702-12-30
290,IV Liquid,1703-12-30
290,Leucocytes,1704-12-30
290,CRP,1705-12-30
290,LacticAcid,1706-12-30
290,IV Antibiotics,1707-12-30
290,Admission IC,1708-12-30
290,Leucocytes,1709-12-30
290,CRP,1710-12-30
290,LacticAcid,1711-12-30
290,CRP,1712-12-30
290,LacticAcid,1713-12-30
290,Leucocytes,1714-12-30
290,Leucocytes,1715-12-30
290,LacticAcid,1716-12-30
290,CRP,1717-12-30
290,Admission NC,1718-12-30
290,Release B,1719-12-30
291,ER Registration,1700-12-30
291,ER Triage,1701-12-30
291,ER Sepsis Triage,1702-12-30
291,IV Liquid,1703-12-30
291,IV Antibiotics,1704-12-30
291,Leucocytes,1705-12-30
291,CRP,1706-12-30
291,LacticAcid,1707-12-30
291,Admission NC,1708-12-30
291,CRP,1709-12-30
291,CRP,1710-12-30
291,Leucocytes,1711-12-30
291,Leucocytes,1712-12-30
291,CRP,1713-12-30
291,CRP,1714-12-30
291,Leucocytes,1715-12-30
291,Release A,1716-12-30
292,Leucocytes,1700-12-30
292,CRP,1701-12-30
292,ER Registration,1702-12-30
292,ER Triage,1703-12-30
292,ER Sepsis Triage,1704-12-30
292,IV Liquid,1705-12-30
292,LacticAcid,1706-12-30
292,Leucocytes,1707-12-30
292,CRP,1708-12-30
292,IV Antibiotics,1709-12-30
292,Admission NC,1710-12-30
292,Leucocytes,1711-12-30
292,CRP,1712-12-30
292,Admission NC,1713-12-30
292,CRP,1714-12-30
292,Leucocytes,1715-12-30
292,Leucocytes,1716-12-30
292,Leucocytes,1717-12-30
292,CRP,1718-12-30
292,Leucocytes,1719-12-30
292,Leucocytes,1720-12-30
292,Leucocytes,1721-12-30
292,Leucocytes,1722-12-30
292,Leucocytes,1723-12-30
292,CRP,1724-12-30
292,Leucocytes,1725-12-30
292,Leucocytes,1726-12-30
292,Leucocytes,1727-12-30
292,Leucocytes,1728-12-30
292,Leucocytes,1729-12-30
292,Leucocytes,1730-12-30
292,CRP,1731-12-30
292,CRP,1732-12-30
292,Leucocytes,1733-12-30
292,Leucocytes,1734-12-30
292,CRP,1735-12-30
292,Leucocytes,1736-12-30
292,CRP,1737-12-30
292,CRP,1738-12-30
292,Leucocytes,1739-12-30
292,Leucocytes,1740-12-30
292,CRP,1741-12-30
292,Leucocytes,1742-12-30
292,Leucocytes,1743-12-30
292,CRP,1744-12-30
292,Leucocytes,1745-12-30
292,CRP,1746-12-30
292,Leucocytes,1747-12-30
292,CRP,1748-12-30
292,Leucocytes,1749-12-30
292,Leucocytes,1750-12-30
292,Leucocytes,1751-12-30
292,CRP,1752-12-30
292,CRP,1753-12-30
292,Leucocytes,1754-12-30
292,CRP,1755-12-30
292,Leucocytes,1756-12-30
292,Leucocytes,1757-12-30
292,CRP,1758-12-30
292,Leucocytes,1759-12-30
292,Admission IC,1760-12-30
292,Leucocytes,1761-12-30
292,CRP,1762-12-30
292,LacticAcid,1763-12-30
292,CRP,1764-12-30
292,LacticAcid,1765-12-30
292,Leucocytes,1766-12-30
292,LacticAcid,1767-12-30
292,Leucocytes,1768-12-30
292,CRP,1769-12-30
292,Leucocytes,1770-12-30
292,CRP,1771-12-30
292,LacticAcid,1772-12-30
292,Admission NC,1773-12-30
292,Leucocytes,1774-12-30
292,Leucocytes,1775-12-30
292,Leucocytes,1776-12-30
292,Leucocytes,1777-12-30
292,CRP,1778-12-30
292,Leucocytes,1779-12-30
292,Leucocytes,1780-12-30
292,CRP,1781-12-30
292,Leucocytes,1782-12-30
292,Leucocytes,1783-12-30
292,CRP,1784-12-30
292,CRP,1785-12-30
292,Leucocytes,1786-12-30
292,Release D,1787-12-30
293,ER Registration,1700-12-30
293,ER Triage,1701-12-30
293,ER Sepsis Triage,1702-12-30
293,CRP,1703-12-30
293,LacticAcid,1704-12-30
293,Leucocytes,1705-12-30
293,IV Liquid,1706-12-30
293,IV Antibiotics,1707-12-30
293,Admission NC,1708-12-30
293,Release C,1709-12-30
294,ER Registration,1700-12-30
294,ER Triage,1701-12-30
294,ER Sepsis Triage,1702-12-30
294,Leucocytes,1703-12-30
294,CRP,1704-12-30
294,LacticAcid,1705-12-30
295,ER Registration,1700-12-30
295,ER Triage,1701-12-30
295,ER Sepsis Triage,1702-12-30
295,Leucocytes,1703-12-30
295,CRP,1704-12-30
295,LacticAcid,1705-12-30
295,IV Antibiotics,1706-12-30
295,IV Liquid,1707-12-30
295,Admission IC,1708-12-30
295,CRP,1709-12-30
295,LacticAcid,1710-12-30
295,Leucocytes,1711-12-30
295,LacticAcid,1712-12-30
295,LacticAcid,1713-12-30
295,LacticAcid,1714-12-30
295,CRP,1715-12-30
295,LacticAcid,1716-12-30
295,Leucocytes,1717-12-30
295,LacticAcid,1718-12-30
295,LacticAcid,1719-12-30
295,LacticAcid,1720-12-30
295,LacticAcid,1721-12-30
295,LacticAcid,1722-12-30
295,Leucocytes,1723-12-30
295,CRP,1724-12-30
295,Admission NC,1725-12-30
295,CRP,1726-12-30
295,Leucocytes,1727-12-30
295,Leucocytes,1728-12-30
295,CRP,1729-12-30
295,Release A,1730-12-30
296,ER Registration,1700-12-30
296,ER Triage,1701-12-30
296,LacticAcid,1702-12-30
296,Leucocytes,1703-12-30
296,CRP,1704-12-30
296,ER Sepsis Triage,1705-12-30
296,IV Liquid,1706-12-30
296,IV Antibiotics,1707-12-30
296,Admission NC,1708-12-30
296,CRP,1709-12-30
296,Leucocytes,1710-12-30
296,CRP,1711-12-30
296,Leucocytes,1712-12-30
296,Release A,1713-12-30
297,ER Registration,1700-12-30
297,ER Triage,1701-12-30
297,ER Sepsis Triage,1702-12-30
297,CRP,1703-12-30
297,LacticAcid,1704-12-30
297,Leucocytes,1705-12-30
297,IV Liquid,1706-12-30
297,IV Antibiotics,1707-12-30
297,Admission NC,1708-12-30
297,CRP,1709-12-30
297,Leucocytes,1710-12-30
297,Release A,1711-12-30
298,ER Registration,1700-12-30
298,ER Triage,1701-12-30
298,ER Sepsis Triage,1702-12-30
298,Leucocytes,1703-12-30
298,CRP,1704-12-30
298,LacticAcid,1705-12-30
298,IV Liquid,1706-12-30
298,IV Antibiotics,1707-12-30
298,Admission IC,1708-12-30
298,LacticAcid,1709-12-30
298,Leucocytes,1710-12-30
298,CRP,1711-12-30
298,Leucocytes,1712-12-30
298,CRP,1713-12-30
298,LacticAcid,1714-12-30
298,Admission NC,1715-12-30
298,Leucocytes,1716-12-30
298,CRP,1717-12-30
298,CRP,1718-12-30
298,Leucocytes,1719-12-30
298,Leucocytes,1720-12-30
298,Leucocytes,1721-12-30
298,CRP,1722-12-30
298,Leucocytes,1723-12-30
298,CRP,1724-12-30
298,Release A,1725-12-30
298,Return ER,1726-12-30
299,ER Registration,1700-12-30
299,ER Triage,1701-12-30
299,ER Sepsis Triage,1702-12-30
299,CRP,1703-12-30
299,LacticAcid,1704-12-30
299,Leucocytes,1705-12-30
299,IV Liquid,1706-12-30
299,IV Antibiotics,1707-12-30
299,Admission NC,1708-12-30
299,Leucocytes,1709-12-30
299,CRP,1710-12-30
299,CRP,1711-12-30
299,Leucocytes,1712-12-30
299,Leucocytes,1713-12-30
299,CRP,1714-12-30
299,CRP,1715-12-30
299,CRP,1716-12-30
299,Release A,1717-12-30
300,ER Registration,1700-12-30
300,ER Triage,1701-12-30
300,ER Sepsis Triage,1702-12-30
300,LacticAcid,1703-12-30
300,CRP,1704-12-30
300,Leucocytes,1705-12-30
300,IV Antibiotics,1706-12-30
300,IV Liquid,1707-12-30
300,Admission NC,1708-12-30
300,Leucocytes,1709-12-30
300,CRP,1710-12-30
300,Leucocytes,1711-12-30
300,Leucocytes,1712-12-30
300,CRP,1713-12-30
300,CRP,1714-12-30
300,Leucocytes,1715-12-30
300,Leucocytes,1716-12-30
300,Release A,1717-12-30
300,Return ER,1718-12-30
301,ER Registration,1700-12-30
301,ER Triage,1701-12-30
301,ER Sepsis Triage,1702-12-30
301,LacticAcid,1703-12-30
301,Leucocytes,1704-12-30
301,CRP,1705-12-30
301,IV Liquid,1706-12-30
301,IV Antibiotics,1707-12-30
301,Admission NC,1708-12-30
301,CRP,1709-12-30
301,Leucocytes,1710-12-30
301,Leucocytes,1711-12-30
301,CRP,1712-12-30
301,Leucocytes,1713-12-30
301,CRP,1714-12-30
301,Leucocytes,1715-12-30
301,Leucocytes,1716-12-30
301,CRP,1717-12-30
301,Leucocytes,1718-12-30
301,Leucocytes,1719-12-30
301,CRP,1720-12-30
301,Release A,1721-12-30
301,Return ER,1722-12-30
302,Leucocytes,1700-12-30
302,CRP,1701-12-30
302,ER Registration,1702-12-30
302,ER Triage,1703-12-30
302,ER Sepsis Triage,1704-12-30
302,IV Antibiotics,1705-12-30
302,Admission NC,1706-12-30
302,Leucocytes,1707-12-30
302,CRP,1708-12-30
302,Leucocytes,1709-12-30
302,CRP,1710-12-30
302,CRP,1711-12-30
302,CRP,1712-12-30
302,Leucocytes,1713-12-30
302,CRP,1714-12-30
302,Release A,1715-12-30
303,ER Registration,1700-12-30
303,ER Triage,1701-12-30
303,ER Sepsis Triage,1702-12-30
303,IV Liquid,1703-12-30
303,IV Antibiotics,1704-12-30
303,LacticAcid,1705-12-30
303,Leucocytes,1706-12-30
303,CRP,1707-12-30
303,Admission NC,1708-12-30
303,CRP,1709-12-30
303,Leucocytes,1710-12-30
303,Leucocytes,1711-12-30
303,CRP,1712-12-30
303,Leucocytes,1713-12-30
303,Release A,1714-12-30
304,ER Registration,1700-12-30
304,ER Triage,1701-12-30
304,LacticAcid,1702-12-30
304,CRP,1703-12-30
304,Leucocytes,1704-12-30
304,ER Sepsis Triage,1705-12-30
304,IV Liquid,1706-12-30
304,IV Antibiotics,1707-12-30
304,Admission NC,1708-12-30
304,CRP,1709-12-30
304,Leucocytes,1710-12-30
304,Leucocytes,1711-12-30
304,CRP,1712-12-30
304,Admission NC,1713-12-30
304,Leucocytes,1714-12-30
304,CRP,1715-12-30
304,Leucocytes,1716-12-30
304,Leucocytes,1717-12-30
304,CRP,1718-12-30
304,Leucocytes,1719-12-30
304,CRP,1720-12-30
304,Leucocytes,1721-12-30
304,CRP,1722-12-30
304,Leucocytes,1723-12-30
304,CRP,1724-12-30
304,CRP,1725-12-30
304,Leucocytes,1726-12-30
304,CRP,1727-12-30
304,Leucocytes,1728-12-30
304,CRP,1729-12-30
304,Release C,1730-12-30
304,Return ER,1731-12-30
305,ER Registration,1700-12-30
305,ER Triage,1701-12-30
305,ER Sepsis Triage,1702-12-30
305,CRP,1703-12-30
305,Leucocytes,1704-12-30
306,ER Registration,1700-12-30
306,ER Triage,1701-12-30
306,ER Sepsis Triage,1702-12-30
306,Leucocytes,1703-12-30
306,CRP,1704-12-30
306,LacticAcid,1705-12-30
306,Admission NC,1706-12-30
306,Leucocytes,1707-12-30
306,CRP,1708-12-30
306,Admission NC,1709-12-30
306,CRP,1710-12-30
306,Leucocytes,1711-12-30
306,Leucocytes,1712-12-30
306,CRP,1713-12-30
306,Leucocytes,1714-12-30
306,CRP,1715-12-30
306,Release A,1716-12-30
306,Return ER,1717-12-30
307,ER Registration,1700-12-30
307,ER Triage,1701-12-30
307,LacticAcid,1702-12-30
307,CRP,1703-12-30
307,Leucocytes,1704-12-30
307,ER Sepsis Triage,1705-12-30
307,IV Liquid,1706-12-30
307,IV Antibiotics,1707-12-30
307,Admission NC,1708-12-30
307,Leucocytes,1709-12-30
307,CRP,1710-12-30
307,CRP,1711-12-30
307,Leucocytes,1712-12-30
307,Admission NC,1713-12-30
307,Leucocytes,1714-12-30
307,CRP,1715-12-30
307,Admission NC,1716-12-30
307,Leucocytes,1717-12-30
307,CRP,1718-12-30
307,Release A,1719-12-30
308,Leucocytes,1700-12-30
308,CRP,1701-12-30
308,ER Registration,1702-12-30
308,ER Triage,1703-12-30
308,ER Sepsis Triage,1704-12-30
308,IV Antibiotics,1705-12-30
308,Admission NC,1706-12-30
308,Release A,1707-12-30
309,ER Registration,1700-12-30
309,ER Triage,1701-12-30
309,ER Sepsis Triage,1702-12-30
309,Leucocytes,1703-12-30
309,LacticAcid,1704-12-30
309,CRP,1705-12-30
310,ER Registration,1700-12-30
310,ER Triage,1701-12-30
310,ER Sepsis Triage,1702-12-30
310,LacticAcid,1703-12-30
310,CRP,1704-12-30
310,Leucocytes,1705-12-30
310,IV Liquid,1706-12-30
310,IV Antibiotics,1707-12-30
310,Admission NC,1708-12-30
310,CRP,1709-12-30
310,Leucocytes,1710-12-30
310,Leucocytes,1711-12-30
310,CRP,1712-12-30
310,CRP,1713-12-30
310,Leucocytes,1714-12-30
310,Release A,1715-12-30
310,Return ER,1716-12-30
311,ER Registration,1700-12-30
311,ER Triage,1701-12-30
311,ER Sepsis Triage,1702-12-30
311,IV Liquid,1703-12-30
311,Leucocytes,1704-12-30
311,CRP,1705-12-30
311,IV Antibiotics,1706-12-30
311,Admission NC,1707-12-30
311,CRP,1708-12-30
311,Leucocytes,1709-12-30
311,Release A,1710-12-30
312,ER Registration,1700-12-30
312,ER Triage,1701-12-30
312,LacticAcid,1702-12-30
312,Leucocytes,1703-12-30
312,CRP,1704-12-30
312,ER Sepsis Triage,1705-12-30
312,IV Liquid,1706-12-30
312,Leucocytes,1707-12-30
312,IV Antibiotics,1708-12-30
312,Admission NC,1709-12-30
312,Admission NC,1710-12-30
312,Leucocytes,1711-12-30
312,CRP,1712-12-30
312,CRP,1713-12-30
312,Leucocytes,1714-12-30
312,Leucocytes,1715-12-30
312,CRP,1716-12-30
312,Release A,1717-12-30
312,Return ER,1718-12-30
313,ER Registration,1700-12-30
313,ER Triage,1701-12-30
313,ER Sepsis Triage,1702-12-30
313,Leucocytes,1703-12-30
313,CRP,1704-12-30
313,IV Antibiotics,1705-12-30
313,Admission NC,1706-12-30
313,Admission NC,1707-12-30
313,Admission NC,1708-12-30
313,CRP,1709-12-30
313,Release A,1710-12-30
314,ER Registration,1700-12-30
314,ER Triage,1701-12-30
314,ER Sepsis Triage,1702-12-30
314,Leucocytes,1703-12-30
315,ER Registration,1700-12-30
315,ER Triage,1701-12-30
315,ER Sepsis Triage,1702-12-30
315,Leucocytes,1703-12-30
315,CRP,1704-12-30
315,LacticAcid,1705-12-30
315,IV Antibiotics,1706-12-30
315,IV Liquid,1707-12-30
315,Admission NC,1708-12-30
315,Leucocytes,1709-12-30
315,Release A,1710-12-30
316,ER Registration,1700-12-30
316,ER Triage,1701-12-30
316,ER Sepsis Triage,1702-12-30
316,IV Liquid,1703-12-30
316,Leucocytes,1704-12-30
316,LacticAcid,1705-12-30
316,CRP,1706-12-30
316,IV Antibiotics,1707-12-30
316,Admission NC,1708-12-30
316,Admission NC,1709-12-30
316,Leucocytes,1710-12-30
316,Leucocytes,1711-12-30
316,CRP,1712-12-30
316,Release A,1713-12-30
317,ER Registration,1700-12-30
317,ER Triage,1701-12-30
317,ER Sepsis Triage,1702-12-30
317,Leucocytes,1703-12-30
317,LacticAcid,1704-12-30
317,CRP,1705-12-30
317,Admission NC,1706-12-30
317,IV Liquid,1707-12-30
317,IV Antibiotics,1708-12-30
318,ER Registration,1700-12-30
318,ER Triage,1701-12-30
318,ER Sepsis Triage,1702-12-30
318,LacticAcid,1703-12-30
318,Leucocytes,1704-12-30
318,CRP,1705-12-30
318,IV Antibiotics,1706-12-30
318,Admission NC,1707-12-30
318,Admission NC,1708-12-30
318,CRP,1709-12-30
318,Leucocytes,1710-12-30
318,CRP,1711-12-30
318,Leucocytes,1712-12-30
318,Release A,1713-12-30
318,Return ER,1714-12-30
319,ER Registration,1700-12-30
319,ER Triage,1701-12-30
319,ER Sepsis Triage,1702-12-30
319,CRP,1703-12-30
319,LacticAcid,1704-12-30
319,Leucocytes,1705-12-30
319,IV Liquid,1706-12-30
319,IV Antibiotics,1707-12-30
319,Admission NC,1708-12-30
319,Leucocytes,1709-12-30
319,CRP,1710-12-30
319,Leucocytes,1711-12-30
319,CRP,1712-12-30
319,Release A,1713-12-30
319,Return ER,1714-12-30
320,ER Registration,1700-12-30
320,ER Triage,1701-12-30
320,ER Sepsis Triage,1702-12-30
320,IV Antibiotics,1703-12-30
320,Leucocytes,1704-12-30
320,CRP,1705-12-30
320,LacticAcid,1706-12-30
320,IV Liquid,1707-12-30
320,Admission NC,1708-12-30
320,CRP,1709-12-30
320,Leucocytes,1710-12-30
320,CRP,1711-12-30
320,Release A,1712-12-30
321,ER Registration,1700-12-30
321,ER Triage,1701-12-30
321,ER Sepsis Triage,1702-12-30
321,LacticAcid,1703-12-30
321,CRP,1704-12-30
321,Leucocytes,1705-12-30
321,IV Liquid,1706-12-30
321,IV Antibiotics,1707-12-30
321,Admission NC,1708-12-30
321,Release A,1709-12-30
322,ER Registration,1700-12-30
322,ER Triage,1701-12-30
322,Leucocytes,1702-12-30
322,CRP,1703-12-30
322,ER Sepsis Triage,1704-12-30
323,ER Registration,1700-12-30
323,ER Triage,1701-12-30
323,ER Sepsis Triage,1702-12-30
323,LacticAcid,1703-12-30
323,Leucocytes,1704-12-30
323,CRP,1705-12-30
323,IV Antibiotics,1706-12-30
323,IV Liquid,1707-12-30
323,Admission NC,1708-12-30
323,Leucocytes,1709-12-30
323,Leucocytes,1710-12-30
323,CRP,1711-12-30
323,Leucocytes,1712-12-30
323,Leucocytes,1713-12-30
323,CRP,1714-12-30
323,Leucocytes,1715-12-30
323,CRP,1716-12-30
323,CRP,1717-12-30
323,Leucocytes,1718-12-30
323,Leucocytes,1719-12-30
323,CRP,1720-12-30
323,Release A,1721-12-30
324,ER Registration,1700-12-30
324,ER Triage,1701-12-30
324,ER Sepsis Triage,1702-12-30
324,Leucocytes,1703-12-30
324,LacticAcid,1704-12-30
324,CRP,1705-12-30
324,IV Liquid,1706-12-30
324,IV Antibiotics,1707-12-30
324,Admission NC,1708-12-30
324,CRP,1709-12-30
324,Leucocytes,1710-12-30
324,Leucocytes,1711-12-30
324,CRP,1712-12-30
324,Admission IC,1713-12-30
324,Leucocytes,1714-12-30
324,CRP,1715-12-30
324,LacticAcid,1716-12-30
324,LacticAcid,1717-12-30
324,CRP,1718-12-30
324,Leucocytes,1719-12-30
324,LacticAcid,1720-12-30
324,Leucocytes,1721-12-30
324,CRP,1722-12-30
324,Admission NC,1723-12-30
324,Leucocytes,1724-12-30
324,Leucocytes,1725-12-30
324,CRP,1726-12-30
324,Release A,1727-12-30
324,Return ER,1728-12-30
325,ER Registration,1700-12-30
325,ER Triage,1701-12-30
325,ER Sepsis Triage,1702-12-30
325,CRP,1703-12-30
325,Leucocytes,1704-12-30
325,LacticAcid,1705-12-30
326,ER Registration,1700-12-30
326,ER Triage,1701-12-30
326,ER Sepsis Triage,1702-12-30
326,CRP,1703-12-30
326,Leucocytes,1704-12-30
326,Admission NC,1705-12-30
326,Leucocytes,1706-12-30
326,CRP,1707-12-30
326,CRP,1708-12-30
326,Leucocytes,1709-12-30
326,Release A,1710-12-30
326,Return ER,1711-12-30
327,ER Registration,1700-12-30
327,LacticAcid,1701-12-30
327,Leucocytes,1702-12-30
327,CRP,1703-12-30
327,ER Triage,1704-12-30
327,ER Sepsis Triage,1705-12-30
328,ER Registration,1700-12-30
328,ER Triage,1701-12-30
328,ER Sepsis Triage,1702-12-30
328,CRP,1703-12-30
328,LacticAcid,1704-12-30
328,Leucocytes,1705-12-30
329,ER Registration,1700-12-30
329,ER Triage,1701-12-30
329,ER Sepsis Triage,1702-12-30
329,Leucocytes,1703-12-30
329,CRP,1704-12-30
329,Admission NC,1705-12-30
329,Release A,1706-12-30
330,ER Registration,1700-12-30
330,ER Triage,1701-12-30
330,Leucocytes,1702-12-30
330,CRP,1703-12-30
330,LacticAcid,1704-12-30
330,ER Sepsis Triage,1705-12-30
330,IV Antibiotics,1706-12-30
330,IV Liquid,1707-12-30
330,Admission NC,1708-12-30
330,Admission NC,1709-12-30
330,CRP,1710-12-30
330,Leucocytes,1711-12-30
330,Leucocytes,1712-12-30
330,CRP,1713-12-30
330,Release A,1714-12-30
330,Return ER,1715-12-30
331,ER Registration,1700-12-30
331,ER Triage,1701-12-30
331,ER Sepsis Triage,1702-12-30
331,IV Liquid,1703-12-30
331,IV Antibiotics,1704-12-30
331,CRP,1705-12-30
331,Leucocytes,1706-12-30
331,LacticAcid,1707-12-30
331,Admission NC,1708-12-30
331,Leucocytes,1709-12-30
331,CRP,1710-12-30
331,Admission NC,1711-12-30
331,Leucocytes,1712-12-30
331,CRP,1713-12-30
331,Leucocytes,1714-12-30
331,CRP,1715-12-30
331,Release A,1716-12-30
332,ER Registration,1700-12-30
332,Leucocytes,1701-12-30
332,LacticAcid,1702-12-30
332,CRP,1703-12-30
332,ER Triage,1704-12-30
332,ER Sepsis Triage,1705-12-30
332,IV Antibiotics,1706-12-30
333,ER Registration,1700-12-30
333,ER Triage,1701-12-30
333,ER Sepsis Triage,1702-12-30
333,Leucocytes,1703-12-30
333,CRP,1704-12-30
333,LacticAcid,1705-12-30
333,IV Liquid,1706-12-30
333,IV Antibiotics,1707-12-30
333,Admission NC,1708-12-30
333,Leucocytes,1709-12-30
333,CRP,1710-12-30
333,CRP,1711-12-30
333,Leucocytes,1712-12-30
333,Release A,1713-12-30
334,CRP,1700-12-30
334,Leucocytes,1701-12-30
334,ER Registration,1702-12-30
334,ER Triage,1703-12-30
334,ER Sepsis Triage,1704-12-30
334,Admission NC,1705-12-30
334,CRP,1706-12-30
334,CRP,1707-12-30
334,Release A,1708-12-30
335,ER Registration,1700-12-30
335,ER Triage,1701-12-30
335,ER Sepsis Triage,1702-12-30
335,CRP,1703-12-30
335,LacticAcid,1704-12-30
335,Leucocytes,1705-12-30
335,IV Liquid,1706-12-30
335,IV Antibiotics,1707-12-30
335,Admission NC,1708-12-30
335,Leucocytes,1709-12-30
335,Leucocytes,1710-12-30
335,CRP,1711-12-30
335,Release A,1712-12-30
335,Return ER,1713-12-30
336,ER Registration,1700-12-30
336,ER Triage,1701-12-30
336,LacticAcid,1702-12-30
336,CRP,1703-12-30
336,Leucocytes,1704-12-30
336,ER Sepsis Triage,1705-12-30
336,IV Liquid,1706-12-30
336,IV Antibiotics,1707-12-30
336,Admission NC,1708-12-30
336,Leucocytes,1709-12-30
336,CRP,1710-12-30
336,LacticAcid,1711-12-30
336,CRP,1712-12-30
336,Leucocytes,1713-12-30
336,Leucocytes,1714-12-30
336,CRP,1715-12-30
336,Release A,1716-12-30
336,Return ER,1717-12-30
337,ER Registration,1700-12-30
337,ER Triage,1701-12-30
337,ER Sepsis Triage,1702-12-30
337,IV Liquid,1703-12-30
337,IV Antibiotics,1704-12-30
337,Leucocytes,1705-12-30
337,LacticAcid,1706-12-30
337,CRP,1707-12-30
337,Admission NC,1708-12-30
337,Leucocytes,1709-12-30
337,CRP,1710-12-30
337,Release A,1711-12-30
337,Return ER,1712-12-30
338,ER Registration,1700-12-30
338,ER Triage,1701-12-30
338,ER Sepsis Triage,1702-12-30
338,Leucocytes,1703-12-30
338,CRP,1704-12-30
339,ER Registration,1700-12-30
339,ER Triage,1701-12-30
339,Leucocytes,1702-12-30
339,CRP,1703-12-30
339,ER Sepsis Triage,1704-12-30
339,IV Liquid,1705-12-30
339,IV Antibiotics,1706-12-30
339,Release B,1707-12-30
339,Admission NC,1708-12-30
340,ER Registration,1700-12-30
340,ER Triage,1701-12-30
340,ER Sepsis Triage,1702-12-30
340,LacticAcid,1703-12-30
340,Leucocytes,1704-12-30
340,CRP,1705-12-30
340,IV Antibiotics,1706-12-30
340,Admission NC,1707-12-30
340,CRP,1708-12-30
340,Leucocytes,1709-12-30
340,Admission NC,1710-12-30
340,Leucocytes,1711-12-30
340,CRP,1712-12-30
340,CRP,1713-12-30
340,Release A,1714-12-30
341,ER Registration,1700-12-30
341,ER Triage,1701-12-30
341,CRP,1702-12-30
341,LacticAcid,1703-12-30
341,Leucocytes,1704-12-30
341,ER Sepsis Triage,1705-12-30
341,IV Liquid,1706-12-30
341,IV Antibiotics,1707-12-30
342,ER Registration,1700-12-30
342,ER Triage,1701-12-30
342,ER Sepsis Triage,1702-12-30
342,LacticAcid,1703-12-30
342,Leucocytes,1704-12-30
342,CRP,1705-12-30
342,IV Liquid,1706-12-30
342,IV Antibiotics,1707-12-30
342,Admission IC,1708-12-30
342,Leucocytes,1709-12-30
342,LacticAcid,1710-12-30
342,CRP,1711-12-30
342,Leucocytes,1712-12-30
342,CRP,1713-12-30
342,LacticAcid,1714-12-30
342,LacticAcid,1715-12-30
342,LacticAcid,1716-12-30
342,CRP,1717-12-30
342,Leucocytes,1718-12-30
342,Admission NC,1719-12-30
342,Leucocytes,1720-12-30
342,CRP,1721-12-30
342,Leucocytes,1722-12-30
342,CRP,1723-12-30
342,CRP,1724-12-30
342,Leucocytes,1725-12-30
342,CRP,1726-12-30
342,Release A,1727-12-30
342,Return ER,1728-12-30
343,ER Registration,1700-12-30
343,ER Sepsis Triage,1701-12-30
343,ER Triage,1702-12-30
343,IV Antibiotics,1703-12-30
343,Leucocytes,1704-12-30
343,CRP,1705-12-30
343,IV Liquid,1706-12-30
343,Admission NC,1707-12-30
343,CRP,1708-12-30
343,Leucocytes,1709-12-30
343,CRP,1710-12-30
343,Leucocytes,1711-12-30
343,CRP,1712-12-30
343,CRP,1713-12-30
343,Leucocytes,1714-12-30
343,Release A,1715-12-30
344,ER Registration,1700-12-30
344,ER Triage,1701-12-30
344,ER Sepsis Triage,1702-12-30
344,IV Antibiotics,1703-12-30
344,Leucocytes,1704-12-30
344,LacticAcid,1705-12-30
344,CRP,1706-12-30
344,IV Liquid,1707-12-30
344,Admission NC,1708-12-30
344,Leucocytes,1709-12-30
344,CRP,1710-12-30
344,Admission NC,1711-12-30
344,Release C,1712-12-30
345,Leucocytes,1700-12-30
345,CRP,1701-12-30
345,ER Registration,1702-12-30
345,ER Triage,1703-12-30
345,ER Sepsis Triage,1704-12-30
345,Admission NC,1705-12-30
345,CRP,1706-12-30
345,Leucocytes,1707-12-30
345,Admission NC,1708-12-30
345,CRP,1709-12-30
345,Leucocytes,1710-12-30
345,CRP,1711-12-30
345,Leucocytes,1712-12-30
345,CRP,1713-12-30
345,Release C,1714-12-30
346,ER Registration,1700-12-30
346,ER Sepsis Triage,1701-12-30
346,ER Triage,1702-12-30
346,CRP,1703-12-30
346,Leucocytes,1704-12-30
346,LacticAcid,1705-12-30
346,LacticAcid,1706-12-30
346,IV Liquid,1707-12-30
346,IV Antibiotics,1708-12-30
346,Admission IC,1709-12-30
346,LacticAcid,1710-12-30
346,Leucocytes,1711-12-30
346,CRP,1712-12-30
346,LacticAcid,1713-12-30
346,CRP,1714-12-30
346,LacticAcid,1715-12-30
346,Leucocytes,1716-12-30
346,Admission NC,1717-12-30
346,Leucocytes,1718-12-30
346,CRP,1719-12-30
346,Leucocytes,1720-12-30
346,Leucocytes,1721-12-30
346,CRP,1722-12-30
346,Leucocytes,1723-12-30
346,CRP,1724-12-30
346,Leucocytes,1725-12-30
346,CRP,1726-12-30
346,Leucocytes,1727-12-30
346,CRP,1728-12-30
346,Leucocytes,1729-12-30
346,CRP,1730-12-30
346,Leucocytes,1731-12-30
346,Leucocytes,1732-12-30
346,CRP,1733-12-30
346,Leucocytes,1734-12-30
346,CRP,1735-12-30
346,Release A,1736-12-30
347,ER Registration,1700-12-30
347,ER Triage,1701-12-30
347,ER Sepsis Triage,1702-12-30
347,LacticAcid,1703-12-30
347,CRP,1704-12-30
347,Leucocytes,1705-12-30
347,Admission NC,1706-12-30
347,Admission NC,1707-12-30
347,Leucocytes,1708-12-30
347,CRP,1709-12-30
347,CRP,1710-12-30
347,Leucocytes,1711-12-30
347,Release E,1712-12-30
348,ER Registration,1700-12-30
348,ER Triage,1701-12-30
348,ER Sepsis Triage,1702-12-30
348,IV Liquid,1703-12-30
348,LacticAcid,1704-12-30
348,CRP,1705-12-30
348,Leucocytes,1706-12-30
348,IV Antibiotics,1707-12-30
348,Admission NC,1708-12-30
348,Leucocytes,1709-12-30
348,CRP,1710-12-30
348,Admission IC,1711-12-30
348,CRP,1712-12-30
348,Leucocytes,1713-12-30
348,LacticAcid,1714-12-30
348,Leucocytes,1715-12-30
348,Leucocytes,1716-12-30
348,LacticAcid,1717-12-30
348,Leucocytes,1718-12-30
348,CRP,1719-12-30
348,LacticAcid,1720-12-30
348,CRP,1721-12-30
348,Leucocytes,1722-12-30
348,LacticAcid,1723-12-30
348,CRP,1724-12-30
348,LacticAcid,1725-12-30
348,Leucocytes,1726-12-30
348,CRP,1727-12-30
348,LacticAcid,1728-12-30
348,Leucocytes,1729-12-30
348,LacticAcid,1730-12-30
348,Leucocytes,1731-12-30
348,CRP,1732-12-30
348,CRP,1733-12-30
348,Leucocytes,1734-12-30
348,LacticAcid,1735-12-30
348,CRP,1736-12-30
348,Leucocytes,1737-12-30
348,LacticAcid,1738-12-30
348,LacticAcid,1739-12-30
348,Leucocytes,1740-12-30
348,CRP,1741-12-30
348,LacticAcid,1742-12-30
348,CRP,1743-12-30
348,Leucocytes,1744-12-30
348,Leucocytes,1745-12-30
348,CRP,1746-12-30
348,LacticAcid,1747-12-30
348,CRP,1748-12-30
348,Leucocytes,1749-12-30
348,LacticAcid,1750-12-30
348,CRP,1751-12-30
348,Leucocytes,1752-12-30
348,LacticAcid,1753-12-30
348,LacticAcid,1754-12-30
348,Leucocytes,1755-12-30
348,CRP,1756-12-30
348,LacticAcid,1757-12-30
348,CRP,1758-12-30
348,Leucocytes,1759-12-30
348,LacticAcid,1760-12-30
348,Leucocytes,1761-12-30
348,CRP,1762-12-30
348,Leucocytes,1763-12-30
348,CRP,1764-12-30
348,Leucocytes,1765-12-30
348,LacticAcid,1766-12-30
348,Leucocytes,1767-12-30
348,LacticAcid,1768-12-30
348,CRP,1769-12-30
348,LacticAcid,1770-12-30
348,Leucocytes,1771-12-30
348,CRP,1772-12-30
348,CRP,1773-12-30
348,LacticAcid,1774-12-30
348,Leucocytes,1775-12-30
348,CRP,1776-12-30
348,Leucocytes,1777-12-30
348,LacticAcid,1778-12-30
348,CRP,1779-12-30
348,LacticAcid,1780-12-30
348,Leucocytes,1781-12-30
348,Admission IC,1782-12-30
348,CRP,1783-12-30
348,LacticAcid,1784-12-30
348,Leucocytes,1785-12-30
348,Leucocytes,1786-12-30
348,Leucocytes,1787-12-30
348,CRP,1788-12-30
348,LacticAcid,1789-12-30
348,LacticAcid,1790-12-30
348,CRP,1791-12-30
348,LacticAcid,1792-12-30
348,Leucocytes,1793-12-30
348,CRP,1794-12-30
348,Leucocytes,1795-12-30
348,LacticAcid,1796-12-30
348,CRP,1797-12-30
348,LacticAcid,1798-12-30
348,Leucocytes,1799-12-30
348,CRP,1800-12-30
348,LacticAcid,1801-12-30
348,Leucocytes,1802-12-30
348,LacticAcid,1803-12-30
348,CRP,1804-12-30
348,Leucocytes,1805-12-30
348,LacticAcid,1806-12-30
348,Leucocytes,1807-12-30
348,CRP,1808-12-30
348,CRP,1809-12-30
348,Leucocytes,1810-12-30
348,LacticAcid,1811-12-30
348,Leucocytes,1812-12-30
348,CRP,1813-12-30
348,LacticAcid,1814-12-30
348,CRP,1815-12-30
348,Leucocytes,1816-12-30
348,LacticAcid,1817-12-30
348,LacticAcid,1818-12-30
348,Leucocytes,1819-12-30
348,CRP,1820-12-30
348,LacticAcid,1821-12-30
348,Leucocytes,1822-12-30
348,CRP,1823-12-30
348,LacticAcid,1824-12-30
348,Leucocytes,1825-12-30
348,CRP,1826-12-30
348,LacticAcid,1827-12-30
348,CRP,1828-12-30
348,Leucocytes,1829-12-30
348,LacticAcid,1830-12-30
348,CRP,1831-12-30
348,Leucocytes,1832-12-30
348,Leucocytes,1833-12-30
348,CRP,1834-12-30
348,LacticAcid,1835-12-30
348,LacticAcid,1836-12-30
348,Leucocytes,1837-12-30
348,CRP,1838-12-30
348,CRP,1839-12-30
348,LacticAcid,1840-12-30
348,Leucocytes,1841-12-30
348,Leucocytes,1842-12-30
348,CRP,1843-12-30
348,LacticAcid,1844-12-30
348,LacticAcid,1845-12-30
348,CRP,1846-12-30
348,Leucocytes,1847-12-30
348,CRP,1848-12-30
348,LacticAcid,1849-12-30
348,Leucocytes,1850-12-30
348,CRP,1851-12-30
348,LacticAcid,1852-12-30
348,Leucocytes,1853-12-30
348,Leucocytes,1854-12-30
348,LacticAcid,1855-12-30
348,CRP,1856-12-30
348,Leucocytes,1857-12-30
348,LacticAcid,1858-12-30
348,CRP,1859-12-30
348,CRP,1860-12-30
348,LacticAcid,1861-12-30
348,Leucocytes,1862-12-30
348,Leucocytes,1863-12-30
348,Admission NC,1864-12-30
348,Leucocytes,1865-12-30
348,CRP,1866-12-30
348,Leucocytes,1867-12-30
348,Release A,1868-12-30
348,Return ER,1869-12-30
349,ER Registration,1700-12-30
349,ER Triage,1701-12-30
349,ER Sepsis Triage,1702-12-30
349,IV Liquid,1703-12-30
349,LacticAcid,1704-12-30
349,Leucocytes,1705-12-30
349,CRP,1706-12-30
349,IV Antibiotics,1707-12-30
349,Admission IC,1708-12-30
349,CRP,1709-12-30
349,Leucocytes,1710-12-30
349,LacticAcid,1711-12-30
349,Leucocytes,1712-12-30
349,LacticAcid,1713-12-30
349,CRP,1714-12-30
349,CRP,1715-12-30
349,Leucocytes,1716-12-30
349,LacticAcid,1717-12-30
349,LacticAcid,1718-12-30
349,CRP,1719-12-30
349,Leucocytes,1720-12-30
349,Admission NC,1721-12-30
349,Leucocytes,1722-12-30
349,CRP,1723-12-30
349,CRP,1724-12-30
349,Leucocytes,1725-12-30
349,CRP,1726-12-30
349,Leucocytes,1727-12-30
349,CRP,1728-12-30
349,Leucocytes,1729-12-30
349,Leucocytes,1730-12-30
349,CRP,1731-12-30
349,CRP,1732-12-30
349,Leucocytes,1733-12-30
349,Release A,1734-12-30
350,ER Registration,1700-12-30
350,ER Triage,1701-12-30
350,ER Sepsis Triage,1702-12-30
350,CRP,1703-12-30
350,Leucocytes,1704-12-30
350,Admission NC,1705-12-30
350,CRP,1706-12-30
350,Leucocytes,1707-12-30
350,CRP,1708-12-30
350,Leucocytes,1709-12-30
350,Leucocytes,1710-12-30
350,Leucocytes,1711-12-30
350,Leucocytes,1712-12-30
350,Leucocytes,1713-12-30
350,Leucocytes,1714-12-30
350,Leucocytes,1715-12-30
350,Leucocytes,1716-12-30
350,Leucocytes,1717-12-30
350,CRP,1718-12-30
350,Release A,1719-12-30
351,ER Registration,1700-12-30
351,ER Triage,1701-12-30
351,ER Sepsis Triage,1702-12-30
351,LacticAcid,1703-12-30
351,Leucocytes,1704-12-30
351,CRP,1705-12-30
351,IV Liquid,1706-12-30
351,IV Antibiotics,1707-12-30
351,Admission NC,1708-12-30
351,Admission NC,1709-12-30
351,CRP,1710-12-30
351,CRP,1711-12-30
351,CRP,1712-12-30
351,Release A,1713-12-30
351,Return ER,1714-12-30
352,ER Registration,1700-12-30
352,ER Triage,1701-12-30
352,ER Sepsis Triage,1702-12-30
352,CRP,1703-12-30
352,Leucocytes,1704-12-30
352,LacticAcid,1705-12-30
352,IV Liquid,1706-12-30
352,IV Antibiotics,1707-12-30
352,Admission NC,1708-12-30
352,Leucocytes,1709-12-30
352,LacticAcid,1710-12-30
352,CRP,1711-12-30
352,Admission NC,1712-12-30
352,CRP,1713-12-30
352,Leucocytes,1714-12-30
352,Leucocytes,1715-12-30
352,CRP,1716-12-30
352,Release A,1717-12-30
352,Return ER,1718-12-30
353,ER Registration,1700-12-30
353,ER Triage,1701-12-30
353,LacticAcid,1702-12-30
353,CRP,1703-12-30
353,Leucocytes,1704-12-30
353,ER Sepsis Triage,1705-12-30
353,IV Liquid,1706-12-30
353,IV Antibiotics,1707-12-30
354,ER Registration,1700-12-30
354,ER Triage,1701-12-30
354,ER Sepsis Triage,1702-12-30
354,LacticAcid,1703-12-30
354,CRP,1704-12-30
354,Leucocytes,1705-12-30
354,IV Liquid,1706-12-30
354,IV Antibiotics,1707-12-30
354,Admission NC,1708-12-30
354,Leucocytes,1709-12-30
354,CRP,1710-12-30
354,Release A,1711-12-30
355,ER Registration,1700-12-30
355,ER Triage,1701-12-30
355,CRP,1702-12-30
355,Leucocytes,1703-12-30
355,ER Sepsis Triage,1704-12-30
355,Admission NC,1705-12-30
355,Release A,1706-12-30
356,ER Registration,1700-12-30
356,ER Triage,1701-12-30
356,ER Sepsis Triage,1702-12-30
356,Leucocytes,1703-12-30
356,LacticAcid,1704-12-30
356,CRP,1705-12-30
356,IV Antibiotics,1706-12-30
356,IV Liquid,1707-12-30
356,Admission IC,1708-12-30
356,CRP,1709-12-30
356,LacticAcid,1710-12-30
356,Leucocytes,1711-12-30
356,LacticAcid,1712-12-30
356,Leucocytes,1713-12-30
356,LacticAcid,1714-12-30
356,CRP,1715-12-30
356,Leucocytes,1716-12-30
356,LacticAcid,1717-12-30
356,LacticAcid,1718-12-30
356,Leucocytes,1719-12-30
356,CRP,1720-12-30
356,LacticAcid,1721-12-30
356,Admission NC,1722-12-30
356,Leucocytes,1723-12-30
356,CRP,1724-12-30
356,CRP,1725-12-30
356,CRP,1726-12-30
356,CRP,1727-12-30
356,Leucocytes,1728-12-30
356,CRP,1729-12-30
356,Leucocytes,1730-12-30
356,CRP,1731-12-30
356,Leucocytes,1732-12-30
356,CRP,1733-12-30
356,Leucocytes,1734-12-30
356,CRP,1735-12-30
356,Leucocytes,1736-12-30
356,Admission NC,1737-12-30
356,Release A,1738-12-30
356,Return ER,1739-12-30
357,ER Registration,1700-12-30
357,ER Triage,1701-12-30
357,ER Sepsis Triage,1702-12-30
357,Leucocytes,1703-12-30
357,CRP,1704-12-30
357,IV Antibiotics,1705-12-30
357,IV Liquid,1706-12-30
358,ER Registration,1700-12-30
358,ER Triage,1701-12-30
358,IV Liquid,1702-12-30
358,Leucocytes,1703-12-30
358,CRP,1704-12-30
358,Leucocytes,1705-12-30
358,LacticAcid,1706-12-30
358,ER Sepsis Triage,1707-12-30
358,IV Antibiotics,1708-12-30
359,ER Registration,1700-12-30
359,ER Triage,1701-12-30
359,ER Sepsis Triage,1702-12-30
359,Leucocytes,1703-12-30
359,CRP,1704-12-30
359,IV Liquid,1705-12-30
359,IV Antibiotics,1706-12-30
359,Admission NC,1707-12-30
359,CRP,1708-12-30
359,Leucocytes,1709-12-30
359,CRP,1710-12-30
359,Leucocytes,1711-12-30
359,CRP,1712-12-30
359,Leucocytes,1713-12-30
359,Release A,1714-12-30
360,ER Registration,1700-12-30
360,ER Triage,1701-12-30
360,ER Sepsis Triage,1702-12-30
360,IV Liquid,1703-12-30
360,CRP,1704-12-30
360,LacticAcid,1705-12-30
360,Leucocytes,1706-12-30
360,IV Antibiotics,1707-12-30
360,Admission NC,1708-12-30
360,Leucocytes,1709-12-30
360,CRP,1710-12-30
360,Leucocytes,1711-12-30
360,CRP,1712-12-30
360,Leucocytes,1713-12-30
360,Release A,1714-12-30
360,Return ER,1715-12-30
361,ER Registration,1700-12-30
361,ER Triage,1701-12-30
361,ER Sepsis Triage,1702-12-30
361,CRP,1703-12-30
361,LacticAcid,1704-12-30
361,Leucocytes,1705-12-30
361,IV Liquid,1706-12-30
361,IV Antibiotics,1707-12-30
361,Admission NC,1708-12-30
361,Admission NC,1709-12-30
361,CRP,1710-12-30
361,Leucocytes,1711-12-30
361,CRP,1712-12-30
361,Leucocytes,1713-12-30
361,CRP,1714-12-30
361,Leucocytes,1715-12-30
361,Release A,1716-12-30
361,Return ER,1717-12-30
362,ER Registration,1700-12-30
362,IV Liquid,1701-12-30
362,ER Triage,1702-12-30
362,ER Sepsis Triage,1703-12-30
362,LacticAcid,1704-12-30
362,Leucocytes,1705-12-30
362,CRP,1706-12-30
362,IV Antibiotics,1707-12-30
362,Admission NC,1708-12-30
362,Leucocytes,1709-12-30
362,CRP,1710-12-30
362,Release A,1711-12-30
362,Return ER,1712-12-30
363,ER Registration,1700-12-30
363,ER Triage,1701-12-30
363,ER Sepsis Triage,1702-12-30
363,LacticAcid,1703-12-30
363,CRP,1704-12-30
363,Leucocytes,1705-12-30
363,IV Liquid,1706-12-30
363,IV Antibiotics,1707-12-30
363,Admission NC,1708-12-30
363,CRP,1709-12-30
363,Leucocytes,1710-12-30
363,CRP,1711-12-30
363,Admission NC,1712-12-30
363,CRP,1713-12-30
363,Leucocytes,1714-12-30
363,CRP,1715-12-30
363,CRP,1716-12-30
363,Leucocytes,1717-12-30
363,Leucocytes,1718-12-30
363,Leucocytes,1719-12-30
363,CRP,1720-12-30
363,CRP,1721-12-30
363,Leucocytes,1722-12-30
363,CRP,1723-12-30
363,CRP,1724-12-30
363,Leucocytes,1725-12-30
363,Leucocytes,1726-12-30
363,Release A,1727-12-30
364,ER Registration,1700-12-30
364,ER Triage,1701-12-30
364,ER Sepsis Triage,1702-12-30
364,CRP,1703-12-30
364,Leucocytes,1704-12-30
364,LacticAcid,1705-12-30
364,IV Antibiotics,1706-12-30
364,IV Liquid,1707-12-30
365,ER Registration,1700-12-30
365,ER Triage,1701-12-30
365,ER Sepsis Triage,1702-12-30
365,CRP,1703-12-30
365,LacticAcid,1704-12-30
365,Leucocytes,1705-12-30
365,IV Liquid,1706-12-30
365,IV Antibiotics,1707-12-30
365,Admission NC,1708-12-30
365,Leucocytes,1709-12-30
365,CRP,1710-12-30
365,CRP,1711-12-30
365,Leucocytes,1712-12-30
365,CRP,1713-12-30
365,Leucocytes,1714-12-30
365,Leucocytes,1715-12-30
365,CRP,1716-12-30
365,CRP,1717-12-30
365,Leucocytes,1718-12-30
365,Leucocytes,1719-12-30
365,CRP,1720-12-30
365,CRP,1721-12-30
365,Leucocytes,1722-12-30
365,CRP,1723-12-30
365,CRP,1724-12-30
365,Release A,1725-12-30
366,ER Registration,1700-12-30
366,ER Triage,1701-12-30
366,ER Sepsis Triage,1702-12-30
366,Leucocytes,1703-12-30
366,CRP,1704-12-30
366,LacticAcid,1705-12-30
366,IV Antibiotics,1706-12-30
366,IV Liquid,1707-12-30
366,Admission NC,1708-12-30
366,Admission NC,1709-12-30
366,Release B,1710-12-30
367,ER Registration,1700-12-30
367,ER Triage,1701-12-30
367,ER Sepsis Triage,1702-12-30
367,CRP,1703-12-30
367,Leucocytes,1704-12-30
368,ER Registration,1700-12-30
368,ER Triage,1701-12-30
368,ER Sepsis Triage,1702-12-30
368,CRP,1703-12-30
368,LacticAcid,1704-12-30
368,Leucocytes,1705-12-30
368,IV Liquid,1706-12-30
368,IV Antibiotics,1707-12-30
369,ER Registration,1700-12-30
369,IV Liquid,1701-12-30
369,ER Triage,1702-12-30
369,ER Sepsis Triage,1703-12-30
369,CRP,1704-12-30
369,LacticAcid,1705-12-30
369,Leucocytes,1706-12-30
369,IV Antibiotics,1707-12-30
369,Admission NC,1708-12-30
369,Leucocytes,1709-12-30
369,Admission NC,1710-12-30
369,LacticAcid,1711-12-30
369,CRP,1712-12-30
369,Leucocytes,1713-12-30
369,LacticAcid,1714-12-30
369,Leucocytes,1715-12-30
369,CRP,1716-12-30
369,Leucocytes,1717-12-30
369,CRP,1718-12-30
369,LacticAcid,1719-12-30
369,CRP,1720-12-30
369,Leucocytes,1721-12-30
369,Release B,1722-12-30
370,ER Registration,1700-12-30
370,ER Triage,1701-12-30
370,ER Sepsis Triage,1702-12-30
370,LacticAcid,1703-12-30
370,Leucocytes,1704-12-30
370,CRP,1705-12-30
370,IV Liquid,1706-12-30
370,IV Antibiotics,1707-12-30
370,Admission NC,1708-12-30
370,Leucocytes,1709-12-30
370,CRP,1710-12-30
370,Admission NC,1711-12-30
370,Leucocytes,1712-12-30
370,CRP,1713-12-30
370,LacticAcid,1714-12-30
370,CRP,1715-12-30
370,Leucocytes,1716-12-30
370,Admission NC,1717-12-30
370,Leucocytes,1718-12-30
370,Admission IC,1719-12-30
370,CRP,1720-12-30
370,LacticAcid,1721-12-30
370,Leucocytes,1722-12-30
370,Leucocytes,1723-12-30
370,Leucocytes,1724-12-30
370,CRP,1725-12-30
370,LacticAcid,1726-12-30
370,Leucocytes,1727-12-30
370,Admission NC,1728-12-30
370,Leucocytes,1729-12-30
370,CRP,1730-12-30
370,Leucocytes,1731-12-30
370,Leucocytes,1732-12-30
370,Leucocytes,1733-12-30
370,Leucocytes,1734-12-30
370,CRP,1735-12-30
370,Leucocytes,1736-12-30
370,CRP,1737-12-30
370,Leucocytes,1738-12-30
370,Release D,1739-12-30
370,Return ER,1740-12-30
371,ER Registration,1700-12-30
371,ER Triage,1701-12-30
371,ER Sepsis Triage,1702-12-30
371,IV Liquid,1703-12-30
371,Leucocytes,1704-12-30
371,CRP,1705-12-30
371,LacticAcid,1706-12-30
371,IV Antibiotics,1707-12-30
371,Admission NC,1708-12-30
371,Admission NC,1709-12-30
371,CRP,1710-12-30
371,Leucocytes,1711-12-30
371,Leucocytes,1712-12-30
371,CRP,1713-12-30
371,CRP,1714-12-30
371,Leucocytes,1715-12-30
371,Release A,1716-12-30
371,Return ER,1717-12-30
372,ER Registration,1700-12-30
372,ER Triage,1701-12-30
372,ER Sepsis Triage,1702-12-30
372,LacticAcid,1703-12-30
372,CRP,1704-12-30
372,Leucocytes,1705-12-30
372,IV Liquid,1706-12-30
372,IV Antibiotics,1707-12-30
372,Admission NC,1708-12-30
372,Leucocytes,1709-12-30
372,CRP,1710-12-30
373,ER Registration,1700-12-30
373,ER Triage,1701-12-30
373,CRP,1702-12-30
373,LacticAcid,1703-12-30
373,Leucocytes,1704-12-30
373,ER Sepsis Triage,1705-12-30
373,IV Liquid,1706-12-30
373,IV Antibiotics,1707-12-30
373,Admission NC,1708-12-30
373,CRP,1709-12-30
373,Leucocytes,1710-12-30
373,Release A,1711-12-30
374,ER Registration,1700-12-30
374,IV Liquid,1701-12-30
374,ER Triage,1702-12-30
374,ER Sepsis Triage,1703-12-30
374,CRP,1704-12-30
374,LacticAcid,1705-12-30
374,Leucocytes,1706-12-30
374,IV Antibiotics,1707-12-30
374,Admission NC,1708-12-30
374,Admission NC,1709-12-30
374,Leucocytes,1710-12-30
374,CRP,1711-12-30
374,Admission NC,1712-12-30
374,Release A,1713-12-30
375,ER Registration,1700-12-30
375,ER Triage,1701-12-30
375,ER Sepsis Triage,1702-12-30
375,IV Liquid,1703-12-30
375,IV Antibiotics,1704-12-30
375,Leucocytes,1705-12-30
375,CRP,1706-12-30
375,LacticAcid,1707-12-30
375,Admission NC,1708-12-30
375,CRP,1709-12-30
375,Leucocytes,1710-12-30
375,Leucocytes,1711-12-30
375,CRP,1712-12-30
375,Release A,1713-12-30
375,Return ER,1714-12-30
376,CRP,1700-12-30
376,Leucocytes,1701-12-30
376,ER Registration,1702-12-30
376,ER Triage,1703-12-30
376,ER Sepsis Triage,1704-12-30
376,Admission NC,1705-12-30
376,CRP,1706-12-30
376,Leucocytes,1707-12-30
376,Admission IC,1708-12-30
376,Leucocytes,1709-12-30
376,CRP,1710-12-30
376,LacticAcid,1711-12-30
376,Leucocytes,1712-12-30
376,Leucocytes,1713-12-30
376,Admission IC,1714-12-30
376,Leucocytes,1715-12-30
376,CRP,1716-12-30
376,LacticAcid,1717-12-30
376,Leucocytes,1718-12-30
376,Leucocytes,1719-12-30
376,Leucocytes,1720-12-30
376,LacticAcid,1721-12-30
376,CRP,1722-12-30
376,Leucocytes,1723-12-30
376,LacticAcid,1724-12-30
376,Leucocytes,1725-12-30
376,CRP,1726-12-30
376,CRP,1727-12-30
376,LacticAcid,1728-12-30
376,Leucocytes,1729-12-30
376,Admission NC,1730-12-30
376,Release A,1731-12-30
376,Return ER,1732-12-30
377,ER Registration,1700-12-30
377,ER Triage,1701-12-30
377,ER Sepsis Triage,1702-12-30
377,IV Antibiotics,1703-12-30
377,CRP,1704-12-30
377,Leucocytes,1705-12-30
377,Admission NC,1706-12-30
377,Leucocytes,1707-12-30
377,CRP,1708-12-30
377,IV Liquid,1709-12-30
377,CRP,1710-12-30
377,Leucocytes,1711-12-30
377,Release A,1712-12-30
378,ER Registration,1700-12-30
378,ER Triage,1701-12-30
378,LacticAcid,1702-12-30
378,Leucocytes,1703-12-30
378,CRP,1704-12-30
378,ER Sepsis Triage,1705-12-30
378,IV Liquid,1706-12-30
378,IV Antibiotics,1707-12-30
378,Admission NC,1708-12-30
378,Leucocytes,1709-12-30
378,CRP,1710-12-30
378,Admission NC,1711-12-30
378,CRP,1712-12-30
378,Leucocytes,1713-12-30
378,Release A,1714-12-30
379,Leucocytes,1700-12-30
379,ER Registration,1701-12-30
379,ER Triage,1702-12-30
379,ER Sepsis Triage,1703-12-30
379,Leucocytes,1704-12-30
379,CRP,1705-12-30
380,ER Registration,1700-12-30
380,ER Triage,1701-12-30
380,ER Sepsis Triage,1702-12-30
380,IV Liquid,1703-12-30
380,IV Antibiotics,1704-12-30
380,Leucocytes,1705-12-30
380,CRP,1706-12-30
380,LacticAcid,1707-12-30
380,Admission NC,1708-12-30
380,CRP,1709-12-30
380,Leucocytes,1710-12-30
380,Admission NC,1711-12-30
380,Leucocytes,1712-12-30
380,CRP,1713-12-30
380,Leucocytes,1714-12-30
380,Release A,1715-12-30
381,ER Registration,1700-12-30
381,ER Triage,1701-12-30
381,Leucocytes,1702-12-30
381,LacticAcid,1703-12-30
381,CRP,1704-12-30
381,ER Sepsis Triage,1705-12-30
381,IV Liquid,1706-12-30
381,IV Antibiotics,1707-12-30
381,Admission NC,1708-12-30
381,CRP,1709-12-30
381,Leucocytes,1710-12-30
381,Leucocytes,1711-12-30
381,CRP,1712-12-30
381,Leucocytes,1713-12-30
381,CRP,1714-12-30
381,CRP,1715-12-30
381,Leucocytes,1716-12-30
381,CRP,1717-12-30
381,Leucocytes,1718-12-30
381,Release B,1719-12-30
382,ER Registration,1700-12-30
382,ER Triage,1701-12-30
382,ER Sepsis Triage,1702-12-30
382,Leucocytes,1703-12-30
382,CRP,1704-12-30
382,LacticAcid,1705-12-30
382,IV Liquid,1706-12-30
382,IV Antibiotics,1707-12-30
383,ER Registration,1700-12-30
383,ER Triage,1701-12-30
383,ER Sepsis Triage,1702-12-30
383,LacticAcid,1703-12-30
383,Leucocytes,1704-12-30
383,CRP,1705-12-30
383,Admission NC,1706-12-30
383,Admission NC,1707-12-30
383,IV Antibiotics,1708-12-30
383,IV Liquid,1709-12-30
383,CRP,1710-12-30
383,Leucocytes,1711-12-30
383,CRP,1712-12-30
383,Leucocytes,1713-12-30
383,CRP,1714-12-30
383,CRP,1715-12-30
383,Leucocytes,1716-12-30
383,Admission NC,1717-12-30
383,Admission IC,1718-12-30
383,LacticAcid,1719-12-30
383,Leucocytes,1720-12-30
383,CRP,1721-12-30
383,CRP,1722-12-30
383,Leucocytes,1723-12-30
383,LacticAcid,1724-12-30
383,Admission NC,1725-12-30
383,Release A,1726-12-30
384,ER Registration,1700-12-30
384,ER Triage,1701-12-30
384,ER Sepsis Triage,1702-12-30
384,Leucocytes,1703-12-30
384,CRP,1704-12-30
385,ER Registration,1700-12-30
385,ER Triage,1701-12-30
385,ER Sepsis Triage,1702-12-30
385,LacticAcid,1703-12-30
385,Leucocytes,1704-12-30
385,CRP,1705-12-30
385,IV Antibiotics,1706-12-30
385,IV Liquid,1707-12-30
385,Admission NC,1708-12-30
385,Admission IC,1709-12-30
385,LacticAcid,1710-12-30
385,CRP,1711-12-30
385,Leucocytes,1712-12-30
385,CRP,1713-12-30
385,Leucocytes,1714-12-30
385,LacticAcid,1715-12-30
385,CRP,1716-12-30
385,Leucocytes,1717-12-30
385,LacticAcid,1718-12-30
385,Admission NC,1719-12-30
385,CRP,1720-12-30
385,Leucocytes,1721-12-30
385,CRP,1722-12-30
385,Leucocytes,1723-12-30
385,CRP,1724-12-30
385,Leucocytes,1725-12-30
385,Release A,1726-12-30
385,Return ER,1727-12-30
386,ER Registration,1700-12-30
386,ER Triage,1701-12-30
386,ER Sepsis Triage,1702-12-30
386,Leucocytes,1703-12-30
386,LacticAcid,1704-12-30
386,CRP,1705-12-30
386,IV Liquid,1706-12-30
386,IV Antibiotics,1707-12-30
386,Admission NC,1708-12-30
386,Leucocytes,1709-12-30
386,CRP,1710-12-30
386,CRP,1711-12-30
386,Leucocytes,1712-12-30
386,Leucocytes,1713-12-30
386,Leucocytes,1714-12-30
386,CRP,1715-12-30
386,Leucocytes,1716-12-30
386,CRP,1717-12-30
386,Leucocytes,1718-12-30
386,Leucocytes,1719-12-30
386,CRP,1720-12-30
386,Release D,1721-12-30
386,Return ER,1722-12-30
387,ER Registration,1700-12-30
387,Leucocytes,1701-12-30
387,CRP,1702-12-30
387,LacticAcid,1703-12-30
387,ER Triage,1704-12-30
387,ER Sepsis Triage,1705-12-30
387,IV Liquid,1706-12-30
387,IV Antibiotics,1707-12-30
387,Admission NC,1708-12-30
387,Admission NC,1709-12-30
387,CRP,1710-12-30
387,Leucocytes,1711-12-30
387,CRP,1712-12-30
387,Leucocytes,1713-12-30
387,Release A,1714-12-30
387,Return ER,1715-12-30
388,CRP,1700-12-30
388,Leucocytes,1701-12-30
388,ER Registration,1702-12-30
388,Leucocytes,1703-12-30
388,CRP,1704-12-30
388,ER Triage,1705-12-30
388,ER Sepsis Triage,1706-12-30
389,ER Registration,1700-12-30
389,ER Triage,1701-12-30
389,ER Sepsis Triage,1702-12-30
389,Leucocytes,1703-12-30
389,CRP,1704-12-30
390,ER Registration,1700-12-30
390,ER Triage,1701-12-30
390,ER Sepsis Triage,1702-12-30
390,Leucocytes,1703-12-30
390,Admission NC,1704-12-30
390,Release A,1705-12-30
390,Return ER,1706-12-30
391,ER Registration,1700-12-30
391,ER Triage,1701-12-30
391,ER Sepsis Triage,1702-12-30
391,LacticAcid,1703-12-30
391,Leucocytes,1704-12-30
391,CRP,1705-12-30
392,ER Registration,1700-12-30
392,CRP,1701-12-30
392,Leucocytes,1702-12-30
392,ER Triage,1703-12-30
392,ER Sepsis Triage,1704-12-30
392,IV Antibiotics,1705-12-30
392,Admission NC,1706-12-30
392,Release A,1707-12-30
393,ER Registration,1700-12-30
393,ER Triage,1701-12-30
393,IV Liquid,1702-12-30
393,Leucocytes,1703-12-30
393,CRP,1704-12-30
393,LacticAcid,1705-12-30
393,ER Sepsis Triage,1706-12-30
393,IV Antibiotics,1707-12-30
393,Admission NC,1708-12-30
393,Leucocytes,1709-12-30
393,CRP,1710-12-30
393,Admission NC,1711-12-30
393,CRP,1712-12-30
393,Leucocytes,1713-12-30
393,Release A,1714-12-30
393,Return ER,1715-12-30
394,ER Registration,1700-12-30
394,ER Triage,1701-12-30
394,ER Sepsis Triage,1702-12-30
394,LacticAcid,1703-12-30
394,Leucocytes,1704-12-30
394,CRP,1705-12-30
394,IV Liquid,1706-12-30
394,IV Antibiotics,1707-12-30
394,Admission NC,1708-12-30
394,Leucocytes,1709-12-30
394,CRP,1710-12-30
394,Leucocytes,1711-12-30
394,CRP,1712-12-30
394,Release A,1713-12-30
394,Return ER,1714-12-30
395,ER Registration,1700-12-30
395,Leucocytes,1701-12-30
395,CRP,1702-12-30
395,LacticAcid,1703-12-30
395,ER Triage,1704-12-30
395,ER Sepsis Triage,1705-12-30
395,IV Antibiotics,1706-12-30
395,IV Liquid,1707-12-30
395,Admission NC,1708-12-30
395,Admission IC,1709-12-30
395,LacticAcid,1710-12-30
395,CRP,1711-12-30
395,Leucocytes,1712-12-30
395,LacticAcid,1713-12-30
395,CRP,1714-12-30
395,Leucocytes,1715-12-30
395,Leucocytes,1716-12-30
395,CRP,1717-12-30
395,LacticAcid,1718-12-30
395,CRP,1719-12-30
395,Leucocytes,1720-12-30
395,LacticAcid,1721-12-30
395,CRP,1722-12-30
395,LacticAcid,1723-12-30
395,Leucocytes,1724-12-30
395,Admission NC,1725-12-30
395,CRP,1726-12-30
395,Release A,1727-12-30
396,ER Registration,1700-12-30
396,ER Triage,1701-12-30
396,ER Sepsis Triage,1702-12-30
396,Leucocytes,1703-12-30
396,CRP,1704-12-30
396,LacticAcid,1705-12-30
396,IV Liquid,1706-12-30
396,IV Antibiotics,1707-12-30
396,Admission NC,1708-12-30
396,Admission IC,1709-12-30
396,CRP,1710-12-30
396,LacticAcid,1711-12-30
396,Leucocytes,1712-12-30
396,CRP,1713-12-30
396,LacticAcid,1714-12-30
396,Leucocytes,1715-12-30
396,Admission NC,1716-12-30
396,CRP,1717-12-30
396,Leucocytes,1718-12-30
396,Release A,1719-12-30
397,ER Registration,1700-12-30
397,ER Triage,1701-12-30
397,ER Sepsis Triage,1702-12-30
397,Leucocytes,1703-12-30
397,CRP,1704-12-30
397,LacticAcid,1705-12-30
397,IV Liquid,1706-12-30
397,IV Antibiotics,1707-12-30
397,Admission NC,1708-12-30
397,CRP,1709-12-30
397,Leucocytes,1710-12-30
397,LacticAcid,1711-12-30
397,CRP,1712-12-30
397,Leucocytes,1713-12-30
397,CRP,1714-12-30
397,Leucocytes,1715-12-30
397,Leucocytes,1716-12-30
397,CRP,1717-12-30
397,Leucocytes,1718-12-30
397,CRP,1719-12-30
397,Leucocytes,1720-12-30
397,CRP,1721-12-30
397,Leucocytes,1722-12-30
397,CRP,1723-12-30
397,Release A,1724-12-30
398,ER Registration,1700-12-30
398,ER Triage,1701-12-30
398,ER Sepsis Triage,1702-12-30
398,IV Liquid,1703-12-30
398,LacticAcid,1704-12-30
398,Leucocytes,1705-12-30
398,CRP,1706-12-30
398,IV Antibiotics,1707-12-30
398,Admission NC,1708-12-30
398,Admission NC,1709-12-30
398,CRP,1710-12-30
398,Leucocytes,1711-12-30
398,CRP,1712-12-30
398,Leucocytes,1713-12-30
398,CRP,1714-12-30
398,Release A,1715-12-30
398,Return ER,1716-12-30
399,ER Registration,1700-12-30
399,ER Triage,1701-12-30
399,ER Sepsis Triage,1702-12-30
399,IV Liquid,1703-12-30
399,Leucocytes,1704-12-30
399,CRP,1705-12-30
399,LacticAcid,1706-12-30
399,IV Antibiotics,1707-12-30
399,Admission NC,1708-12-30
399,Admission NC,1709-12-30
399,Release A,1710-12-30
399,Return ER,1711-12-30
400,ER Registration,1700-12-30
400,ER Triage,1701-12-30
400,ER Sepsis Triage,1702-12-30
400,IV Liquid,1703-12-30
400,Leucocytes,1704-12-30
400,CRP,1705-12-30
400,IV Antibiotics,1706-12-30
400,Admission NC,1707-12-30
400,CRP,1708-12-30
400,Leucocytes,1709-12-30
400,CRP,1710-12-30
400,Leucocytes,1711-12-30
400,Leucocytes,1712-12-30
400,CRP,1713-12-30
400,Release A,1714-12-30
400,Return ER,1715-12-30
401,ER Registration,1700-12-30
401,ER Triage,1701-12-30
401,ER Sepsis Triage,1702-12-30
401,Leucocytes,1703-12-30
401,CRP,1704-12-30
401,LacticAcid,1705-12-30
401,IV Liquid,1706-12-30
401,IV Antibiotics,1707-12-30
402,ER Registration,1700-12-30
402,ER Triage,1701-12-30
402,Leucocytes,1702-12-30
402,CRP,1703-12-30
402,LacticAcid,1704-12-30
402,IV Liquid,1705-12-30
402,Admission NC,1706-12-30
402,ER Sepsis Triage,1707-12-30
402,IV Antibiotics,1708-12-30
402,Release A,1709-12-30
403,ER Registration,1700-12-30
403,ER Triage,1701-12-30
403,ER Sepsis Triage,1702-12-30
403,IV Liquid,1703-12-30
403,LacticAcid,1704-12-30
403,CRP,1705-12-30
403,Leucocytes,1706-12-30
403,IV Antibiotics,1707-12-30
403,Admission NC,1708-12-30
403,Admission NC,1709-12-30
403,Leucocytes,1710-12-30
403,CRP,1711-12-30
403,Release A,1712-12-30
404,ER Registration,1700-12-30
404,ER Triage,1701-12-30
404,ER Sepsis Triage,1702-12-30
404,Leucocytes,1703-12-30
404,CRP,1704-12-30
404,LacticAcid,1705-12-30
404,IV Antibiotics,1706-12-30
404,Admission NC,1707-12-30
404,Leucocytes,1708-12-30
404,CRP,1709-12-30
404,Release A,1710-12-30
405,ER Registration,1700-12-30
405,ER Triage,1701-12-30
405,ER Sepsis Triage,1702-12-30
405,Leucocytes,1703-12-30
405,LacticAcid,1704-12-30
405,CRP,1705-12-30
405,IV Antibiotics,1706-12-30
405,Admission NC,1707-12-30
405,Leucocytes,1708-12-30
405,CRP,1709-12-30
405,CRP,1710-12-30
405,Leucocytes,1711-12-30
405,Release A,1712-12-30
406,ER Registration,1700-12-30
406,ER Triage,1701-12-30
406,ER Sepsis Triage,1702-12-30
406,IV Liquid,1703-12-30
406,Leucocytes,1704-12-30
406,LacticAcid,1705-12-30
406,CRP,1706-12-30
406,IV Antibiotics,1707-12-30
406,Admission NC,1708-12-30
406,Leucocytes,1709-12-30
406,CRP,1710-12-30
406,Release A,1711-12-30
406,Return ER,1712-12-30
407,ER Registration,1700-12-30
407,ER Sepsis Triage,1701-12-30
407,ER Triage,1702-12-30
407,CRP,1703-12-30
407,Leucocytes,1704-12-30
407,IV Liquid,1705-12-30
407,IV Antibiotics,1706-12-30
407,LacticAcid,1707-12-30
407,Admission IC,1708-12-30
407,Leucocytes,1709-12-30
407,CRP,1710-12-30
407,Leucocytes,1711-12-30
407,LacticAcid,1712-12-30
407,Leucocytes,1713-12-30
407,CRP,1714-12-30
407,LacticAcid,1715-12-30
407,Leucocytes,1716-12-30
408,ER Registration,1700-12-30
408,ER Triage,1701-12-30
408,Leucocytes,1702-12-30
408,CRP,1703-12-30
408,LacticAcid,1704-12-30
408,ER Sepsis Triage,1705-12-30
408,IV Liquid,1706-12-30
408,IV Antibiotics,1707-12-30
408,Admission NC,1708-12-30
408,Leucocytes,1709-12-30
408,CRP,1710-12-30
408,CRP,1711-12-30
408,CRP,1712-12-30
408,Leucocytes,1713-12-30
408,Release A,1714-12-30
408,Return ER,1715-12-30
409,ER Registration,1700-12-30
409,ER Triage,1701-12-30
409,ER Sepsis Triage,1702-12-30
409,LacticAcid,1703-12-30
409,Leucocytes,1704-12-30
409,CRP,1705-12-30
409,IV Liquid,1706-12-30
409,IV Antibiotics,1707-12-30
409,Admission IC,1708-12-30
409,LacticAcid,1709-12-30
409,LacticAcid,1710-12-30
409,Leucocytes,1711-12-30
409,LacticAcid,1712-12-30
409,CRP,1713-12-30
409,LacticAcid,1714-12-30
409,Leucocytes,1715-12-30
409,LacticAcid,1716-12-30
409,LacticAcid,1717-12-30
409,Leucocytes,1718-12-30
409,CRP,1719-12-30
409,LacticAcid,1720-12-30
409,LacticAcid,1721-12-30
409,CRP,1722-12-30
409,LacticAcid,1723-12-30
409,Leucocytes,1724-12-30
409,Leucocytes,1725-12-30
409,CRP,1726-12-30
409,LacticAcid,1727-12-30
409,Leucocytes,1728-12-30
409,CRP,1729-12-30
409,LacticAcid,1730-12-30
409,Admission NC,1731-12-30
409,Release A,1732-12-30
409,Return ER,1733-12-30
410,ER Registration,1700-12-30
410,ER Triage,1701-12-30
410,ER Sepsis Triage,1702-12-30
410,LacticAcid,1703-12-30
410,Leucocytes,1704-12-30
410,CRP,1705-12-30
410,Admission NC,1706-12-30
411,ER Registration,1700-12-30
411,ER Triage,1701-12-30
411,ER Sepsis Triage,1702-12-30
411,IV Liquid,1703-12-30
411,CRP,1704-12-30
411,Leucocytes,1705-12-30
411,LacticAcid,1706-12-30
411,IV Antibiotics,1707-12-30
411,Admission NC,1708-12-30
411,CRP,1709-12-30
411,Leucocytes,1710-12-30
411,Leucocytes,1711-12-30
411,Leucocytes,1712-12-30
411,CRP,1713-12-30
411,LacticAcid,1714-12-30
411,LacticAcid,1715-12-30
411,Leucocytes,1716-12-30
411,CRP,1717-12-30
411,CRP,1718-12-30
411,Leucocytes,1719-12-30
411,Release A,1720-12-30
411,Return ER,1721-12-30
412,IV Liquid,1700-12-30
412,ER Registration,1701-12-30
412,ER Triage,1702-12-30
412,ER Sepsis Triage,1703-12-30
412,Leucocytes,1704-12-30
412,CRP,1705-12-30
412,LacticAcid,1706-12-30
412,IV Antibiotics,1707-12-30
412,Admission NC,1708-12-30
412,Leucocytes,1709-12-30
412,CRP,1710-12-30
412,LacticAcid,1711-12-30
412,CRP,1712-12-30
412,Leucocytes,1713-12-30
412,CRP,1714-12-30
412,Leucocytes,1715-12-30
412,Release A,1716-12-30
412,Return ER,1717-12-30
413,ER Registration,1700-12-30
413,ER Triage,1701-12-30
413,ER Sepsis Triage,1702-12-30
413,IV Antibiotics,1703-12-30
413,LacticAcid,1704-12-30
413,Leucocytes,1705-12-30
413,CRP,1706-12-30
413,Admission NC,1707-12-30
413,Release B,1708-12-30
414,ER Registration,1700-12-30
414,ER Triage,1701-12-30
414,ER Sepsis Triage,1702-12-30
414,Leucocytes,1703-12-30
414,CRP,1704-12-30
414,LacticAcid,1705-12-30
414,IV Liquid,1706-12-30
414,IV Antibiotics,1707-12-30
414,Admission NC,1708-12-30
414,Admission NC,1709-12-30
414,CRP,1710-12-30
414,Leucocytes,1711-12-30
414,LacticAcid,1712-12-30
414,Leucocytes,1713-12-30
414,Leucocytes,1714-12-30
414,CRP,1715-12-30
414,CRP,1716-12-30
414,Leucocytes,1717-12-30
414,Leucocytes,1718-12-30
414,CRP,1719-12-30
414,Leucocytes,1720-12-30
414,CRP,1721-12-30
414,CRP,1722-12-30
414,Leucocytes,1723-12-30
414,Leucocytes,1724-12-30
414,CRP,1725-12-30
414,Release A,1726-12-30
415,ER Registration,1700-12-30
415,ER Triage,1701-12-30
415,ER Sepsis Triage,1702-12-30
415,IV Liquid,1703-12-30
415,IV Antibiotics,1704-12-30
415,CRP,1705-12-30
415,LacticAcid,1706-12-30
415,Leucocytes,1707-12-30
415,Admission NC,1708-12-30
415,CRP,1709-12-30
415,Leucocytes,1710-12-30
415,Release A,1711-12-30
416,ER Registration,1700-12-30
416,ER Triage,1701-12-30
416,ER Sepsis Triage,1702-12-30
416,IV Liquid,1703-12-30
416,CRP,1704-12-30
416,Leucocytes,1705-12-30
416,LacticAcid,1706-12-30
416,IV Antibiotics,1707-12-30
416,Admission NC,1708-12-30
416,CRP,1709-12-30
416,Leucocytes,1710-12-30
417,ER Registration,1700-12-30
417,ER Triage,1701-12-30
417,ER Sepsis Triage,1702-12-30
417,Admission NC,1703-12-30
417,Admission IC,1704-12-30
417,Leucocytes,1705-12-30
417,CRP,1706-12-30
417,LacticAcid,1707-12-30
417,Leucocytes,1708-12-30
417,LacticAcid,1709-12-30
417,CRP,1710-12-30
417,Leucocytes,1711-12-30
417,CRP,1712-12-30
417,LacticAcid,1713-12-30
417,Admission NC,1714-12-30
417,CRP,1715-12-30
417,Leucocytes,1716-12-30
417,Leucocytes,1717-12-30
417,CRP,1718-12-30
417,CRP,1719-12-30
417,Leucocytes,1720-12-30
417,Release A,1721-12-30
418,ER Registration,1700-12-30
418,ER Triage,1701-12-30
418,ER Sepsis Triage,1702-12-30
418,IV Liquid,1703-12-30
418,IV Antibiotics,1704-12-30
418,Leucocytes,1705-12-30
418,LacticAcid,1706-12-30
418,CRP,1707-12-30
418,Admission NC,1708-12-30
418,Admission NC,1709-12-30
418,Leucocytes,1710-12-30
418,CRP,1711-12-30
418,CRP,1712-12-30
418,Leucocytes,1713-12-30
418,Release C,1714-12-30
419,ER Registration,1700-12-30
419,ER Triage,1701-12-30
419,Leucocytes,1702-12-30
419,CRP,1703-12-30
419,ER Sepsis Triage,1704-12-30
419,IV Liquid,1705-12-30
419,LacticAcid,1706-12-30
419,IV Antibiotics,1707-12-30
419,Admission NC,1708-12-30
419,CRP,1709-12-30
419,Leucocytes,1710-12-30
419,CRP,1711-12-30
419,Leucocytes,1712-12-30
419,Release A,1713-12-30
420,ER Registration,1700-12-30
420,ER Triage,1701-12-30
420,ER Sepsis Triage,1702-12-30
420,IV Liquid,1703-12-30
420,CRP,1704-12-30
420,LacticAcid,1705-12-30
420,Leucocytes,1706-12-30
420,IV Antibiotics,1707-12-30
421,ER Registration,1700-12-30
421,ER Triage,1701-12-30
421,ER Sepsis Triage,1702-12-30
421,CRP,1703-12-30
421,Leucocytes,1704-12-30
421,IV Antibiotics,1705-12-30
422,ER Registration,1700-12-30
422,ER Triage,1701-12-30
422,CRP,1702-12-30
422,Leucocytes,1703-12-30
422,LacticAcid,1704-12-30
422,Admission NC,1705-12-30
422,ER Sepsis Triage,1706-12-30
422,IV Liquid,1707-12-30
422,IV Antibiotics,1708-12-30
422,Release A,1709-12-30
423,ER Registration,1700-12-30
423,ER Triage,1701-12-30
423,ER Sepsis Triage,1702-12-30
423,LacticAcid,1703-12-30
423,Leucocytes,1704-12-30
423,CRP,1705-12-30
423,Admission NC,1706-12-30
423,Admission NC,1707-12-30
423,CRP,1708-12-30
423,Leucocytes,1709-12-30
423,Release A,1710-12-30
424,ER Registration,1700-12-30
424,ER Triage,1701-12-30
424,ER Sepsis Triage,1702-12-30
424,CRP,1703-12-30
424,Leucocytes,1704-12-30
424,IV Liquid,1705-12-30
424,IV Antibiotics,1706-12-30
424,Admission NC,1707-12-30
424,Leucocytes,1708-12-30
424,CRP,1709-12-30
424,Admission NC,1710-12-30
424,CRP,1711-12-30
424,Leucocytes,1712-12-30
424,CRP,1713-12-30
424,Release A,1714-12-30
424,Return ER,1715-12-30
425,ER Registration,1700-12-30
425,ER Triage,1701-12-30
425,ER Sepsis Triage,1702-12-30
425,Leucocytes,1703-12-30
425,CRP,1704-12-30
426,ER Registration,1700-12-30
426,IV Liquid,1701-12-30
426,ER Triage,1702-12-30
426,LacticAcid,1703-12-30
426,Leucocytes,1704-12-30
426,CRP,1705-12-30
426,ER Sepsis Triage,1706-12-30
426,IV Antibiotics,1707-12-30
426,Admission NC,1708-12-30
426,Release A,1709-12-30
427,ER Registration,1700-12-30
427,ER Sepsis Triage,1701-12-30
427,ER Triage,1702-12-30
427,IV Liquid,1703-12-30
427,LacticAcid,1704-12-30
427,CRP,1705-12-30
427,Leucocytes,1706-12-30
427,IV Antibiotics,1707-12-30
427,Admission NC,1708-12-30
427,CRP,1709-12-30
427,LacticAcid,1710-12-30
427,Leucocytes,1711-12-30
427,CRP,1712-12-30
427,Leucocytes,1713-12-30
427,CRP,1714-12-30
427,Leucocytes,1715-12-30
427,Leucocytes,1716-12-30
427,CRP,1717-12-30
427,Release B,1718-12-30
428,ER Registration,1700-12-30
428,ER Triage,1701-12-30
428,ER Sepsis Triage,1702-12-30
428,IV Liquid,1703-12-30
428,CRP,1704-12-30
428,Leucocytes,1705-12-30
428,LacticAcid,1706-12-30
428,IV Antibiotics,1707-12-30
428,Admission NC,1708-12-30
428,LacticAcid,1709-12-30
428,CRP,1710-12-30
428,Leucocytes,1711-12-30
428,CRP,1712-12-30
428,Leucocytes,1713-12-30
428,LacticAcid,1714-12-30
428,CRP,1715-12-30
428,Leucocytes,1716-12-30
428,LacticAcid,1717-12-30
428,Leucocytes,1718-12-30
428,CRP,1719-12-30
428,Release A,1720-12-30
428,Return ER,1721-12-30
429,ER Registration,1700-12-30
429,ER Triage,1701-12-30
429,ER Sepsis Triage,1702-12-30
429,Leucocytes,1703-12-30
429,LacticAcid,1704-12-30
429,CRP,1705-12-30
429,IV Liquid,1706-12-30
429,IV Antibiotics,1707-12-30
429,Admission NC,1708-12-30
429,Leucocytes,1709-12-30
429,CRP,1710-12-30
429,CRP,1711-12-30
429,Leucocytes,1712-12-30
429,CRP,1713-12-30
429,Release A,1714-12-30
429,Return ER,1715-12-30
430,ER Registration,1700-12-30
430,ER Triage,1701-12-30
430,ER Sepsis Triage,1702-12-30
430,CRP,1703-12-30
430,LacticAcid,1704-12-30
430,Leucocytes,1705-12-30
430,IV Liquid,1706-12-30
430,IV Antibiotics,1707-12-30
431,ER Registration,1700-12-30
431,ER Triage,1701-12-30
431,ER Sepsis Triage,1702-12-30
431,Leucocytes,1703-12-30
431,CRP,1704-12-30
432,ER Registration,1700-12-30
432,ER Triage,1701-12-30
432,ER Sepsis Triage,1702-12-30
432,LacticAcid,1703-12-30
432,Leucocytes,1704-12-30
432,CRP,1705-12-30
432,IV Liquid,1706-12-30
432,IV Antibiotics,1707-12-30
432,Admission NC,1708-12-30
432,CRP,1709-12-30
432,Leucocytes,1710-12-30
432,Admission NC,1711-12-30
432,Leucocytes,1712-12-30
432,CRP,1713-12-30
432,CRP,1714-12-30
432,Leucocytes,1715-12-30
432,Release A,1716-12-30
433,ER Registration,1700-12-30
433,ER Triage,1701-12-30
433,Leucocytes,1702-12-30
433,CRP,1703-12-30
433,ER Sepsis Triage,1704-12-30
433,Admission NC,1705-12-30
433,Leucocytes,1706-12-30
433,CRP,1707-12-30
433,Leucocytes,1708-12-30
433,Leucocytes,1709-12-30
433,CRP,1710-12-30
433,CRP,1711-12-30
433,Leucocytes,1712-12-30
433,Release A,1713-12-30
434,ER Registration,1700-12-30
434,ER Triage,1701-12-30
434,ER Sepsis Triage,1702-12-30
435,ER Registration,1700-12-30
435,ER Triage,1701-12-30
435,ER Sepsis Triage,1702-12-30
435,Leucocytes,1703-12-30
435,CRP,1704-12-30
435,LacticAcid,1705-12-30
435,IV Liquid,1706-12-30
435,IV Antibiotics,1707-12-30
435,Admission NC,1708-12-30
435,Leucocytes,1709-12-30
435,CRP,1710-12-30
435,Admission NC,1711-12-30
435,Leucocytes,1712-12-30
435,CRP,1713-12-30
435,Release A,1714-12-30
436,ER Registration,1700-12-30
436,ER Triage,1701-12-30
436,ER Sepsis Triage,1702-12-30
436,LacticAcid,1703-12-30
436,CRP,1704-12-30
436,Leucocytes,1705-12-30
436,IV Liquid,1706-12-30
436,IV Antibiotics,1707-12-30
436,Admission NC,1708-12-30
436,Admission NC,1709-12-30
436,Release A,1710-12-30
437,ER Registration,1700-12-30
437,ER Triage,1701-12-30
437,LacticAcid,1702-12-30
437,CRP,1703-12-30
437,Leucocytes,1704-12-30
437,ER Sepsis Triage,1705-12-30
437,IV Liquid,1706-12-30
437,IV Antibiotics,1707-12-30
437,Admission NC,1708-12-30
437,Admission NC,1709-12-30
437,CRP,1710-12-30
437,Leucocytes,1711-12-30
437,Leucocytes,1712-12-30
437,CRP,1713-12-30
437,Release B,1714-12-30
438,ER Registration,1700-12-30
438,ER Triage,1701-12-30
438,ER Sepsis Triage,1702-12-30
438,Leucocytes,1703-12-30
438,CRP,1704-12-30
438,LacticAcid,1705-12-30
438,IV Liquid,1706-12-30
438,IV Antibiotics,1707-12-30
438,Admission IC,1708-12-30
438,Leucocytes,1709-12-30
438,CRP,1710-12-30
438,LacticAcid,1711-12-30
438,Admission NC,1712-12-30
438,Leucocytes,1713-12-30
438,CRP,1714-12-30
438,Release A,1715-12-30
439,ER Registration,1700-12-30
439,ER Triage,1701-12-30
439,ER Sepsis Triage,1702-12-30
439,LacticAcid,1703-12-30
439,Leucocytes,1704-12-30
439,CRP,1705-12-30
439,IV Liquid,1706-12-30
439,IV Antibiotics,1707-12-30
439,Admission NC,1708-12-30
439,Leucocytes,1709-12-30
439,Admission NC,1710-12-30
439,Leucocytes,1711-12-30
439,Release A,1712-12-30
440,ER Registration,1700-12-30
440,ER Triage,1701-12-30
440,ER Sepsis Triage,1702-12-30
440,CRP,1703-12-30
440,Leucocytes,1704-12-30
440,LacticAcid,1705-12-30
440,IV Liquid,1706-12-30
440,IV Antibiotics,1707-12-30
440,Admission NC,1708-12-30
440,CRP,1709-12-30
440,Leucocytes,1710-12-30
440,Leucocytes,1711-12-30
440,CRP,1712-12-30
440,Admission NC,1713-12-30
440,Admission NC,1714-12-30
440,Leucocytes,1715-12-30
440,CRP,1716-12-30
440,Leucocytes,1717-12-30
440,CRP,1718-12-30
440,Leucocytes,1719-12-30
440,Leucocytes,1720-12-30
440,CRP,1721-12-30
440,CRP,1722-12-30
440,Leucocytes,1723-12-30
440,Leucocytes,1724-12-30
440,CRP,1725-12-30
440,Leucocytes,1726-12-30
440,Leucocytes,1727-12-30
440,CRP,1728-12-30
440,Release B,1729-12-30
441,ER Registration,1700-12-30
441,IV Liquid,1701-12-30
441,ER Sepsis Triage,1702-12-30
441,IV Antibiotics,1703-12-30
441,ER Triage,1704-12-30
441,LacticAcid,1705-12-30
441,Leucocytes,1706-12-30
441,CRP,1707-12-30
441,Admission NC,1708-12-30
441,Leucocytes,1709-12-30
441,CRP,1710-12-30
441,Release A,1711-12-30
442,ER Registration,1700-12-30
442,ER Triage,1701-12-30
442,ER Sepsis Triage,1702-12-30
442,Leucocytes,1703-12-30
442,CRP,1704-12-30
442,LacticAcid,1705-12-30
442,IV Liquid,1706-12-30
442,IV Antibiotics,1707-12-30
442,Admission NC,1708-12-30
442,CRP,1709-12-30
442,Leucocytes,1710-12-30
442,CRP,1711-12-30
442,Leucocytes,1712-12-30
442,Release A,1713-12-30
443,ER Registration,1700-12-30
443,ER Triage,1701-12-30
443,ER Sepsis Triage,1702-12-30
443,CRP,1703-12-30
443,Leucocytes,1704-12-30
443,LacticAcid,1705-12-30
443,IV Liquid,1706-12-30
443,IV Antibiotics,1707-12-30
443,Admission NC,1708-12-30
443,CRP,1709-12-30
443,Leucocytes,1710-12-30
443,Release A,1711-12-30
444,ER Registration,1700-12-30
444,ER Sepsis Triage,1701-12-30
444,IV Antibiotics,1702-12-30
444,ER Triage,1703-12-30
444,CRP,1704-12-30
444,Leucocytes,1705-12-30
444,LacticAcid,1706-12-30
444,IV Liquid,1707-12-30
444,Admission NC,1708-12-30
444,CRP,1709-12-30
444,Leucocytes,1710-12-30
444,Admission NC,1711-12-30
444,Release A,1712-12-30
445,ER Registration,1700-12-30
445,ER Triage,1701-12-30
445,ER Sepsis Triage,1702-12-30
445,CRP,1703-12-30
445,LacticAcid,1704-12-30
445,Leucocytes,1705-12-30
445,IV Liquid,1706-12-30
445,IV Antibiotics,1707-12-30
446,ER Registration,1700-12-30
446,ER Triage,1701-12-30
446,ER Sepsis Triage,1702-12-30
446,Leucocytes,1703-12-30
446,CRP,1704-12-30
446,LacticAcid,1705-12-30
446,IV Liquid,1706-12-30
446,IV Antibiotics,1707-12-30
446,Admission NC,1708-12-30
446,Admission NC,1709-12-30
446,CRP,1710-12-30
446,Leucocytes,1711-12-30
446,Leucocytes,1712-12-30
446,CRP,1713-12-30
446,Leucocytes,1714-12-30
446,Leucocytes,1715-12-30
446,CRP,1716-12-30
446,CRP,1717-12-30
446,Leucocytes,1718-12-30
446,CRP,1719-12-30
446,Leucocytes,1720-12-30
446,Leucocytes,1721-12-30
446,Leucocytes,1722-12-30
446,CRP,1723-12-30
446,Leucocytes,1724-12-30
446,CRP,1725-12-30
446,CRP,1726-12-30
446,Leucocytes,1727-12-30
446,Release A,1728-12-30
446,Return ER,1729-12-30
447,ER Registration,1700-12-30
447,ER Triage,1701-12-30
447,CRP,1702-12-30
447,Leucocytes,1703-12-30
447,LacticAcid,1704-12-30
447,ER Sepsis Triage,1705-12-30
447,Admission NC,1706-12-30
447,Release B,1707-12-30
448,ER Registration,1700-12-30
448,ER Triage,1701-12-30
448,ER Sepsis Triage,1702-12-30
448,Leucocytes,1703-12-30
448,LacticAcid,1704-12-30
448,CRP,1705-12-30
448,IV Antibiotics,1706-12-30
448,Admission NC,1707-12-30
448,CRP,1708-12-30
448,Release A,1709-12-30
449,ER Registration,1700-12-30
449,ER Triage,1701-12-30
449,ER Sepsis Triage,1702-12-30
449,Leucocytes,1703-12-30
449,CRP,1704-12-30
449,LacticAcid,1705-12-30
449,IV Liquid,1706-12-30
449,IV Antibiotics,1707-12-30
449,Admission NC,1708-12-30
449,Admission NC,1709-12-30
449,Leucocytes,1710-12-30
449,CRP,1711-12-30
449,Release A,1712-12-30
450,ER Registration,1700-12-30
450,ER Triage,1701-12-30
450,ER Sepsis Triage,1702-12-30
450,Leucocytes,1703-12-30
450,CRP,1704-12-30
450,LacticAcid,1705-12-30
450,IV Liquid,1706-12-30
450,IV Antibiotics,1707-12-30
450,Admission NC,1708-12-30
450,Leucocytes,1709-12-30
450,CRP,1710-12-30
450,Release A,1711-12-30
450,Return ER,1712-12-30
451,ER Registration,1700-12-30
451,ER Triage,1701-12-30
451,CRP,1702-12-30
451,Leucocytes,1703-12-30
451,LacticAcid,1704-12-30
451,ER Sepsis Triage,1705-12-30
451,IV Liquid,1706-12-30
451,IV Antibiotics,1707-12-30
451,Admission NC,1708-12-30
451,Leucocytes,1709-12-30
451,Leucocytes,1710-12-30
451,Leucocytes,1711-12-30
451,CRP,1712-12-30
451,CRP,1713-12-30
451,Leucocytes,1714-12-30
451,Leucocytes,1715-12-30
451,CRP,1716-12-30
451,Release B,1717-12-30
452,ER Registration,1700-12-30
452,ER Triage,1701-12-30
452,CRP,1702-12-30
452,Leucocytes,1703-12-30
452,ER Sepsis Triage,1704-12-30
452,Admission NC,1705-12-30
452,CRP,1706-12-30
452,Leucocytes,1707-12-30
452,CRP,1708-12-30
452,Release A,1709-12-30
452,Return ER,1710-12-30
453,ER Registration,1700-12-30
453,ER Triage,1701-12-30
453,ER Sepsis Triage,1702-12-30
453,LacticAcid,1703-12-30
453,Leucocytes,1704-12-30
453,CRP,1705-12-30
453,IV Liquid,1706-12-30
453,IV Antibiotics,1707-12-30
453,Admission NC,1708-12-30
453,LacticAcid,1709-12-30
453,CRP,1710-12-30
453,Leucocytes,1711-12-30
453,Admission NC,1712-12-30
453,CRP,1713-12-30
453,LacticAcid,1714-12-30
453,Leucocytes,1715-12-30
453,Leucocytes,1716-12-30
453,CRP,1717-12-30
453,CRP,1718-12-30
453,Release A,1719-12-30
453,Return ER,1720-12-30
454,ER Registration,1700-12-30
454,ER Triage,1701-12-30
454,ER Sepsis Triage,1702-12-30
454,LacticAcid,1703-12-30
454,CRP,1704-12-30
454,Leucocytes,1705-12-30
454,IV Antibiotics,1706-12-30
454,Admission NC,1707-12-30
454,CRP,1708-12-30
454,Leucocytes,1709-12-30
454,Admission NC,1710-12-30
454,CRP,1711-12-30
454,CRP,1712-12-30
454,Leucocytes,1713-12-30
454,Release A,1714-12-30
454,Return ER,1715-12-30
455,ER Registration,1700-12-30
455,ER Triage,1701-12-30
455,ER Sepsis Triage,1702-12-30
455,CRP,1703-12-30
455,Leucocytes,1704-12-30
456,ER Registration,1700-12-30
456,ER Triage,1701-12-30
456,ER Sepsis Triage,1702-12-30
456,IV Antibiotics,1703-12-30
456,Leucocytes,1704-12-30
456,LacticAcid,1705-12-30
456,CRP,1706-12-30
456,Admission NC,1707-12-30
456,CRP,1708-12-30
456,CRP,1709-12-30
456,Leucocytes,1710-12-30
456,Release A,1711-12-30
457,ER Registration,1700-12-30
457,ER Triage,1701-12-30
457,ER Sepsis Triage,1702-12-30
457,Admission NC,1703-12-30
457,Release A,1704-12-30
458,ER Registration,1700-12-30
458,ER Triage,1701-12-30
458,ER Sepsis Triage,1702-12-30
458,LacticAcid,1703-12-30
458,Leucocytes,1704-12-30
458,CRP,1705-12-30
458,IV Antibiotics,1706-12-30
458,Admission NC,1707-12-30
458,CRP,1708-12-30
458,Release A,1709-12-30
459,ER Registration,1700-12-30
459,ER Triage,1701-12-30
459,ER Sepsis Triage,1702-12-30
459,IV Liquid,1703-12-30
459,IV Antibiotics,1704-12-30
459,CRP,1705-12-30
459,LacticAcid,1706-12-30
459,Leucocytes,1707-12-30
460,ER Registration,1700-12-30
460,ER Triage,1701-12-30
460,ER Sepsis Triage,1702-12-30
460,Leucocytes,1703-12-30
460,CRP,1704-12-30
460,Admission IC,1705-12-30
460,Leucocytes,1706-12-30
460,Leucocytes,1707-12-30
460,Leucocytes,1708-12-30
460,CRP,1709-12-30
460,CRP,1710-12-30
460,Release B,1711-12-30
461,ER Registration,1700-12-30
461,ER Triage,1701-12-30
461,ER Sepsis Triage,1702-12-30
461,IV Liquid,1703-12-30
461,LacticAcid,1704-12-30
461,Leucocytes,1705-12-30
461,CRP,1706-12-30
461,IV Antibiotics,1707-12-30
461,Admission NC,1708-12-30
461,Leucocytes,1709-12-30
461,CRP,1710-12-30
461,Leucocytes,1711-12-30
461,CRP,1712-12-30
461,Release A,1713-12-30
461,Return ER,1714-12-30
462,ER Registration,1700-12-30
462,ER Triage,1701-12-30
462,ER Sepsis Triage,1702-12-30
462,LacticAcid,1703-12-30
462,Leucocytes,1704-12-30
462,CRP,1705-12-30
462,Admission NC,1706-12-30
462,Admission NC,1707-12-30
462,CRP,1708-12-30
462,Leucocytes,1709-12-30
462,Release A,1710-12-30
462,Return ER,1711-12-30
463,ER Registration,1700-12-30
463,ER Triage,1701-12-30
463,ER Sepsis Triage,1702-12-30
463,CRP,1703-12-30
463,Leucocytes,1704-12-30
463,LacticAcid,1705-12-30
463,IV Liquid,1706-12-30
463,IV Antibiotics,1707-12-30
463,Admission NC,1708-12-30
463,CRP,1709-12-30
463,Leucocytes,1710-12-30
463,Release D,1711-12-30
464,ER Registration,1700-12-30
464,ER Triage,1701-12-30
464,ER Sepsis Triage,1702-12-30
464,LacticAcid,1703-12-30
464,Leucocytes,1704-12-30
464,CRP,1705-12-30
464,IV Liquid,1706-12-30
464,IV Antibiotics,1707-12-30
464,Admission NC,1708-12-30
464,Leucocytes,1709-12-30
464,CRP,1710-12-30
464,Release A,1711-12-30
464,Return ER,1712-12-30
465,ER Registration,1700-12-30
465,ER Triage,1701-12-30
465,ER Sepsis Triage,1702-12-30
465,Leucocytes,1703-12-30
465,CRP,1704-12-30
465,LacticAcid,1705-12-30
465,IV Liquid,1706-12-30
465,IV Antibiotics,1707-12-30
465,Admission NC,1708-12-30
465,Admission NC,1709-12-30
465,Leucocytes,1710-12-30
465,CRP,1711-12-30
465,Release A,1712-12-30
465,Return ER,1713-12-30
466,ER Registration,1700-12-30
466,ER Triage,1701-12-30
466,ER Sepsis Triage,1702-12-30
466,Leucocytes,1703-12-30
466,LacticAcid,1704-12-30
466,CRP,1705-12-30
466,IV Liquid,1706-12-30
466,IV Antibiotics,1707-12-30
466,Admission NC,1708-12-30
466,CRP,1709-12-30
466,Leucocytes,1710-12-30
466,Release A,1711-12-30
467,ER Registration,1700-12-30
467,ER Triage,1701-12-30
467,ER Sepsis Triage,1702-12-30
467,Leucocytes,1703-12-30
467,LacticAcid,1704-12-30
467,CRP,1705-12-30
467,IV Liquid,1706-12-30
467,IV Antibiotics,1707-12-30
467,Admission NC,1708-12-30
467,Leucocytes,1709-12-30
467,CRP,1710-12-30
467,CRP,1711-12-30
467,CRP,1712-12-30
467,Leucocytes,1713-12-30
467,Leucocytes,1714-12-30
467,CRP,1715-12-30
467,Release A,1716-12-30
467,Return ER,1717-12-30
467,CRP,1718-12-30
467,LacticAcid,1719-12-30
467,Leucocytes,1720-12-30
468,ER Registration,1700-12-30
468,ER Triage,1701-12-30
468,ER Sepsis Triage,1702-12-30
468,Leucocytes,1703-12-30
468,LacticAcid,1704-12-30
468,CRP,1705-12-30
468,IV Liquid,1706-12-30
468,IV Antibiotics,1707-12-30
468,Admission NC,1708-12-30
468,CRP,1709-12-30
468,Leucocytes,1710-12-30
468,CRP,1711-12-30
468,Leucocytes,1712-12-30
468,CRP,1713-12-30
468,Leucocytes,1714-12-30
468,Leucocytes,1715-12-30
468,CRP,1716-12-30
468,Leucocytes,1717-12-30
468,CRP,1718-12-30
468,Leucocytes,1719-12-30
468,CRP,1720-12-30
468,Release A,1721-12-30
468,Return ER,1722-12-30
469,ER Registration,1700-12-30
469,ER Triage,1701-12-30
469,ER Sepsis Triage,1702-12-30
469,IV Liquid,1703-12-30
469,IV Antibiotics,1704-12-30
469,CRP,1705-12-30
469,Leucocytes,1706-12-30
469,LacticAcid,1707-12-30
469,Admission NC,1708-12-30
469,Release A,1709-12-30
469,Return ER,1710-12-30
470,ER Registration,1700-12-30
470,ER Triage,1701-12-30
470,ER Sepsis Triage,1702-12-30
470,LacticAcid,1703-12-30
470,CRP,1704-12-30
470,Leucocytes,1705-12-30
470,IV Liquid,1706-12-30
470,IV Antibiotics,1707-12-30
470,Admission NC,1708-12-30
470,Leucocytes,1709-12-30
470,CRP,1710-12-30
470,CRP,1711-12-30
470,Leucocytes,1712-12-30
470,Leucocytes,1713-12-30
470,CRP,1714-12-30
470,Release A,1715-12-30
470,Return ER,1716-12-30
471,ER Registration,1700-12-30
471,ER Triage,1701-12-30
471,ER Sepsis Triage,1702-12-30
471,Leucocytes,1703-12-30
471,CRP,1704-12-30
471,LacticAcid,1705-12-30
471,IV Liquid,1706-12-30
471,IV Antibiotics,1707-12-30
471,Admission NC,1708-12-30
471,Leucocytes,1709-12-30
471,CRP,1710-12-30
471,Admission NC,1711-12-30
471,Leucocytes,1712-12-30
471,CRP,1713-12-30
471,Release A,1714-12-30
472,ER Registration,1700-12-30
472,ER Triage,1701-12-30
472,ER Sepsis Triage,1702-12-30
472,Leucocytes,1703-12-30
472,LacticAcid,1704-12-30
472,CRP,1705-12-30
472,IV Liquid,1706-12-30
472,IV Antibiotics,1707-12-30
473,ER Registration,1700-12-30
473,ER Triage,1701-12-30
473,ER Sepsis Triage,1702-12-30
473,CRP,1703-12-30
473,LacticAcid,1704-12-30
473,Leucocytes,1705-12-30
473,IV Liquid,1706-12-30
473,IV Antibiotics,1707-12-30
473,Admission NC,1708-12-30
474,ER Registration,1700-12-30
474,ER Triage,1701-12-30
474,ER Sepsis Triage,1702-12-30
474,Leucocytes,1703-12-30
474,CRP,1704-12-30
475,ER Registration,1700-12-30
475,ER Triage,1701-12-30
475,ER Sepsis Triage,1702-12-30
475,LacticAcid,1703-12-30
475,CRP,1704-12-30
475,Leucocytes,1705-12-30
475,IV Antibiotics,1706-12-30
475,IV Liquid,1707-12-30
475,Admission NC,1708-12-30
475,Release A,1709-12-30
476,ER Registration,1700-12-30
476,ER Triage,1701-12-30
476,ER Sepsis Triage,1702-12-30
476,CRP,1703-12-30
476,Leucocytes,1704-12-30
476,LacticAcid,1705-12-30
476,IV Liquid,1706-12-30
476,IV Antibiotics,1707-12-30
476,ER Triage,1708-12-30
477,ER Registration,1700-12-30
477,ER Triage,1701-12-30
477,ER Sepsis Triage,1702-12-30
477,LacticAcid,1703-12-30
477,Leucocytes,1704-12-30
477,CRP,1705-12-30
477,IV Liquid,1706-12-30
477,IV Antibiotics,1707-12-30
477,Admission NC,1708-12-30
477,CRP,1709-12-30
477,CRP,1710-12-30
477,Leucocytes,1711-12-30
477,CRP,1712-12-30
477,Leucocytes,1713-12-30
477,Release A,1714-12-30
477,Return ER,1715-12-30
478,ER Registration,1700-12-30
478,ER Triage,1701-12-30
478,ER Sepsis Triage,1702-12-30
478,Leucocytes,1703-12-30
478,LacticAcid,1704-12-30
478,CRP,1705-12-30
478,IV Liquid,1706-12-30
478,IV Antibiotics,1707-12-30
478,Admission NC,1708-12-30
479,ER Registration,1700-12-30
479,ER Triage,1701-12-30
479,ER Sepsis Triage,1702-12-30
479,Leucocytes,1703-12-30
479,CRP,1704-12-30
479,LacticAcid,1705-12-30
479,IV Antibiotics,1706-12-30
479,IV Liquid,1707-12-30
479,Admission NC,1708-12-30
479,CRP,1709-12-30
479,Leucocytes,1710-12-30
479,Release A,1711-12-30
480,ER Registration,1700-12-30
480,ER Triage,1701-12-30
480,ER Sepsis Triage,1702-12-30
480,Leucocytes,1703-12-30
480,LacticAcid,1704-12-30
480,CRP,1705-12-30
480,IV Antibiotics,1706-12-30
480,IV Liquid,1707-12-30
480,Admission NC,1708-12-30
480,Admission NC,1709-12-30
480,Admission NC,1710-12-30
480,Release A,1711-12-30
481,ER Registration,1700-12-30
481,ER Triage,1701-12-30
481,ER Sepsis Triage,1702-12-30
481,IV Liquid,1703-12-30
481,IV Antibiotics,1704-12-30
481,Leucocytes,1705-12-30
481,CRP,1706-12-30
481,LacticAcid,1707-12-30
481,Admission NC,1708-12-30
481,CRP,1709-12-30
481,Leucocytes,1710-12-30
481,CRP,1711-12-30
481,Leucocytes,1712-12-30
481,Admission NC,1713-12-30
481,CRP,1714-12-30
481,Leucocytes,1715-12-30
481,CRP,1716-12-30
481,Leucocytes,1717-12-30
481,Release B,1718-12-30
482,ER Registration,1700-12-30
482,ER Triage,1701-12-30
482,ER Sepsis Triage,1702-12-30
482,CRP,1703-12-30
482,Leucocytes,1704-12-30
482,LacticAcid,1705-12-30
482,IV Liquid,1706-12-30
482,IV Antibiotics,1707-12-30
482,Admission IC,1708-12-30
482,CRP,1709-12-30
482,LacticAcid,1710-12-30
482,Leucocytes,1711-12-30
482,LacticAcid,1712-12-30
482,LacticAcid,1713-12-30
482,CRP,1714-12-30
482,Leucocytes,1715-12-30
482,Admission NC,1716-12-30
482,CRP,1717-12-30
482,Leucocytes,1718-12-30
482,CRP,1719-12-30
482,Release A,1720-12-30
482,Return ER,1721-12-30
483,ER Registration,1700-12-30
483,ER Triage,1701-12-30
483,Leucocytes,1702-12-30
483,CRP,1703-12-30
483,Admission NC,1704-12-30
483,ER Sepsis Triage,1705-12-30
483,Admission NC,1706-12-30
483,Leucocytes,1707-12-30
483,CRP,1708-12-30
483,Leucocytes,1709-12-30
483,CRP,1710-12-30
483,Leucocytes,1711-12-30
483,CRP,1712-12-30
483,Release C,1713-12-30
484,ER Registration,1700-12-30
484,ER Triage,1701-12-30
484,ER Sepsis Triage,1702-12-30
484,CRP,1703-12-30
484,Leucocytes,1704-12-30
485,IV Liquid,1700-12-30
485,ER Registration,1701-12-30
485,ER Triage,1702-12-30
485,ER Sepsis Triage,1703-12-30
485,Leucocytes,1704-12-30
485,CRP,1705-12-30
485,LacticAcid,1706-12-30
485,IV Antibiotics,1707-12-30
485,Admission NC,1708-12-30
485,Release A,1709-12-30
485,Return ER,1710-12-30
486,ER Registration,1700-12-30
486,ER Triage,1701-12-30
486,ER Sepsis Triage,1702-12-30
486,IV Liquid,1703-12-30
486,CRP,1704-12-30
486,LacticAcid,1705-12-30
486,Leucocytes,1706-12-30
486,IV Antibiotics,1707-12-30
486,Admission NC,1708-12-30
486,CRP,1709-12-30
486,Leucocytes,1710-12-30
486,CRP,1711-12-30
486,Release A,1712-12-30
487,ER Registration,1700-12-30
487,ER Triage,1701-12-30
487,ER Sepsis Triage,1702-12-30
487,Leucocytes,1703-12-30
487,CRP,1704-12-30
487,LacticAcid,1705-12-30
487,Admission NC,1706-12-30
487,Release B,1707-12-30
488,ER Registration,1700-12-30
488,ER Triage,1701-12-30
488,ER Sepsis Triage,1702-12-30
488,Leucocytes,1703-12-30
488,CRP,1704-12-30
488,LacticAcid,1705-12-30
488,IV Liquid,1706-12-30
488,IV Antibiotics,1707-12-30
488,Admission NC,1708-12-30
488,CRP,1709-12-30
488,Leucocytes,1710-12-30
488,Admission NC,1711-12-30
488,Leucocytes,1712-12-30
488,CRP,1713-12-30
488,Release C,1714-12-30
489,ER Triage,1700-12-30
489,ER Registration,1701-12-30
489,ER Sepsis Triage,1702-12-30
489,IV Liquid,1703-12-30
489,IV Antibiotics,1704-12-30
489,Leucocytes,1705-12-30
489,CRP,1706-12-30
489,LacticAcid,1707-12-30
489,Admission NC,1708-12-30
489,Admission NC,1709-12-30
489,CRP,1710-12-30
489,Leucocytes,1711-12-30
489,CRP,1712-12-30
489,Leucocytes,1713-12-30
489,Release C,1714-12-30
489,Return ER,1715-12-30
490,CRP,1700-12-30
490,LacticAcid,1701-12-30
490,Leucocytes,1702-12-30
490,ER Registration,1703-12-30
490,ER Triage,1704-12-30
490,ER Sepsis Triage,1705-12-30
490,IV Liquid,1706-12-30
490,IV Antibiotics,1707-12-30
490,Admission NC,1708-12-30
490,Leucocytes,1709-12-30
490,CRP,1710-12-30
490,CRP,1711-12-30
490,Leucocytes,1712-12-30
490,CRP,1713-12-30
490,Leucocytes,1714-12-30
490,Leucocytes,1715-12-30
490,CRP,1716-12-30
490,Release C,1717-12-30
491,ER Registration,1700-12-30
491,CRP,1701-12-30
491,Leucocytes,1702-12-30
491,ER Triage,1703-12-30
491,ER Sepsis Triage,1704-12-30
491,IV Antibiotics,1705-12-30
492,ER Registration,1700-12-30
492,ER Triage,1701-12-30
492,ER Sepsis Triage,1702-12-30
492,IV Liquid,1703-12-30
492,IV Antibiotics,1704-12-30
492,LacticAcid,1705-12-30
492,Leucocytes,1706-12-30
492,CRP,1707-12-30
492,Admission NC,1708-12-30
492,LacticAcid,1709-12-30
492,Leucocytes,1710-12-30
492,CRP,1711-12-30
492,CRP,1712-12-30
492,Leucocytes,1713-12-30
492,Leucocytes,1714-12-30
492,CRP,1715-12-30
492,Release A,1716-12-30
493,ER Registration,1700-12-30
493,ER Triage,1701-12-30
493,ER Sepsis Triage,1702-12-30
493,Leucocytes,1703-12-30
493,CRP,1704-12-30
493,LacticAcid,1705-12-30
493,IV Liquid,1706-12-30
493,IV Antibiotics,1707-12-30
493,Admission NC,1708-12-30
493,Leucocytes,1709-12-30
493,CRP,1710-12-30
493,CRP,1711-12-30
493,Release A,1712-12-30
494,ER Registration,1700-12-30
494,ER Triage,1701-12-30
494,ER Sepsis Triage,1702-12-30
494,CRP,1703-12-30
494,LacticAcid,1704-12-30
494,Leucocytes,1705-12-30
494,IV Liquid,1706-12-30
494,IV Antibiotics,1707-12-30
494,Leucocytes,1708-12-30
494,CRP,1709-12-30
494,LacticAcid,1710-12-30
494,Admission IC,1711-12-30
494,Leucocytes,1712-12-30
494,LacticAcid,1713-12-30
494,Leucocytes,1714-12-30
494,LacticAcid,1715-12-30
494,Leucocytes,1716-12-30
494,CRP,1717-12-30
494,LacticAcid,1718-12-30
494,CRP,1719-12-30
494,Leucocytes,1720-12-30
494,Release B,1721-12-30
495,ER Registration,1700-12-30
495,ER Triage,1701-12-30
495,ER Sepsis Triage,1702-12-30
495,IV Liquid,1703-12-30
495,CRP,1704-12-30
495,LacticAcid,1705-12-30
495,Leucocytes,1706-12-30
495,IV Antibiotics,1707-12-30
495,Admission NC,1708-12-30
495,CRP,1709-12-30
495,CRP,1710-12-30
495,CRP,1711-12-30
495,Release C,1712-12-30
496,ER Registration,1700-12-30
496,ER Triage,1701-12-30
496,ER Sepsis Triage,1702-12-30
496,Leucocytes,1703-12-30
496,LacticAcid,1704-12-30
496,CRP,1705-12-30
496,IV Antibiotics,1706-12-30
497,IV Liquid,1700-12-30
497,ER Registration,1701-12-30
497,ER Triage,1702-12-30
497,ER Sepsis Triage,1703-12-30
497,IV Antibiotics,1704-12-30
497,CRP,1705-12-30
497,Leucocytes,1706-12-30
497,LacticAcid,1707-12-30
497,Admission NC,1708-12-30
497,Admission NC,1709-12-30
497,Leucocytes,1710-12-30
497,CRP,1711-12-30
497,Leucocytes,1712-12-30
497,CRP,1713-12-30
497,Release A,1714-12-30
498,ER Registration,1700-12-30
498,ER Triage,1701-12-30
498,ER Sepsis Triage,1702-12-30
498,CRP,1703-12-30
498,LacticAcid,1704-12-30
498,Leucocytes,1705-12-30
498,IV Liquid,1706-12-30
498,IV Antibiotics,1707-12-30
498,Admission NC,1708-12-30
498,Admission NC,1709-12-30
498,Admission NC,1710-12-30
498,Leucocytes,1711-12-30
498,Leucocytes,1712-12-30
498,CRP,1713-12-30
498,Leucocytes,1714-12-30
498,CRP,1715-12-30
498,Admission IC,1716-12-30
498,Leucocytes,1717-12-30
498,CRP,1718-12-30
498,LacticAcid,1719-12-30
498,Leucocytes,1720-12-30
498,Leucocytes,1721-12-30
498,Leucocytes,1722-12-30
498,Leucocytes,1723-12-30
498,Leucocytes,1724-12-30
498,Leucocytes,1725-12-30
498,Leucocytes,1726-12-30
498,CRP,1727-12-30
498,LacticAcid,1728-12-30
498,Leucocytes,1729-12-30
498,Leucocytes,1730-12-30
498,Leucocytes,1731-12-30
498,Leucocytes,1732-12-30
498,Leucocytes,1733-12-30
498,Leucocytes,1734-12-30
498,Leucocytes,1735-12-30
498,Leucocytes,1736-12-30
498,LacticAcid,1737-12-30
498,CRP,1738-12-30
498,LacticAcid,1739-12-30
498,Leucocytes,1740-12-30
498,CRP,1741-12-30
498,Admission NC,1742-12-30
498,Leucocytes,1743-12-30
498,Leucocytes,1744-12-30
498,Leucocytes,1745-12-30
498,Release A,1746-12-30
498,Return ER,1747-12-30
499,ER Registration,1700-12-30
499,ER Triage,1701-12-30
499,ER Sepsis Triage,1702-12-30
499,Leucocytes,1703-12-30
499,CRP,1704-12-30
499,LacticAcid,1705-12-30
500,ER Registration,1700-12-30
500,ER Triage,1701-12-30
500,ER Sepsis Triage,1702-12-30
500,Leucocytes,1703-12-30
500,CRP,1704-12-30
500,Admission NC,1705-12-30
500,CRP,1706-12-30
500,Leucocytes,1707-12-30
500,Admission NC,1708-12-30
500,CRP,1709-12-30
500,Leucocytes,1710-12-30
500,Leucocytes,1711-12-30
500,CRP,1712-12-30
500,CRP,1713-12-30
500,Leucocytes,1714-12-30
500,Release B,1715-12-30
501,ER Registration,1700-12-30
501,ER Triage,1701-12-30
501,ER Sepsis Triage,1702-12-30
501,LacticAcid,1703-12-30
501,CRP,1704-12-30
501,Leucocytes,1705-12-30
501,IV Liquid,1706-12-30
501,IV Antibiotics,1707-12-30
501,CRP,1708-12-30
501,LacticAcid,1709-12-30
501,Leucocytes,1710-12-30
501,Admission IC,1711-12-30
501,LacticAcid,1712-12-30
501,Leucocytes,1713-12-30
501,CRP,1714-12-30
501,Leucocytes,1715-12-30
501,CRP,1716-12-30
501,LacticAcid,1717-12-30
501,Leucocytes,1718-12-30
501,CRP,1719-12-30
501,LacticAcid,1720-12-30
501,LacticAcid,1721-12-30
501,Leucocytes,1722-12-30
501,CRP,1723-12-30
501,CRP,1724-12-30
501,LacticAcid,1725-12-30
501,Leucocytes,1726-12-30
501,Leucocytes,1727-12-30
501,CRP,1728-12-30
501,LacticAcid,1729-12-30
501,Leucocytes,1730-12-30
501,CRP,1731-12-30
501,LacticAcid,1732-12-30
501,Admission NC,1733-12-30
501,Leucocytes,1734-12-30
501,Leucocytes,1735-12-30
501,CRP,1736-12-30
501,Leucocytes,1737-12-30
501,Leucocytes,1738-12-30
501,CRP,1739-12-30
501,Leucocytes,1740-12-30
501,Leucocytes,1741-12-30
501,CRP,1742-12-30
501,Release D,1743-12-30
501,Return ER,1744-12-30
502,ER Registration,1700-12-30
502,ER Triage,1701-12-30
502,ER Sepsis Triage,1702-12-30
502,CRP,1703-12-30
502,Leucocytes,1704-12-30
502,LacticAcid,1705-12-30
502,IV Liquid,1706-12-30
502,IV Antibiotics,1707-12-30
502,Admission NC,1708-12-30
502,CRP,1709-12-30
502,CRP,1710-12-30
502,Leucocytes,1711-12-30
502,CRP,1712-12-30
502,Leucocytes,1713-12-30
502,Leucocytes,1714-12-30
502,CRP,1715-12-30
502,Leucocytes,1716-12-30
502,CRP,1717-12-30
502,CRP,1718-12-30
502,Leucocytes,1719-12-30
502,CRP,1720-12-30
502,Leucocytes,1721-12-30
502,Release A,1722-12-30
503,ER Registration,1700-12-30
503,ER Triage,1701-12-30
503,Leucocytes,1702-12-30
503,CRP,1703-12-30
503,ER Sepsis Triage,1704-12-30
503,IV Liquid,1705-12-30
503,IV Antibiotics,1706-12-30
503,Admission NC,1707-12-30
503,Leucocytes,1708-12-30
503,CRP,1709-12-30
503,Leucocytes,1710-12-30
503,CRP,1711-12-30
503,CRP,1712-12-30
503,Leucocytes,1713-12-30
503,CRP,1714-12-30
503,CRP,1715-12-30
503,Leucocytes,1716-12-30
503,CRP,1717-12-30
503,Leucocytes,1718-12-30
503,CRP,1719-12-30
503,Leucocytes,1720-12-30
503,CRP,1721-12-30
503,Leucocytes,1722-12-30
503,Leucocytes,1723-12-30
503,CRP,1724-12-30
503,CRP,1725-12-30
503,Leucocytes,1726-12-30
503,Leucocytes,1727-12-30
503,CRP,1728-12-30
503,CRP,1729-12-30
503,CRP,1730-12-30
503,CRP,1731-12-30
503,Leucocytes,1732-12-30
503,CRP,1733-12-30
503,Leucocytes,1734-12-30
503,CRP,1735-12-30
503,CRP,1736-12-30
503,Leucocytes,1737-12-30
503,Release A,1738-12-30
504,ER Registration,1700-12-30
504,ER Triage,1701-12-30
504,ER Sepsis Triage,1702-12-30
504,IV Liquid,1703-12-30
504,LacticAcid,1704-12-30
504,Leucocytes,1705-12-30
504,CRP,1706-12-30
504,IV Antibiotics,1707-12-30
504,Admission NC,1708-12-30
504,Admission NC,1709-12-30
504,LacticAcid,1710-12-30
504,Leucocytes,1711-12-30
504,CRP,1712-12-30
504,Leucocytes,1713-12-30
504,CRP,1714-12-30
504,Leucocytes,1715-12-30
504,CRP,1716-12-30
504,CRP,1717-12-30
504,Leucocytes,1718-12-30
504,CRP,1719-12-30
504,Release A,1720-12-30
504,Return ER,1721-12-30
505,ER Registration,1700-12-30
505,ER Triage,1701-12-30
505,ER Sepsis Triage,1702-12-30
505,CRP,1703-12-30
505,LacticAcid,1704-12-30
505,Leucocytes,1705-12-30
505,IV Liquid,1706-12-30
505,IV Antibiotics,1707-12-30
505,Admission NC,1708-12-30
505,Leucocytes,1709-12-30
505,CRP,1710-12-30
505,Leucocytes,1711-12-30
505,Leucocytes,1712-12-30
505,Release A,1713-12-30
505,Return ER,1714-12-30
506,IV Liquid,1700-12-30
506,ER Registration,1701-12-30
506,ER Triage,1702-12-30
506,ER Sepsis Triage,1703-12-30
506,IV Antibiotics,1704-12-30
506,LacticAcid,1705-12-30
506,Leucocytes,1706-12-30
506,CRP,1707-12-30
506,Admission NC,1708-12-30
506,Admission NC,1709-12-30
506,CRP,1710-12-30
506,Leucocytes,1711-12-30
506,Leucocytes,1712-12-30
506,Release A,1713-12-30
506,Return ER,1714-12-30
507,ER Registration,1700-12-30
507,ER Triage,1701-12-30
507,ER Sepsis Triage,1702-12-30
507,Leucocytes,1703-12-30
507,CRP,1704-12-30
507,LacticAcid,1705-12-30
508,ER Registration,1700-12-30
508,ER Triage,1701-12-30
508,ER Sepsis Triage,1702-12-30
508,LacticAcid,1703-12-30
508,Leucocytes,1704-12-30
508,CRP,1705-12-30
508,IV Liquid,1706-12-30
508,IV Antibiotics,1707-12-30
508,Admission NC,1708-12-30
508,CRP,1709-12-30
508,Release A,1710-12-30
508,Return ER,1711-12-30
509,ER Registration,1700-12-30
509,ER Triage,1701-12-30
509,ER Sepsis Triage,1702-12-30
509,Leucocytes,1703-12-30
509,CRP,1704-12-30
509,LacticAcid,1705-12-30
509,IV Liquid,1706-12-30
509,IV Antibiotics,1707-12-30
509,Admission NC,1708-12-30
509,Release A,1709-12-30
510,ER Registration,1700-12-30
510,ER Triage,1701-12-30
510,ER Sepsis Triage,1702-12-30
510,Leucocytes,1703-12-30
510,LacticAcid,1704-12-30
510,CRP,1705-12-30
510,IV Liquid,1706-12-30
510,IV Antibiotics,1707-12-30
510,Admission NC,1708-12-30
510,CRP,1709-12-30
510,Leucocytes,1710-12-30
510,Release A,1711-12-30
511,ER Registration,1700-12-30
511,ER Triage,1701-12-30
511,ER Sepsis Triage,1702-12-30
511,Leucocytes,1703-12-30
511,CRP,1704-12-30
511,LacticAcid,1705-12-30
511,IV Liquid,1706-12-30
511,IV Antibiotics,1707-12-30
511,Admission NC,1708-12-30
511,Release A,1709-12-30
512,ER Registration,1700-12-30
512,ER Triage,1701-12-30
512,ER Sepsis Triage,1702-12-30
512,CRP,1703-12-30
512,Leucocytes,1704-12-30
512,LacticAcid,1705-12-30
512,IV Liquid,1706-12-30
512,IV Antibiotics,1707-12-30
512,Admission NC,1708-12-30
512,Leucocytes,1709-12-30
512,CRP,1710-12-30
512,Release A,1711-12-30
512,Return ER,1712-12-30
513,ER Registration,1700-12-30
513,ER Triage,1701-12-30
513,ER Sepsis Triage,1702-12-30
513,Leucocytes,1703-12-30
513,LacticAcid,1704-12-30
513,CRP,1705-12-30
513,IV Liquid,1706-12-30
513,IV Antibiotics,1707-12-30
513,Admission NC,1708-12-30
513,CRP,1709-12-30
513,Leucocytes,1710-12-30
513,Leucocytes,1711-12-30
513,CRP,1712-12-30
513,Leucocytes,1713-12-30
513,CRP,1714-12-30
513,CRP,1715-12-30
513,Leucocytes,1716-12-30
513,CRP,1717-12-30
513,Leucocytes,1718-12-30
513,Release C,1719-12-30
514,ER Registration,1700-12-30
514,ER Triage,1701-12-30
514,ER Sepsis Triage,1702-12-30
514,Leucocytes,1703-12-30
514,LacticAcid,1704-12-30
514,CRP,1705-12-30
514,IV Liquid,1706-12-30
514,IV Antibiotics,1707-12-30
514,Admission NC,1708-12-30
514,Leucocytes,1709-12-30
514,CRP,1710-12-30
514,Admission NC,1711-12-30
514,CRP,1712-12-30
514,Leucocytes,1713-12-30
514,Release A,1714-12-30
515,ER Registration,1700-12-30
515,ER Triage,1701-12-30
515,ER Sepsis Triage,1702-12-30
515,IV Liquid,1703-12-30
515,IV Antibiotics,1704-12-30
515,Leucocytes,1705-12-30
515,CRP,1706-12-30
515,LacticAcid,1707-12-30
515,Admission NC,1708-12-30
515,Admission NC,1709-12-30
515,CRP,1710-12-30
515,Leucocytes,1711-12-30
515,CRP,1712-12-30
515,Leucocytes,1713-12-30
515,Leucocytes,1714-12-30
515,Release A,1715-12-30
516,ER Registration,1700-12-30
516,ER Triage,1701-12-30
516,ER Sepsis Triage,1702-12-30
516,Leucocytes,1703-12-30
516,CRP,1704-12-30
516,LacticAcid,1705-12-30
517,ER Registration,1700-12-30
517,ER Triage,1701-12-30
517,ER Sepsis Triage,1702-12-30
517,IV Liquid,1703-12-30
517,LacticAcid,1704-12-30
517,Leucocytes,1705-12-30
517,CRP,1706-12-30
517,IV Antibiotics,1707-12-30
517,Admission NC,1708-12-30
517,Leucocytes,1709-12-30
517,CRP,1710-12-30
517,Leucocytes,1711-12-30
517,CRP,1712-12-30
517,CRP,1713-12-30
517,Leucocytes,1714-12-30
517,Leucocytes,1715-12-30
517,CRP,1716-12-30
517,Leucocytes,1717-12-30
517,CRP,1718-12-30
517,Release C,1719-12-30
517,Return ER,1720-12-30
518,ER Registration,1700-12-30
518,ER Triage,1701-12-30
518,ER Sepsis Triage,1702-12-30
518,CRP,1703-12-30
518,Leucocytes,1704-12-30
518,LacticAcid,1705-12-30
518,IV Liquid,1706-12-30
518,IV Antibiotics,1707-12-30
518,Admission IC,1708-12-30
518,LacticAcid,1709-12-30
518,LacticAcid,1710-12-30
518,CRP,1711-12-30
518,Leucocytes,1712-12-30
518,Admission NC,1713-12-30
518,Leucocytes,1714-12-30
518,CRP,1715-12-30
518,Leucocytes,1716-12-30
518,CRP,1717-12-30
518,Leucocytes,1718-12-30
518,CRP,1719-12-30
518,Leucocytes,1720-12-30
518,Release A,1721-12-30
518,Return ER,1722-12-30
519,ER Registration,1700-12-30
519,ER Triage,1701-12-30
519,ER Sepsis Triage,1702-12-30
519,Leucocytes,1703-12-30
519,CRP,1704-12-30
519,LacticAcid,1705-12-30
519,IV Liquid,1706-12-30
519,LacticAcid,1707-12-30
519,Leucocytes,1708-12-30
519,CRP,1709-12-30
519,IV Antibiotics,1710-12-30
519,Admission NC,1711-12-30
519,Release A,1712-12-30
519,Return ER,1713-12-30
520,ER Registration,1700-12-30
520,ER Triage,1701-12-30
520,ER Sepsis Triage,1702-12-30
520,CRP,1703-12-30
520,LacticAcid,1704-12-30
520,Leucocytes,1705-12-30
520,IV Liquid,1706-12-30
520,IV Antibiotics,1707-12-30
521,ER Registration,1700-12-30
521,ER Triage,1701-12-30
521,ER Sepsis Triage,1702-12-30
521,IV Liquid,1703-12-30
521,Leucocytes,1704-12-30
521,CRP,1705-12-30
521,LacticAcid,1706-12-30
521,IV Antibiotics,1707-12-30
521,Admission NC,1708-12-30
521,Leucocytes,1709-12-30
521,CRP,1710-12-30
521,Release A,1711-12-30
521,Return ER,1712-12-30
522,ER Registration,1700-12-30
522,ER Triage,1701-12-30
522,ER Sepsis Triage,1702-12-30
522,LacticAcid,1703-12-30
522,CRP,1704-12-30
522,Leucocytes,1705-12-30
522,IV Antibiotics,1706-12-30
522,Admission NC,1707-12-30
522,IV Liquid,1708-12-30
522,CRP,1709-12-30
522,Leucocytes,1710-12-30
522,Release A,1711-12-30
523,ER Registration,1700-12-30
523,ER Triage,1701-12-30
523,ER Sepsis Triage,1702-12-30
523,Leucocytes,1703-12-30
523,CRP,1704-12-30
523,LacticAcid,1705-12-30
523,Admission NC,1706-12-30
523,Admission NC,1707-12-30
523,Release A,1708-12-30
524,ER Registration,1700-12-30
524,ER Triage,1701-12-30
524,ER Sepsis Triage,1702-12-30
524,LacticAcid,1703-12-30
524,CRP,1704-12-30
524,Leucocytes,1705-12-30
524,IV Liquid,1706-12-30
524,IV Antibiotics,1707-12-30
524,Admission NC,1708-12-30
524,Release A,1709-12-30
525,ER Registration,1700-12-30
525,ER Triage,1701-12-30
525,ER Sepsis Triage,1702-12-30
525,LacticAcid,1703-12-30
525,Leucocytes,1704-12-30
525,CRP,1705-12-30
525,IV Antibiotics,1706-12-30
525,Admission IC,1707-12-30
525,LacticAcid,1708-12-30
525,Leucocytes,1709-12-30
525,CRP,1710-12-30
525,Leucocytes,1711-12-30
525,CRP,1712-12-30
525,LacticAcid,1713-12-30
525,Leucocytes,1714-12-30
525,CRP,1715-12-30
525,LacticAcid,1716-12-30
525,CRP,1717-12-30
525,Leucocytes,1718-12-30
525,LacticAcid,1719-12-30
525,CRP,1720-12-30
525,Leucocytes,1721-12-30
525,LacticAcid,1722-12-30
525,LacticAcid,1723-12-30
525,Leucocytes,1724-12-30
525,CRP,1725-12-30
525,Leucocytes,1726-12-30
525,CRP,1727-12-30
525,LacticAcid,1728-12-30
525,Admission NC,1729-12-30
525,CRP,1730-12-30
525,Leucocytes,1731-12-30
525,CRP,1732-12-30
525,Leucocytes,1733-12-30
525,Leucocytes,1734-12-30
525,Admission NC,1735-12-30
525,Release A,1736-12-30
526,ER Registration,1700-12-30
526,ER Triage,1701-12-30
526,ER Sepsis Triage,1702-12-30
526,LacticAcid,1703-12-30
526,CRP,1704-12-30
526,Leucocytes,1705-12-30
526,Admission NC,1706-12-30
526,Leucocytes,1707-12-30
526,CRP,1708-12-30
526,Admission NC,1709-12-30
526,Leucocytes,1710-12-30
526,CRP,1711-12-30
526,Leucocytes,1712-12-30
526,CRP,1713-12-30
526,Leucocytes,1714-12-30
526,CRP,1715-12-30
526,Leucocytes,1716-12-30
526,CRP,1717-12-30
526,Leucocytes,1718-12-30
526,CRP,1719-12-30
526,Release A,1720-12-30
526,Return ER,1721-12-30
527,ER Registration,1700-12-30
527,ER Triage,1701-12-30
527,ER Sepsis Triage,1702-12-30
527,Leucocytes,1703-12-30
527,CRP,1704-12-30
527,LacticAcid,1705-12-30
527,IV Liquid,1706-12-30
527,IV Antibiotics,1707-12-30
527,Admission NC,1708-12-30
527,Leucocytes,1709-12-30
527,CRP,1710-12-30
527,CRP,1711-12-30
527,Leucocytes,1712-12-30
527,Release A,1713-12-30
528,ER Registration,1700-12-30
528,ER Triage,1701-12-30
528,ER Sepsis Triage,1702-12-30
528,LacticAcid,1703-12-30
528,CRP,1704-12-30
528,Leucocytes,1705-12-30
528,IV Liquid,1706-12-30
528,IV Antibiotics,1707-12-30
528,Admission NC,1708-12-30
528,Admission NC,1709-12-30
528,CRP,1710-12-30
528,Leucocytes,1711-12-30
528,CRP,1712-12-30
528,Leucocytes,1713-12-30
528,Release A,1714-12-30
528,Return ER,1715-12-30
529,ER Registration,1700-12-30
529,ER Triage,1701-12-30
529,ER Sepsis Triage,1702-12-30
529,CRP,1703-12-30
529,Leucocytes,1704-12-30
529,LacticAcid,1705-12-30
529,IV Antibiotics,1706-12-30
529,Admission NC,1707-12-30
529,Admission NC,1708-12-30
529,Leucocytes,1709-12-30
529,CRP,1710-12-30
529,Leucocytes,1711-12-30
529,CRP,1712-12-30
529,Release A,1713-12-30
530,ER Registration,1700-12-30
530,ER Triage,1701-12-30
530,ER Sepsis Triage,1702-12-30
530,IV Liquid,1703-12-30
530,LacticAcid,1704-12-30
530,Leucocytes,1705-12-30
530,CRP,1706-12-30
530,IV Antibiotics,1707-12-30
530,Admission NC,1708-12-30
530,Admission NC,1709-12-30
530,Leucocytes,1710-12-30
530,CRP,1711-12-30
530,Release A,1712-12-30
531,ER Registration,1700-12-30
531,Leucocytes,1701-12-30
531,CRP,1702-12-30
531,LacticAcid,1703-12-30
531,ER Triage,1704-12-30
531,ER Sepsis Triage,1705-12-30
531,IV Antibiotics,1706-12-30
531,Admission NC,1707-12-30
531,Admission NC,1708-12-30
531,Leucocytes,1709-12-30
531,CRP,1710-12-30
531,Admission NC,1711-12-30
531,Admission IC,1712-12-30
531,LacticAcid,1713-12-30
531,CRP,1714-12-30
531,Leucocytes,1715-12-30
531,LacticAcid,1716-12-30
531,CRP,1717-12-30
531,Leucocytes,1718-12-30
531,Leucocytes,1719-12-30
531,LacticAcid,1720-12-30
531,CRP,1721-12-30
531,Admission NC,1722-12-30
531,Leucocytes,1723-12-30
531,CRP,1724-12-30
531,CRP,1725-12-30
531,Leucocytes,1726-12-30
531,CRP,1727-12-30
531,Release A,1728-12-30
532,ER Registration,1700-12-30
532,ER Triage,1701-12-30
532,IV Liquid,1702-12-30
532,Leucocytes,1703-12-30
532,CRP,1704-12-30
532,LacticAcid,1705-12-30
532,ER Sepsis Triage,1706-12-30
532,IV Antibiotics,1707-12-30
532,Admission NC,1708-12-30
532,CRP,1709-12-30
532,Release A,1710-12-30
532,Return ER,1711-12-30
533,ER Registration,1700-12-30
533,ER Triage,1701-12-30
533,ER Sepsis Triage,1702-12-30
533,IV Liquid,1703-12-30
533,IV Antibiotics,1704-12-30
533,Leucocytes,1705-12-30
533,LacticAcid,1706-12-30
533,CRP,1707-12-30
533,Admission NC,1708-12-30
533,Admission NC,1709-12-30
533,Leucocytes,1710-12-30
533,CRP,1711-12-30
533,CRP,1712-12-30
533,Leucocytes,1713-12-30
533,CRP,1714-12-30
533,Leucocytes,1715-12-30
533,Release A,1716-12-30
534,ER Registration,1700-12-30
534,ER Triage,1701-12-30
534,ER Sepsis Triage,1702-12-30
534,LacticAcid,1703-12-30
534,Leucocytes,1704-12-30
534,CRP,1705-12-30
534,IV Liquid,1706-12-30
534,IV Antibiotics,1707-12-30
534,Admission NC,1708-12-30
534,Admission NC,1709-12-30
534,Leucocytes,1710-12-30
534,CRP,1711-12-30
534,Leucocytes,1712-12-30
534,CRP,1713-12-30
534,Release A,1714-12-30
534,Return ER,1715-12-30
535,ER Registration,1700-12-30
535,ER Triage,1701-12-30
535,CRP,1702-12-30
535,LacticAcid,1703-12-30
535,Leucocytes,1704-12-30
535,ER Sepsis Triage,1705-12-30
535,IV Liquid,1706-12-30
535,IV Antibiotics,1707-12-30
535,Admission NC,1708-12-30
535,CRP,1709-12-30
535,Leucocytes,1710-12-30
535,Admission NC,1711-12-30
535,Release A,1712-12-30
536,ER Registration,1700-12-30
536,ER Triage,1701-12-30
536,ER Sepsis Triage,1702-12-30
536,Leucocytes,1703-12-30
536,CRP,1704-12-30
536,LacticAcid,1705-12-30
536,IV Liquid,1706-12-30
536,IV Antibiotics,1707-12-30
536,Admission NC,1708-12-30
536,Leucocytes,1709-12-30
536,CRP,1710-12-30
537,ER Registration,1700-12-30
537,ER Triage,1701-12-30
537,ER Sepsis Triage,1702-12-30
537,IV Liquid,1703-12-30
537,Leucocytes,1704-12-30
537,LacticAcid,1705-12-30
537,CRP,1706-12-30
537,IV Antibiotics,1707-12-30
537,Admission NC,1708-12-30
537,Release A,1709-12-30
537,Return ER,1710-12-30
538,ER Registration,1700-12-30
538,ER Triage,1701-12-30
538,ER Sepsis Triage,1702-12-30
538,IV Liquid,1703-12-30
538,LacticAcid,1704-12-30
538,CRP,1705-12-30
538,Leucocytes,1706-12-30
538,IV Antibiotics,1707-12-30
538,Admission NC,1708-12-30
538,CRP,1709-12-30
538,LacticAcid,1710-12-30
538,Leucocytes,1711-12-30
538,Admission NC,1712-12-30
538,Leucocytes,1713-12-30
538,CRP,1714-12-30
538,Release A,1715-12-30
538,Return ER,1716-12-30
539,ER Registration,1700-12-30
539,ER Triage,1701-12-30
539,ER Sepsis Triage,1702-12-30
539,Leucocytes,1703-12-30
539,CRP,1704-12-30
540,ER Registration,1700-12-30
540,Leucocytes,1701-12-30
540,CRP,1702-12-30
540,LacticAcid,1703-12-30
540,ER Triage,1704-12-30
540,ER Sepsis Triage,1705-12-30
540,IV Antibiotics,1706-12-30
540,IV Liquid,1707-12-30
540,Admission NC,1708-12-30
540,Leucocytes,1709-12-30
540,CRP,1710-12-30
540,Release A,1711-12-30
541,ER Registration,1700-12-30
541,ER Triage,1701-12-30
541,ER Sepsis Triage,1702-12-30
541,Leucocytes,1703-12-30
541,CRP,1704-12-30
541,LacticAcid,1705-12-30
541,IV Liquid,1706-12-30
541,IV Antibiotics,1707-12-30
541,Admission NC,1708-12-30
541,Leucocytes,1709-12-30
541,CRP,1710-12-30
541,Admission NC,1711-12-30
541,Leucocytes,1712-12-30
541,CRP,1713-12-30
541,Admission NC,1714-12-30
541,Release A,1715-12-30
542,ER Registration,1700-12-30
542,ER Triage,1701-12-30
542,CRP,1702-12-30
542,LacticAcid,1703-12-30
542,Leucocytes,1704-12-30
542,ER Sepsis Triage,1705-12-30
542,IV Liquid,1706-12-30
542,IV Antibiotics,1707-12-30
542,Admission NC,1708-12-30
542,Leucocytes,1709-12-30
542,CRP,1710-12-30
542,Leucocytes,1711-12-30
542,Leucocytes,1712-12-30
542,CRP,1713-12-30
542,Leucocytes,1714-12-30
542,Admission NC,1715-12-30
542,Release A,1716-12-30
542,Return ER,1717-12-30
543,ER Registration,1700-12-30
543,ER Triage,1701-12-30
543,CRP,1702-12-30
543,Leucocytes,1703-12-30
543,LacticAcid,1704-12-30
543,ER Sepsis Triage,1705-12-30
543,IV Liquid,1706-12-30
543,IV Antibiotics,1707-12-30
543,Admission NC,1708-12-30
543,Leucocytes,1709-12-30
543,CRP,1710-12-30
543,Leucocytes,1711-12-30
543,CRP,1712-12-30
543,Leucocytes,1713-12-30
543,CRP,1714-12-30
543,Leucocytes,1715-12-30
543,Release A,1716-12-30
543,Return ER,1717-12-30
544,ER Registration,1700-12-30
544,ER Triage,1701-12-30
544,LacticAcid,1702-12-30
544,CRP,1703-12-30
544,Leucocytes,1704-12-30
544,IV Liquid,1705-12-30
544,ER Sepsis Triage,1706-12-30
544,IV Antibiotics,1707-12-30
544,Admission NC,1708-12-30
544,Admission NC,1709-12-30
544,CRP,1710-12-30
544,Leucocytes,1711-12-30
544,CRP,1712-12-30
544,Leucocytes,1713-12-30
544,CRP,1714-12-30
544,Release A,1715-12-30
544,Return ER,1716-12-30
545,ER Registration,1700-12-30
545,ER Triage,1701-12-30
545,ER Sepsis Triage,1702-12-30
545,CRP,1703-12-30
545,Leucocytes,1704-12-30
545,LacticAcid,1705-12-30
545,IV Liquid,1706-12-30
545,IV Antibiotics,1707-12-30
545,Admission NC,1708-12-30
545,Leucocytes,1709-12-30
545,CRP,1710-12-30
545,Leucocytes,1711-12-30
545,Release D,1712-12-30
546,ER Registration,1700-12-30
546,ER Triage,1701-12-30
546,ER Sepsis Triage,1702-12-30
546,IV Liquid,1703-12-30
546,IV Antibiotics,1704-12-30
546,LacticAcid,1705-12-30
546,Leucocytes,1706-12-30
546,CRP,1707-12-30
546,Admission NC,1708-12-30
546,Leucocytes,1709-12-30
546,CRP,1710-12-30
546,Release A,1711-12-30
547,ER Registration,1700-12-30
547,ER Triage,1701-12-30
547,ER Sepsis Triage,1702-12-30
547,IV Liquid,1703-12-30
547,IV Antibiotics,1704-12-30
547,Leucocytes,1705-12-30
547,LacticAcid,1706-12-30
547,CRP,1707-12-30
547,Admission NC,1708-12-30
547,CRP,1709-12-30
547,Leucocytes,1710-12-30
547,CRP,1711-12-30
547,Leucocytes,1712-12-30
547,Release A,1713-12-30
548,ER Registration,1700-12-30
548,ER Triage,1701-12-30
548,ER Sepsis Triage,1702-12-30
548,CRP,1703-12-30
548,Leucocytes,1704-12-30
548,LacticAcid,1705-12-30
548,Admission NC,1706-12-30
548,CRP,1707-12-30
548,Leucocytes,1708-12-30
548,Release A,1709-12-30
548,Return ER,1710-12-30
549,ER Registration,1700-12-30
549,ER Triage,1701-12-30
549,ER Sepsis Triage,1702-12-30
549,IV Liquid,1703-12-30
549,Leucocytes,1704-12-30
549,LacticAcid,1705-12-30
549,CRP,1706-12-30
549,IV Antibiotics,1707-12-30
549,Admission NC,1708-12-30
550,ER Registration,1700-12-30
550,ER Triage,1701-12-30
550,ER Sepsis Triage,1702-12-30
550,LacticAcid,1703-12-30
550,Leucocytes,1704-12-30
550,CRP,1705-12-30
550,IV Antibiotics,1706-12-30
550,IV Liquid,1707-12-30
550,Admission NC,1708-12-30
550,CRP,1709-12-30
550,Leucocytes,1710-12-30
550,Leucocytes,1711-12-30
550,Release A,1712-12-30
550,Return ER,1713-12-30
551,ER Registration,1700-12-30
551,ER Triage,1701-12-30
551,ER Sepsis Triage,1702-12-30
551,CRP,1703-12-30
551,LacticAcid,1704-12-30
551,Leucocytes,1705-12-30
551,Admission NC,1706-12-30
551,Leucocytes,1707-12-30
551,CRP,1708-12-30
551,Leucocytes,1709-12-30
551,CRP,1710-12-30
551,Release A,1711-12-30
552,ER Registration,1700-12-30
552,ER Triage,1701-12-30
552,ER Sepsis Triage,1702-12-30
552,Leucocytes,1703-12-30
552,CRP,1704-12-30
552,IV Liquid,1705-12-30
552,IV Antibiotics,1706-12-30
552,Admission NC,1707-12-30
552,Leucocytes,1708-12-30
552,Leucocytes,1709-12-30
552,Leucocytes,1710-12-30
552,Leucocytes,1711-12-30
552,Leucocytes,1712-12-30
552,Release A,1713-12-30
552,Return ER,1714-12-30
553,ER Registration,1700-12-30
553,ER Triage,1701-12-30
553,ER Sepsis Triage,1702-12-30
554,ER Registration,1700-12-30
554,ER Triage,1701-12-30
554,ER Sepsis Triage,1702-12-30
554,IV Antibiotics,1703-12-30
554,IV Liquid,1704-12-30
554,LacticAcid,1705-12-30
554,CRP,1706-12-30
554,Leucocytes,1707-12-30
554,Admission NC,1708-12-30
554,Admission NC,1709-12-30
554,Leucocytes,1710-12-30
554,CRP,1711-12-30
554,Leucocytes,1712-12-30
554,CRP,1713-12-30
554,Release A,1714-12-30
555,ER Registration,1700-12-30
555,Leucocytes,1701-12-30
555,LacticAcid,1702-12-30
555,CRP,1703-12-30
555,ER Triage,1704-12-30
555,ER Sepsis Triage,1705-12-30
555,IV Liquid,1706-12-30
555,IV Antibiotics,1707-12-30
555,Admission NC,1708-12-30
555,Admission NC,1709-12-30
555,CRP,1710-12-30
555,CRP,1711-12-30
555,Leucocytes,1712-12-30
555,CRP,1713-12-30
555,Leucocytes,1714-12-30
555,Release A,1715-12-30
556,ER Registration,1700-12-30
556,ER Triage,1701-12-30
556,ER Sepsis Triage,1702-12-30
556,CRP,1703-12-30
556,LacticAcid,1704-12-30
556,Leucocytes,1705-12-30
556,IV Liquid,1706-12-30
556,IV Antibiotics,1707-12-30
557,ER Registration,1700-12-30
557,ER Triage,1701-12-30
557,ER Sepsis Triage,1702-12-30
557,Leucocytes,1703-12-30
557,CRP,1704-12-30
557,LacticAcid,1705-12-30
557,IV Antibiotics,1706-12-30
557,Admission NC,1707-12-30
557,Leucocytes,1708-12-30
557,CRP,1709-12-30
557,IV Liquid,1710-12-30
557,Release A,1711-12-30
557,Return ER,1712-12-30
558,ER Registration,1700-12-30
558,ER Triage,1701-12-30
558,ER Sepsis Triage,1702-12-30
558,IV Liquid,1703-12-30
558,IV Antibiotics,1704-12-30
558,CRP,1705-12-30
558,LacticAcid,1706-12-30
558,Leucocytes,1707-12-30
558,Admission NC,1708-12-30
558,Leucocytes,1709-12-30
558,CRP,1710-12-30
558,CRP,1711-12-30
558,Leucocytes,1712-12-30
558,Release A,1713-12-30
559,ER Registration,1700-12-30
559,ER Triage,1701-12-30
559,ER Sepsis Triage,1702-12-30
559,IV Liquid,1703-12-30
559,LacticAcid,1704-12-30
559,CRP,1705-12-30
559,Leucocytes,1706-12-30
559,IV Antibiotics,1707-12-30
559,Admission NC,1708-12-30
559,CRP,1709-12-30
559,Leucocytes,1710-12-30
559,Admission NC,1711-12-30
559,CRP,1712-12-30
559,Leucocytes,1713-12-30
559,CRP,1714-12-30
559,Leucocytes,1715-12-30
559,CRP,1716-12-30
559,Leucocytes,1717-12-30
559,CRP,1718-12-30
559,Release A,1719-12-30
560,ER Registration,1700-12-30
560,Leucocytes,1701-12-30
560,LacticAcid,1702-12-30
560,CRP,1703-12-30
560,ER Triage,1704-12-30
560,ER Sepsis Triage,1705-12-30
560,IV Liquid,1706-12-30
560,IV Antibiotics,1707-12-30
560,Admission NC,1708-12-30
560,Admission NC,1709-12-30
560,CRP,1710-12-30
560,Leucocytes,1711-12-30
560,Release A,1712-12-30
560,Return ER,1713-12-30
561,ER Registration,1700-12-30
561,ER Triage,1701-12-30
561,Leucocytes,1702-12-30
561,CRP,1703-12-30
561,LacticAcid,1704-12-30
561,ER Sepsis Triage,1705-12-30
561,IV Liquid,1706-12-30
561,IV Antibiotics,1707-12-30
561,Admission NC,1708-12-30
561,Admission NC,1709-12-30
561,Leucocytes,1710-12-30
561,CRP,1711-12-30
561,Leucocytes,1712-12-30
561,Leucocytes,1713-12-30
561,CRP,1714-12-30
561,Leucocytes,1715-12-30
561,CRP,1716-12-30
561,Leucocytes,1717-12-30
561,CRP,1718-12-30
561,CRP,1719-12-30
561,Leucocytes,1720-12-30
561,CRP,1721-12-30
561,Leucocytes,1722-12-30
561,CRP,1723-12-30
561,CRP,1724-12-30
561,Leucocytes,1725-12-30
561,CRP,1726-12-30
561,CRP,1727-12-30
561,CRP,1728-12-30
561,Leucocytes,1729-12-30
561,CRP,1730-12-30
561,CRP,1731-12-30
561,Leucocytes,1732-12-30
561,Leucocytes,1733-12-30
561,Leucocytes,1734-12-30
561,Leucocytes,1735-12-30
561,CRP,1736-12-30
561,Release B,1737-12-30
562,ER Registration,1700-12-30
562,ER Triage,1701-12-30
562,ER Sepsis Triage,1702-12-30
562,IV Liquid,1703-12-30
562,LacticAcid,1704-12-30
562,CRP,1705-12-30
562,Leucocytes,1706-12-30
562,IV Antibiotics,1707-12-30
562,Admission NC,1708-12-30
562,Admission NC,1709-12-30
562,Leucocytes,1710-12-30
562,CRP,1711-12-30
562,LacticAcid,1712-12-30
562,Leucocytes,1713-12-30
562,CRP,1714-12-30
562,CRP,1715-12-30
562,Leucocytes,1716-12-30
562,Release A,1717-12-30
562,Return ER,1718-12-30
563,Leucocytes,1700-12-30
563,CRP,1701-12-30
563,ER Registration,1702-12-30
563,ER Triage,1703-12-30
563,ER Sepsis Triage,1704-12-30
563,IV Antibiotics,1705-12-30
563,Admission NC,1706-12-30
563,CRP,1707-12-30
563,Leucocytes,1708-12-30
563,Admission NC,1709-12-30
563,CRP,1710-12-30
563,Leucocytes,1711-12-30
563,Admission NC,1712-12-30
563,Admission IC,1713-12-30
563,Leucocytes,1714-12-30
563,LacticAcid,1715-12-30
563,CRP,1716-12-30
563,CRP,1717-12-30
563,LacticAcid,1718-12-30
563,Leucocytes,1719-12-30
563,Leucocytes,1720-12-30
563,Leucocytes,1721-12-30
563,LacticAcid,1722-12-30
563,CRP,1723-12-30
563,Admission NC,1724-12-30
563,Leucocytes,1725-12-30
563,CRP,1726-12-30
563,Leucocytes,1727-12-30
563,CRP,1728-12-30
563,Leucocytes,1729-12-30
563,CRP,1730-12-30
563,CRP,1731-12-30
563,Leucocytes,1732-12-30
563,Release A,1733-12-30
564,ER Registration,1700-12-30
564,ER Triage,1701-12-30
564,ER Sepsis Triage,1702-12-30
564,IV Liquid,1703-12-30
564,Leucocytes,1704-12-30
564,LacticAcid,1705-12-30
564,CRP,1706-12-30
564,IV Antibiotics,1707-12-30
564,Admission NC,1708-12-30
565,ER Registration,1700-12-30
565,ER Triage,1701-12-30
565,Leucocytes,1702-12-30
565,LacticAcid,1703-12-30
565,CRP,1704-12-30
565,ER Sepsis Triage,1705-12-30
565,Admission NC,1706-12-30
565,Admission NC,1707-12-30
565,CRP,1708-12-30
565,Leucocytes,1709-12-30
565,Leucocytes,1710-12-30
565,CRP,1711-12-30
565,CRP,1712-12-30
565,Leucocytes,1713-12-30
565,CRP,1714-12-30
565,CRP,1715-12-30
565,Leucocytes,1716-12-30
565,CRP,1717-12-30
565,CRP,1718-12-30
565,Release D,1719-12-30
566,ER Registration,1700-12-30
566,ER Triage,1701-12-30
566,ER Sepsis Triage,1702-12-30
566,Leucocytes,1703-12-30
566,Admission NC,1704-12-30
566,Release A,1705-12-30
567,ER Registration,1700-12-30
567,ER Triage,1701-12-30
567,ER Sepsis Triage,1702-12-30
567,LacticAcid,1703-12-30
567,Leucocytes,1704-12-30
567,CRP,1705-12-30
567,IV Liquid,1706-12-30
567,IV Antibiotics,1707-12-30
567,Admission NC,1708-12-30
567,Leucocytes,1709-12-30
567,CRP,1710-12-30
567,CRP,1711-12-30
567,Leucocytes,1712-12-30
567,Release A,1713-12-30
568,ER Registration,1700-12-30
568,ER Triage,1701-12-30
568,ER Sepsis Triage,1702-12-30
568,LacticAcid,1703-12-30
568,Leucocytes,1704-12-30
568,CRP,1705-12-30
568,IV Liquid,1706-12-30
568,IV Antibiotics,1707-12-30
568,Admission NC,1708-12-30
568,LacticAcid,1709-12-30
568,Admission NC,1710-12-30
568,LacticAcid,1711-12-30
568,Leucocytes,1712-12-30
568,CRP,1713-12-30
568,LacticAcid,1714-12-30
568,CRP,1715-12-30
568,Release A,1716-12-30
569,ER Registration,1700-12-30
569,ER Triage,1701-12-30
569,ER Sepsis Triage,1702-12-30
569,LacticAcid,1703-12-30
569,Leucocytes,1704-12-30
569,CRP,1705-12-30
569,IV Antibiotics,1706-12-30
569,IV Liquid,1707-12-30
570,ER Registration,1700-12-30
570,ER Triage,1701-12-30
570,ER Sepsis Triage,1702-12-30
571,ER Registration,1700-12-30
571,ER Triage,1701-12-30
571,ER Sepsis Triage,1702-12-30
571,CRP,1703-12-30
571,LacticAcid,1704-12-30
571,Leucocytes,1705-12-30
571,IV Liquid,1706-12-30
571,IV Antibiotics,1707-12-30
571,Admission NC,1708-12-30
571,Release A,1709-12-30
572,ER Registration,1700-12-30
572,LacticAcid,1701-12-30
572,CRP,1702-12-30
572,Leucocytes,1703-12-30
572,ER Triage,1704-12-30
572,ER Sepsis Triage,1705-12-30
572,IV Liquid,1706-12-30
572,IV Antibiotics,1707-12-30
572,Admission NC,1708-12-30
572,Release A,1709-12-30
573,ER Registration,1700-12-30
573,ER Triage,1701-12-30
573,ER Sepsis Triage,1702-12-30
573,CRP,1703-12-30
573,LacticAcid,1704-12-30
573,Leucocytes,1705-12-30
573,IV Liquid,1706-12-30
573,IV Antibiotics,1707-12-30
573,Admission NC,1708-12-30
573,CRP,1709-12-30
573,Leucocytes,1710-12-30
573,LacticAcid,1711-12-30
573,Admission NC,1712-12-30
573,CRP,1713-12-30
573,Leucocytes,1714-12-30
573,Release A,1715-12-30
574,ER Registration,1700-12-30
574,ER Triage,1701-12-30
574,ER Sepsis Triage,1702-12-30
574,Leucocytes,1703-12-30
574,LacticAcid,1704-12-30
574,CRP,1705-12-30
574,IV Liquid,1706-12-30
574,IV Antibiotics,1707-12-30
574,Admission NC,1708-12-30
574,Leucocytes,1709-12-30
574,CRP,1710-12-30
574,Release A,1711-12-30
575,ER Registration,1700-12-30
575,ER Triage,1701-12-30
575,ER Sepsis Triage,1702-12-30
575,CRP,1703-12-30
575,LacticAcid,1704-12-30
575,Leucocytes,1705-12-30
575,IV Liquid,1706-12-30
575,IV Antibiotics,1707-12-30
576,ER Registration,1700-12-30
576,ER Triage,1701-12-30
576,ER Sepsis Triage,1702-12-30
576,LacticAcid,1703-12-30
576,CRP,1704-12-30
576,Leucocytes,1705-12-30
576,IV Antibiotics,1706-12-30
576,Leucocytes,1707-12-30
576,CRP,1708-12-30
576,IV Liquid,1709-12-30
577,ER Registration,1700-12-30
577,ER Triage,1701-12-30
577,ER Sepsis Triage,1702-12-30
577,IV Liquid,1703-12-30
577,IV Antibiotics,1704-12-30
577,LacticAcid,1705-12-30
577,Leucocytes,1706-12-30
577,CRP,1707-12-30
578,ER Registration,1700-12-30
578,ER Triage,1701-12-30
578,ER Sepsis Triage,1702-12-30
578,IV Liquid,1703-12-30
578,IV Antibiotics,1704-12-30
578,LacticAcid,1705-12-30
578,Leucocytes,1706-12-30
578,CRP,1707-12-30
578,Admission NC,1708-12-30
578,Leucocytes,1709-12-30
578,CRP,1710-12-30
578,Leucocytes,1711-12-30
578,CRP,1712-12-30
578,Release B,1713-12-30
579,ER Registration,1700-12-30
579,CRP,1701-12-30
579,Leucocytes,1702-12-30
579,LacticAcid,1703-12-30
579,ER Triage,1704-12-30
579,ER Sepsis Triage,1705-12-30
579,IV Liquid,1706-12-30
579,IV Antibiotics,1707-12-30
579,Admission NC,1708-12-30
579,CRP,1709-12-30
579,Leucocytes,1710-12-30
579,CRP,1711-12-30
579,Leucocytes,1712-12-30
579,Leucocytes,1713-12-30
579,CRP,1714-12-30
579,Release A,1715-12-30
580,ER Registration,1700-12-30
580,ER Triage,1701-12-30
580,CRP,1702-12-30
580,Leucocytes,1703-12-30
580,ER Sepsis Triage,1704-12-30
580,IV Liquid,1705-12-30
580,LacticAcid,1706-12-30
580,IV Antibiotics,1707-12-30
581,ER Registration,1700-12-30
581,ER Triage,1701-12-30
581,ER Sepsis Triage,1702-12-30
581,IV Liquid,1703-12-30
581,IV Antibiotics,1704-12-30
581,Leucocytes,1705-12-30
581,LacticAcid,1706-12-30
581,CRP,1707-12-30
581,Admission NC,1708-12-30
581,CRP,1709-12-30
581,LacticAcid,1710-12-30
581,Leucocytes,1711-12-30
581,Leucocytes,1712-12-30
581,CRP,1713-12-30
581,Release A,1714-12-30
582,ER Registration,1700-12-30
582,ER Triage,1701-12-30
582,Leucocytes,1702-12-30
582,CRP,1703-12-30
582,ER Sepsis Triage,1704-12-30
582,Admission NC,1705-12-30
582,Release A,1706-12-30
582,Return ER,1707-12-30
583,ER Registration,1700-12-30
583,ER Triage,1701-12-30
583,ER Sepsis Triage,1702-12-30
583,Leucocytes,1703-12-30
583,CRP,1704-12-30
583,Admission NC,1705-12-30
583,Leucocytes,1706-12-30
583,CRP,1707-12-30
583,Leucocytes,1708-12-30
583,CRP,1709-12-30
583,CRP,1710-12-30
583,Leucocytes,1711-12-30
583,CRP,1712-12-30
583,Leucocytes,1713-12-30
583,Leucocytes,1714-12-30
583,CRP,1715-12-30
583,CRP,1716-12-30
583,Leucocytes,1717-12-30
583,Release D,1718-12-30
584,ER Registration,1700-12-30
584,ER Triage,1701-12-30
584,Leucocytes,1702-12-30
584,CRP,1703-12-30
584,LacticAcid,1704-12-30
584,ER Sepsis Triage,1705-12-30
584,IV Liquid,1706-12-30
584,IV Antibiotics,1707-12-30
584,Admission NC,1708-12-30
584,CRP,1709-12-30
584,Leucocytes,1710-12-30
584,Admission NC,1711-12-30
584,CRP,1712-12-30
584,Leucocytes,1713-12-30
584,CRP,1714-12-30
584,Release A,1715-12-30
585,ER Registration,1700-12-30
585,IV Liquid,1701-12-30
585,ER Triage,1702-12-30
585,ER Sepsis Triage,1703-12-30
585,IV Antibiotics,1704-12-30
585,LacticAcid,1705-12-30
585,CRP,1706-12-30
585,Leucocytes,1707-12-30
585,Admission NC,1708-12-30
585,CRP,1709-12-30
585,Release A,1710-12-30
586,ER Registration,1700-12-30
586,ER Triage,1701-12-30
586,Leucocytes,1702-12-30
586,CRP,1703-12-30
586,LacticAcid,1704-12-30
586,ER Sepsis Triage,1705-12-30
586,IV Antibiotics,1706-12-30
586,Admission NC,1707-12-30
586,IV Liquid,1708-12-30
587,ER Registration,1700-12-30
587,ER Triage,1701-12-30
587,ER Sepsis Triage,1702-12-30
587,Leucocytes,1703-12-30
587,CRP,1704-12-30
587,LacticAcid,1705-12-30
587,IV Liquid,1706-12-30
587,IV Antibiotics,1707-12-30
587,Admission NC,1708-12-30
587,Admission NC,1709-12-30
587,Leucocytes,1710-12-30
587,CRP,1711-12-30
587,Release A,1712-12-30
587,Return ER,1713-12-30
588,ER Registration,1700-12-30
588,ER Triage,1701-12-30
588,ER Sepsis Triage,1702-12-30
588,CRP,1703-12-30
588,Leucocytes,1704-12-30
588,LacticAcid,1705-12-30
588,IV Liquid,1706-12-30
588,IV Antibiotics,1707-12-30
588,Admission NC,1708-12-30
589,ER Registration,1700-12-30
589,ER Triage,1701-12-30
589,ER Sepsis Triage,1702-12-30
590,ER Registration,1700-12-30
590,ER Triage,1701-12-30
590,ER Sepsis Triage,1702-12-30
590,Leucocytes,1703-12-30
590,LacticAcid,1704-12-30
590,CRP,1705-12-30
590,IV Liquid,1706-12-30
590,IV Antibiotics,1707-12-30
590,Admission NC,1708-12-30
590,Release B,1709-12-30
591,ER Registration,1700-12-30
591,ER Triage,1701-12-30
591,ER Sepsis Triage,1702-12-30
591,Leucocytes,1703-12-30
591,CRP,1704-12-30
591,LacticAcid,1705-12-30
591,IV Liquid,1706-12-30
591,IV Antibiotics,1707-12-30
591,Admission NC,1708-12-30
591,CRP,1709-12-30
591,Leucocytes,1710-12-30
591,Leucocytes,1711-12-30
591,CRP,1712-12-30
591,Leucocytes,1713-12-30
591,CRP,1714-12-30
591,Release A,1715-12-30
591,Return ER,1716-12-30
592,ER Registration,1700-12-30
592,ER Triage,1701-12-30
592,ER Sepsis Triage,1702-12-30
592,LacticAcid,1703-12-30
592,Leucocytes,1704-12-30
592,CRP,1705-12-30
592,IV Liquid,1706-12-30
592,IV Antibiotics,1707-12-30
592,Admission NC,1708-12-30
592,CRP,1709-12-30
592,Leucocytes,1710-12-30
592,Leucocytes,1711-12-30
592,CRP,1712-12-30
592,Release A,1713-12-30
592,Return ER,1714-12-30
593,ER Registration,1700-12-30
593,ER Triage,1701-12-30
593,ER Sepsis Triage,1702-12-30
593,CRP,1703-12-30
593,Leucocytes,1704-12-30
594,ER Registration,1700-12-30
594,ER Triage,1701-12-30
594,ER Sepsis Triage,1702-12-30
594,LacticAcid,1703-12-30
594,CRP,1704-12-30
594,Leucocytes,1705-12-30
594,IV Liquid,1706-12-30
594,IV Antibiotics,1707-12-30
594,Admission NC,1708-12-30
594,CRP,1709-12-30
594,Leucocytes,1710-12-30
594,CRP,1711-12-30
594,Leucocytes,1712-12-30
594,Release A,1713-12-30
595,ER Registration,1700-12-30
595,ER Triage,1701-12-30
595,Leucocytes,1702-12-30
595,LacticAcid,1703-12-30
595,CRP,1704-12-30
595,ER Sepsis Triage,1705-12-30
595,IV Liquid,1706-12-30
595,IV Antibiotics,1707-12-30
596,ER Registration,1700-12-30
596,ER Triage,1701-12-30
596,ER Sepsis Triage,1702-12-30
596,IV Liquid,1703-12-30
596,IV Antibiotics,1704-12-30
596,Leucocytes,1705-12-30
596,LacticAcid,1706-12-30
596,CRP,1707-12-30
596,Admission NC,1708-12-30
596,Leucocytes,1709-12-30
596,CRP,1710-12-30
596,CRP,1711-12-30
596,Leucocytes,1712-12-30
596,CRP,1713-12-30
596,Leucocytes,1714-12-30
596,CRP,1715-12-30
596,Leucocytes,1716-12-30
596,CRP,1717-12-30
596,Leucocytes,1718-12-30
596,Release A,1719-12-30
596,Return ER,1720-12-30
597,ER Registration,1700-12-30
597,ER Triage,1701-12-30
597,ER Sepsis Triage,1702-12-30
597,LacticAcid,1703-12-30
597,Leucocytes,1704-12-30
597,CRP,1705-12-30
597,IV Liquid,1706-12-30
597,IV Antibiotics,1707-12-30
597,Admission NC,1708-12-30
597,Leucocytes,1709-12-30
597,CRP,1710-12-30
597,Release A,1711-12-30
598,ER Registration,1700-12-30
598,ER Triage,1701-12-30
598,ER Sepsis Triage,1702-12-30
598,CRP,1703-12-30
598,Leucocytes,1704-12-30
598,LacticAcid,1705-12-30
598,IV Antibiotics,1706-12-30
599,ER Registration,1700-12-30
599,IV Liquid,1701-12-30
599,ER Triage,1702-12-30
599,Leucocytes,1703-12-30
599,CRP,1704-12-30
599,LacticAcid,1705-12-30
599,ER Sepsis Triage,1706-12-30
599,IV Antibiotics,1707-12-30
599,Admission NC,1708-12-30
599,LacticAcid,1709-12-30
599,Leucocytes,1710-12-30
599,Admission NC,1711-12-30
599,Admission NC,1712-12-30
599,Leucocytes,1713-12-30
599,CRP,1714-12-30
599,CRP,1715-12-30
599,Leucocytes,1716-12-30
599,Leucocytes,1717-12-30
599,CRP,1718-12-30
599,Leucocytes,1719-12-30
599,Release A,1720-12-30
600,ER Registration,1700-12-30
600,CRP,1701-12-30
600,LacticAcid,1702-12-30
600,Leucocytes,1703-12-30
600,ER Triage,1704-12-30
600,ER Sepsis Triage,1705-12-30
600,IV Liquid,1706-12-30
600,IV Antibiotics,1707-12-30
600,Admission NC,1708-12-30
600,Admission NC,1709-12-30
600,Leucocytes,1710-12-30
600,CRP,1711-12-30
600,CRP,1712-12-30
600,Leucocytes,1713-12-30
600,Release A,1714-12-30
601,ER Registration,1700-12-30
601,ER Triage,1701-12-30
601,LacticAcid,1702-12-30
601,Leucocytes,1703-12-30
601,CRP,1704-12-30
601,ER Sepsis Triage,1705-12-30
601,IV Liquid,1706-12-30
601,IV Antibiotics,1707-12-30
601,Admission NC,1708-12-30
601,Leucocytes,1709-12-30
601,CRP,1710-12-30
601,Admission NC,1711-12-30
601,Release A,1712-12-30
602,ER Registration,1700-12-30
602,ER Triage,1701-12-30
602,ER Sepsis Triage,1702-12-30
602,LacticAcid,1703-12-30
602,Leucocytes,1704-12-30
602,CRP,1705-12-30
602,IV Liquid,1706-12-30
602,IV Antibiotics,1707-12-30
602,Admission NC,1708-12-30
602,Leucocytes,1709-12-30
602,CRP,1710-12-30
602,Admission NC,1711-12-30
602,Leucocytes,1712-12-30
602,CRP,1713-12-30
602,Leucocytes,1714-12-30
602,CRP,1715-12-30
602,Leucocytes,1716-12-30
602,CRP,1717-12-30
602,Leucocytes,1718-12-30
602,CRP,1719-12-30
602,Leucocytes,1720-12-30
602,CRP,1721-12-30
602,Release A,1722-12-30
603,ER Registration,1700-12-30
603,ER Triage,1701-12-30
603,Leucocytes,1702-12-30
603,LacticAcid,1703-12-30
603,CRP,1704-12-30
603,ER Sepsis Triage,1705-12-30
603,IV Liquid,1706-12-30
603,IV Antibiotics,1707-12-30
603,Admission NC,1708-12-30
603,CRP,1709-12-30
603,Leucocytes,1710-12-30
603,Leucocytes,1711-12-30
603,CRP,1712-12-30
603,Leucocytes,1713-12-30
603,CRP,1714-12-30
603,Admission NC,1715-12-30
603,CRP,1716-12-30
603,Leucocytes,1717-12-30
603,Release A,1718-12-30
603,Return ER,1719-12-30
604,ER Sepsis Triage,1700-12-30
604,IV Liquid,1701-12-30
604,IV Antibiotics,1702-12-30
604,ER Registration,1703-12-30
604,ER Triage,1704-12-30
604,LacticAcid,1705-12-30
604,CRP,1706-12-30
604,Leucocytes,1707-12-30
604,LacticAcid,1708-12-30
604,CRP,1709-12-30
604,Leucocytes,1710-12-30
605,ER Registration,1700-12-30
605,ER Triage,1701-12-30
605,ER Sepsis Triage,1702-12-30
605,Leucocytes,1703-12-30
605,CRP,1704-12-30
605,ER Triage,1705-12-30
606,Leucocytes,1700-12-30
606,ER Registration,1701-12-30
606,ER Triage,1702-12-30
606,ER Sepsis Triage,1703-12-30
606,IV Liquid,1704-12-30
606,CRP,1705-12-30
606,Leucocytes,1706-12-30
606,LacticAcid,1707-12-30
606,IV Antibiotics,1708-12-30
606,Admission NC,1709-12-30
606,CRP,1710-12-30
606,Leucocytes,1711-12-30
606,Release A,1712-12-30
607,ER Registration,1700-12-30
607,ER Triage,1701-12-30
607,ER Sepsis Triage,1702-12-30
607,LacticAcid,1703-12-30
607,Leucocytes,1704-12-30
607,CRP,1705-12-30
607,IV Liquid,1706-12-30
607,IV Antibiotics,1707-12-30
607,Admission NC,1708-12-30
607,Admission NC,1709-12-30
607,Leucocytes,1710-12-30
607,CRP,1711-12-30
607,CRP,1712-12-30
607,Leucocytes,1713-12-30
607,Release A,1714-12-30
607,Return ER,1715-12-30
608,ER Registration,1700-12-30
608,ER Triage,1701-12-30
608,ER Sepsis Triage,1702-12-30
608,LacticAcid,1703-12-30
608,Leucocytes,1704-12-30
608,CRP,1705-12-30
608,IV Liquid,1706-12-30
608,IV Antibiotics,1707-12-30
608,Admission NC,1708-12-30
608,Admission NC,1709-12-30
608,CRP,1710-12-30
608,Release A,1711-12-30
608,Return ER,1712-12-30
609,Leucocytes,1700-12-30
609,CRP,1701-12-30
609,ER Registration,1702-12-30
609,ER Triage,1703-12-30
609,ER Sepsis Triage,1704-12-30
609,IV Liquid,1705-12-30
609,LacticAcid,1706-12-30
609,IV Antibiotics,1707-12-30
609,Admission NC,1708-12-30
609,Admission NC,1709-12-30
609,CRP,1710-12-30
609,Leucocytes,1711-12-30
609,CRP,1712-12-30
609,CRP,1713-12-30
609,Release A,1714-12-30
610,ER Registration,1700-12-30
610,ER Triage,1701-12-30
610,ER Sepsis Triage,1702-12-30
610,LacticAcid,1703-12-30
610,CRP,1704-12-30
610,Leucocytes,1705-12-30
610,IV Liquid,1706-12-30
610,IV Antibiotics,1707-12-30
610,Admission NC,1708-12-30
610,LacticAcid,1709-12-30
610,Leucocytes,1710-12-30
610,CRP,1711-12-30
610,Leucocytes,1712-12-30
610,CRP,1713-12-30
610,CRP,1714-12-30
610,Leucocytes,1715-12-30
610,CRP,1716-12-30
610,Leucocytes,1717-12-30
610,CRP,1718-12-30
610,Leucocytes,1719-12-30
610,CRP,1720-12-30
610,CRP,1721-12-30
610,Leucocytes,1722-12-30
610,Leucocytes,1723-12-30
610,CRP,1724-12-30
610,Leucocytes,1725-12-30
610,CRP,1726-12-30
610,Admission NC,1727-12-30
610,Admission NC,1728-12-30
610,Release B,1729-12-30
611,ER Registration,1700-12-30
611,ER Triage,1701-12-30
611,ER Sepsis Triage,1702-12-30
611,LacticAcid,1703-12-30
611,CRP,1704-12-30
611,Leucocytes,1705-12-30
611,IV Liquid,1706-12-30
611,IV Antibiotics,1707-12-30
611,Admission NC,1708-12-30
611,Admission NC,1709-12-30
611,LacticAcid,1710-12-30
611,CRP,1711-12-30
611,Leucocytes,1712-12-30
611,Leucocytes,1713-12-30
611,CRP,1714-12-30
611,Leucocytes,1715-12-30
611,CRP,1716-12-30
611,Release A,1717-12-30
612,ER Registration,1700-12-30
612,ER Triage,1701-12-30
612,ER Sepsis Triage,1702-12-30
612,CRP,1703-12-30
612,Leucocytes,1704-12-30
612,LacticAcid,1705-12-30
612,IV Liquid,1706-12-30
612,IV Antibiotics,1707-12-30
612,Admission NC,1708-12-30
612,CRP,1709-12-30
612,Leucocytes,1710-12-30
612,CRP,1711-12-30
612,Leucocytes,1712-12-30
612,CRP,1713-12-30
612,Leucocytes,1714-12-30
612,Release A,1715-12-30
613,ER Registration,1700-12-30
613,ER Triage,1701-12-30
613,ER Sepsis Triage,1702-12-30
613,CRP,1703-12-30
613,Leucocytes,1704-12-30
613,LacticAcid,1705-12-30
613,IV Liquid,1706-12-30
613,IV Antibiotics,1707-12-30
613,Admission NC,1708-12-30
613,CRP,1709-12-30
613,CRP,1710-12-30
613,Release A,1711-12-30
614,ER Registration,1700-12-30
614,ER Triage,1701-12-30
614,ER Sepsis Triage,1702-12-30
614,LacticAcid,1703-12-30
614,CRP,1704-12-30
614,Leucocytes,1705-12-30
614,IV Antibiotics,1706-12-30
614,IV Liquid,1707-12-30
614,Admission NC,1708-12-30
614,Admission NC,1709-12-30
614,Leucocytes,1710-12-30
614,CRP,1711-12-30
614,Release A,1712-12-30
614,Return ER,1713-12-30
615,ER Registration,1700-12-30
615,ER Triage,1701-12-30
615,ER Sepsis Triage,1702-12-30
615,CRP,1703-12-30
615,LacticAcid,1704-12-30
615,Leucocytes,1705-12-30
615,IV Liquid,1706-12-30
615,IV Antibiotics,1707-12-30
615,Admission NC,1708-12-30
615,Leucocytes,1709-12-30
615,CRP,1710-12-30
615,Admission NC,1711-12-30
615,CRP,1712-12-30
615,Leucocytes,1713-12-30
615,Release A,1714-12-30
616,ER Registration,1700-12-30
616,ER Triage,1701-12-30
616,ER Sepsis Triage,1702-12-30
616,IV Liquid,1703-12-30
616,IV Antibiotics,1704-12-30
616,Leucocytes,1705-12-30
616,CRP,1706-12-30
616,LacticAcid,1707-12-30
616,Admission NC,1708-12-30
616,LacticAcid,1709-12-30
616,Leucocytes,1710-12-30
616,CRP,1711-12-30
616,Admission NC,1712-12-30
616,Admission NC,1713-12-30
616,Leucocytes,1714-12-30
616,CRP,1715-12-30
616,Leucocytes,1716-12-30
616,CRP,1717-12-30
616,Release A,1718-12-30
617,ER Registration,1700-12-30
617,ER Triage,1701-12-30
617,ER Sepsis Triage,1702-12-30
617,CRP,1703-12-30
617,Leucocytes,1704-12-30
617,LacticAcid,1705-12-30
617,IV Liquid,1706-12-30
617,IV Antibiotics,1707-12-30
617,Admission NC,1708-12-30
617,LacticAcid,1709-12-30
617,CRP,1710-12-30
617,Leucocytes,1711-12-30
617,Leucocytes,1712-12-30
617,CRP,1713-12-30
617,Leucocytes,1714-12-30
617,Leucocytes,1715-12-30
617,Leucocytes,1716-12-30
617,Leucocytes,1717-12-30
617,Leucocytes,1718-12-30
617,Admission NC,1719-12-30
617,Release A,1720-12-30
617,Return ER,1721-12-30
618,Leucocytes,1700-12-30
618,ER Registration,1701-12-30
618,ER Triage,1702-12-30
618,ER Sepsis Triage,1703-12-30
618,IV Liquid,1704-12-30
618,Leucocytes,1705-12-30
618,CRP,1706-12-30
618,LacticAcid,1707-12-30
618,IV Antibiotics,1708-12-30
618,Admission NC,1709-12-30
618,Leucocytes,1710-12-30
618,CRP,1711-12-30
618,Release A,1712-12-30
618,Return ER,1713-12-30
619,ER Triage,1700-12-30
619,ER Registration,1701-12-30
619,ER Sepsis Triage,1702-12-30
619,CRP,1703-12-30
619,Leucocytes,1704-12-30
619,LacticAcid,1705-12-30
619,IV Liquid,1706-12-30
619,IV Antibiotics,1707-12-30
619,Admission NC,1708-12-30
619,Leucocytes,1709-12-30
619,CRP,1710-12-30
619,Admission NC,1711-12-30
619,Release A,1712-12-30
619,Return ER,1713-12-30
620,ER Registration,1700-12-30
620,ER Triage,1701-12-30
620,ER Sepsis Triage,1702-12-30
620,IV Liquid,1703-12-30
620,Leucocytes,1704-12-30
620,CRP,1705-12-30
620,LacticAcid,1706-12-30
620,IV Antibiotics,1707-12-30
620,Admission IC,1708-12-30
620,CRP,1709-12-30
620,LacticAcid,1710-12-30
620,Leucocytes,1711-12-30
620,Admission IC,1712-12-30
620,Admission NC,1713-12-30
620,CRP,1714-12-30
620,Leucocytes,1715-12-30
620,Release A,1716-12-30
620,Return ER,1717-12-30
621,ER Registration,1700-12-30
621,ER Triage,1701-12-30
621,ER Sepsis Triage,1702-12-30
621,CRP,1703-12-30
621,LacticAcid,1704-12-30
621,Leucocytes,1705-12-30
621,IV Liquid,1706-12-30
621,IV Antibiotics,1707-12-30
621,Admission NC,1708-12-30
621,CRP,1709-12-30
621,Leucocytes,1710-12-30
621,Leucocytes,1711-12-30
621,CRP,1712-12-30
621,Leucocytes,1713-12-30
621,CRP,1714-12-30
621,Release A,1715-12-30
622,ER Registration,1700-12-30
622,ER Triage,1701-12-30
622,ER Sepsis Triage,1702-12-30
622,Leucocytes,1703-12-30
622,CRP,1704-12-30
622,Admission NC,1705-12-30
622,CRP,1706-12-30
622,Leucocytes,1707-12-30
622,CRP,1708-12-30
622,Release A,1709-12-30
623,ER Registration,1700-12-30
623,ER Triage,1701-12-30
623,ER Sepsis Triage,1702-12-30
623,IV Liquid,1703-12-30
623,Leucocytes,1704-12-30
623,LacticAcid,1705-12-30
623,CRP,1706-12-30
623,IV Antibiotics,1707-12-30
623,Admission NC,1708-12-30
623,Admission NC,1709-12-30
623,CRP,1710-12-30
623,Leucocytes,1711-12-30
623,Release A,1712-12-30
624,ER Registration,1700-12-30
624,ER Triage,1701-12-30
624,ER Sepsis Triage,1702-12-30
624,Leucocytes,1703-12-30
624,CRP,1704-12-30
624,LacticAcid,1705-12-30
625,ER Registration,1700-12-30
625,ER Triage,1701-12-30
625,CRP,1702-12-30
625,Leucocytes,1703-12-30
625,LacticAcid,1704-12-30
625,ER Sepsis Triage,1705-12-30
625,IV Liquid,1706-12-30
625,IV Antibiotics,1707-12-30
625,Admission NC,1708-12-30
625,CRP,1709-12-30
625,Leucocytes,1710-12-30
625,Leucocytes,1711-12-30
625,CRP,1712-12-30
625,CRP,1713-12-30
625,Leucocytes,1714-12-30
625,Release A,1715-12-30
625,Return ER,1716-12-30
626,ER Registration,1700-12-30
626,ER Triage,1701-12-30
626,ER Sepsis Triage,1702-12-30
626,LacticAcid,1703-12-30
626,CRP,1704-12-30
626,Leucocytes,1705-12-30
626,IV Antibiotics,1706-12-30
626,Admission NC,1707-12-30
626,CRP,1708-12-30
626,Leucocytes,1709-12-30
626,Admission NC,1710-12-30
626,Leucocytes,1711-12-30
626,CRP,1712-12-30
626,Release A,1713-12-30
627,Leucocytes,1700-12-30
627,CRP,1701-12-30
627,ER Registration,1702-12-30
627,ER Triage,1703-12-30
627,Leucocytes,1704-12-30
627,CRP,1705-12-30
627,LacticAcid,1706-12-30
627,ER Sepsis Triage,1707-12-30
627,IV Liquid,1708-12-30
627,IV Antibiotics,1709-12-30
627,Admission NC,1710-12-30
627,CRP,1711-12-30
627,Release A,1712-12-30
628,ER Registration,1700-12-30
628,ER Triage,1701-12-30
628,ER Sepsis Triage,1702-12-30
628,Leucocytes,1703-12-30
628,LacticAcid,1704-12-30
628,CRP,1705-12-30
628,IV Antibiotics,1706-12-30
628,IV Liquid,1707-12-30
628,Admission NC,1708-12-30
628,Admission NC,1709-12-30
628,Leucocytes,1710-12-30
628,CRP,1711-12-30
628,CRP,1712-12-30
628,Leucocytes,1713-12-30
628,CRP,1714-12-30
628,Admission NC,1715-12-30
628,Admission NC,1716-12-30
628,CRP,1717-12-30
628,Admission NC,1718-12-30
628,Leucocytes,1719-12-30
628,CRP,1720-12-30
628,CRP,1721-12-30
628,Leucocytes,1722-12-30
628,Release A,1723-12-30
629,ER Registration,1700-12-30
629,ER Triage,1701-12-30
629,ER Sepsis Triage,1702-12-30
629,LacticAcid,1703-12-30
629,CRP,1704-12-30
629,Leucocytes,1705-12-30
629,IV Antibiotics,1706-12-30
629,Admission NC,1707-12-30
629,CRP,1708-12-30
629,Leucocytes,1709-12-30
629,Admission NC,1710-12-30
629,CRP,1711-12-30
629,Leucocytes,1712-12-30
629,Leucocytes,1713-12-30
629,CRP,1714-12-30
629,Release A,1715-12-30
629,Return ER,1716-12-30
630,ER Sepsis Triage,1700-12-30
630,ER Registration,1701-12-30
630,ER Triage,1702-12-30
630,CRP,1703-12-30
630,Leucocytes,1704-12-30
630,LacticAcid,1705-12-30
630,IV Antibiotics,1706-12-30
630,IV Liquid,1707-12-30
630,Admission NC,1708-12-30
630,Leucocytes,1709-12-30
630,CRP,1710-12-30
630,Admission NC,1711-12-30
630,Leucocytes,1712-12-30
630,CRP,1713-12-30
630,Release B,1714-12-30
631,ER Registration,1700-12-30
631,ER Triage,1701-12-30
631,ER Sepsis Triage,1702-12-30
631,IV Liquid,1703-12-30
631,LacticAcid,1704-12-30
631,Leucocytes,1705-12-30
631,CRP,1706-12-30
631,IV Antibiotics,1707-12-30
631,Admission NC,1708-12-30
631,Release A,1709-12-30
632,ER Registration,1700-12-30
632,ER Triage,1701-12-30
632,ER Sepsis Triage,1702-12-30
632,Leucocytes,1703-12-30
632,LacticAcid,1704-12-30
632,CRP,1705-12-30
632,IV Liquid,1706-12-30
632,IV Antibiotics,1707-12-30
633,ER Registration,1700-12-30
633,IV Liquid,1701-12-30
633,ER Triage,1702-12-30
633,ER Sepsis Triage,1703-12-30
633,LacticAcid,1704-12-30
633,Leucocytes,1705-12-30
633,CRP,1706-12-30
633,IV Antibiotics,1707-12-30
633,Admission IC,1708-12-30
633,LacticAcid,1709-12-30
633,Leucocytes,1710-12-30
633,LacticAcid,1711-12-30
633,CRP,1712-12-30
633,Admission NC,1713-12-30
633,CRP,1714-12-30
633,Leucocytes,1715-12-30
633,Release A,1716-12-30
634,ER Triage,1700-12-30
634,Leucocytes,1701-12-30
634,CRP,1702-12-30
634,LacticAcid,1703-12-30
634,Leucocytes,1704-12-30
634,ER Registration,1705-12-30
634,Admission IC,1706-12-30
634,LacticAcid,1707-12-30
634,Leucocytes,1708-12-30
634,CRP,1709-12-30
634,CRP,1710-12-30
634,LacticAcid,1711-12-30
634,Leucocytes,1712-12-30
634,CRP,1713-12-30
634,Leucocytes,1714-12-30
634,LacticAcid,1715-12-30
634,Leucocytes,1716-12-30
634,LacticAcid,1717-12-30
634,CRP,1718-12-30
634,Leucocytes,1719-12-30
634,CRP,1720-12-30
634,LacticAcid,1721-12-30
634,LacticAcid,1722-12-30
634,CRP,1723-12-30
634,Leucocytes,1724-12-30
634,Admission NC,1725-12-30
634,Leucocytes,1726-12-30
634,CRP,1727-12-30
634,Release A,1728-12-30
634,Return ER,1729-12-30
635,Leucocytes,1700-12-30
635,ER Registration,1701-12-30
635,ER Triage,1702-12-30
635,ER Sepsis Triage,1703-12-30
635,CRP,1704-12-30
635,LacticAcid,1705-12-30
635,Leucocytes,1706-12-30
635,IV Liquid,1707-12-30
635,IV Antibiotics,1708-12-30
635,Admission NC,1709-12-30
635,CRP,1710-12-30
635,Leucocytes,1711-12-30
635,Release A,1712-12-30
636,ER Registration,1700-12-30
636,ER Triage,1701-12-30
636,ER Sepsis Triage,1702-12-30
636,Leucocytes,1703-12-30
636,CRP,1704-12-30
636,LacticAcid,1705-12-30
636,IV Liquid,1706-12-30
636,IV Antibiotics,1707-12-30
636,Admission NC,1708-12-30
636,Leucocytes,1709-12-30
636,CRP,1710-12-30
636,Release A,1711-12-30
637,ER Registration,1700-12-30
637,ER Triage,1701-12-30
637,ER Sepsis Triage,1702-12-30
637,LacticAcid,1703-12-30
637,CRP,1704-12-30
637,Leucocytes,1705-12-30
637,IV Antibiotics,1706-12-30
637,Admission NC,1707-12-30
637,CRP,1708-12-30
637,CRP,1709-12-30
637,Leucocytes,1710-12-30
637,Release A,1711-12-30
638,ER Registration,1700-12-30
638,ER Triage,1701-12-30
638,ER Sepsis Triage,1702-12-30
638,CRP,1703-12-30
638,LacticAcid,1704-12-30
638,Leucocytes,1705-12-30
638,IV Antibiotics,1706-12-30
638,IV Liquid,1707-12-30
638,Admission NC,1708-12-30
638,CRP,1709-12-30
638,Leucocytes,1710-12-30
638,CRP,1711-12-30
638,Release A,1712-12-30
638,Return ER,1713-12-30
639,ER Registration,1700-12-30
639,ER Triage,1701-12-30
639,ER Sepsis Triage,1702-12-30
639,Leucocytes,1703-12-30
639,CRP,1704-12-30
640,ER Registration,1700-12-30
640,ER Triage,1701-12-30
640,ER Sepsis Triage,1702-12-30
640,IV Liquid,1703-12-30
640,CRP,1704-12-30
640,Leucocytes,1705-12-30
640,LacticAcid,1706-12-30
640,IV Antibiotics,1707-12-30
640,Admission NC,1708-12-30
640,CRP,1709-12-30
640,Leucocytes,1710-12-30
640,Leucocytes,1711-12-30
640,CRP,1712-12-30
640,Admission NC,1713-12-30
640,Admission NC,1714-12-30
640,Admission NC,1715-12-30
640,CRP,1716-12-30
640,Leucocytes,1717-12-30
640,Admission NC,1718-12-30
640,Leucocytes,1719-12-30
640,Leucocytes,1720-12-30
640,CRP,1721-12-30
640,CRP,1722-12-30
640,Leucocytes,1723-12-30
640,Leucocytes,1724-12-30
640,CRP,1725-12-30
640,Leucocytes,1726-12-30
640,CRP,1727-12-30
640,Release B,1728-12-30
641,ER Registration,1700-12-30
641,ER Triage,1701-12-30
641,ER Sepsis Triage,1702-12-30
641,CRP,1703-12-30
641,Leucocytes,1704-12-30
642,ER Registration,1700-12-30
642,ER Triage,1701-12-30
642,ER Sepsis Triage,1702-12-30
642,Leucocytes,1703-12-30
642,LacticAcid,1704-12-30
642,CRP,1705-12-30
642,IV Liquid,1706-12-30
642,IV Antibiotics,1707-12-30
642,Admission NC,1708-12-30
642,Leucocytes,1709-12-30
642,CRP,1710-12-30
642,LacticAcid,1711-12-30
642,CRP,1712-12-30
642,Leucocytes,1713-12-30
642,Admission NC,1714-12-30
642,CRP,1715-12-30
642,Leucocytes,1716-12-30
642,Leucocytes,1717-12-30
642,CRP,1718-12-30
642,Release A,1719-12-30
643,ER Registration,1700-12-30
643,ER Triage,1701-12-30
643,ER Sepsis Triage,1702-12-30
643,IV Liquid,1703-12-30
643,IV Antibiotics,1704-12-30
643,Leucocytes,1705-12-30
643,CRP,1706-12-30
643,LacticAcid,1707-12-30
643,Admission NC,1708-12-30
643,CRP,1709-12-30
643,Leucocytes,1710-12-30
643,Leucocytes,1711-12-30
643,CRP,1712-12-30
643,Release A,1713-12-30
643,Return ER,1714-12-30
644,ER Registration,1700-12-30
644,ER Triage,1701-12-30
644,ER Sepsis Triage,1702-12-30
644,CRP,1703-12-30
644,LacticAcid,1704-12-30
644,Leucocytes,1705-12-30
644,IV Liquid,1706-12-30
644,IV Antibiotics,1707-12-30
645,ER Registration,1700-12-30
645,ER Triage,1701-12-30
645,ER Sepsis Triage,1702-12-30
645,CRP,1703-12-30
645,Leucocytes,1704-12-30
646,ER Registration,1700-12-30
646,ER Triage,1701-12-30
646,ER Sepsis Triage,1702-12-30
646,Leucocytes,1703-12-30
646,LacticAcid,1704-12-30
646,CRP,1705-12-30
646,IV Antibiotics,1706-12-30
646,IV Liquid,1707-12-30
647,CRP,1700-12-30
647,Leucocytes,1701-12-30
647,ER Registration,1702-12-30
647,ER Triage,1703-12-30
647,ER Sepsis Triage,1704-12-30
647,LacticAcid,1705-12-30
647,CRP,1706-12-30
647,Leucocytes,1707-12-30
647,IV Liquid,1708-12-30
647,IV Antibiotics,1709-12-30
647,Admission NC,1710-12-30
647,Release B,1711-12-30
648,ER Registration,1700-12-30
648,ER Triage,1701-12-30
648,ER Sepsis Triage,1702-12-30
648,IV Liquid,1703-12-30
648,IV Antibiotics,1704-12-30
648,CRP,1705-12-30
648,Leucocytes,1706-12-30
648,LacticAcid,1707-12-30
648,Admission NC,1708-12-30
648,Admission IC,1709-12-30
648,LacticAcid,1710-12-30
648,Leucocytes,1711-12-30
648,CRP,1712-12-30
648,LacticAcid,1713-12-30
648,Leucocytes,1714-12-30
648,CRP,1715-12-30
648,LacticAcid,1716-12-30
648,LacticAcid,1717-12-30
648,Leucocytes,1718-12-30
648,CRP,1719-12-30
648,LacticAcid,1720-12-30
648,Leucocytes,1721-12-30
648,CRP,1722-12-30
648,LacticAcid,1723-12-30
648,Leucocytes,1724-12-30
648,CRP,1725-12-30
648,LacticAcid,1726-12-30
648,Leucocytes,1727-12-30
648,CRP,1728-12-30
648,Leucocytes,1729-12-30
648,CRP,1730-12-30
648,LacticAcid,1731-12-30
648,LacticAcid,1732-12-30
648,Leucocytes,1733-12-30
648,CRP,1734-12-30
648,Leucocytes,1735-12-30
648,CRP,1736-12-30
648,LacticAcid,1737-12-30
648,Leucocytes,1738-12-30
648,CRP,1739-12-30
648,LacticAcid,1740-12-30
648,LacticAcid,1741-12-30
648,Leucocytes,1742-12-30
648,CRP,1743-12-30
648,CRP,1744-12-30
648,LacticAcid,1745-12-30
648,Leucocytes,1746-12-30
648,Leucocytes,1747-12-30
648,CRP,1748-12-30
648,LacticAcid,1749-12-30
648,CRP,1750-12-30
648,Leucocytes,1751-12-30
648,LacticAcid,1752-12-30
648,CRP,1753-12-30
648,LacticAcid,1754-12-30
648,Leucocytes,1755-12-30
648,Leucocytes,1756-12-30
648,CRP,1757-12-30
648,LacticAcid,1758-12-30
648,Leucocytes,1759-12-30
648,CRP,1760-12-30
648,LacticAcid,1761-12-30
648,LacticAcid,1762-12-30
648,Leucocytes,1763-12-30
648,CRP,1764-12-30
648,CRP,1765-12-30
648,LacticAcid,1766-12-30
648,Leucocytes,1767-12-30
648,Leucocytes,1768-12-30
648,CRP,1769-12-30
648,LacticAcid,1770-12-30
648,Leucocytes,1771-12-30
648,CRP,1772-12-30
648,LacticAcid,1773-12-30
648,CRP,1774-12-30
648,LacticAcid,1775-12-30
648,Leucocytes,1776-12-30
648,Leucocytes,1777-12-30
648,LacticAcid,1778-12-30
648,CRP,1779-12-30
648,LacticAcid,1780-12-30
648,Admission NC,1781-12-30
648,Admission NC,1782-12-30
648,Release A,1783-12-30
649,ER Registration,1700-12-30
649,ER Triage,1701-12-30
649,ER Sepsis Triage,1702-12-30
649,LacticAcid,1703-12-30
649,Leucocytes,1704-12-30
649,CRP,1705-12-30
649,IV Liquid,1706-12-30
649,IV Antibiotics,1707-12-30
649,Admission NC,1708-12-30
649,Release A,1709-12-30
650,ER Registration,1700-12-30
650,ER Triage,1701-12-30
650,CRP,1702-12-30
650,Leucocytes,1703-12-30
650,LacticAcid,1704-12-30
650,ER Sepsis Triage,1705-12-30
650,Admission NC,1706-12-30
650,Leucocytes,1707-12-30
650,CRP,1708-12-30
650,Leucocytes,1709-12-30
650,CRP,1710-12-30
650,CRP,1711-12-30
650,Leucocytes,1712-12-30
650,CRP,1713-12-30
650,Leucocytes,1714-12-30
650,Leucocytes,1715-12-30
650,CRP,1716-12-30
650,CRP,1717-12-30
650,Leucocytes,1718-12-30
650,Leucocytes,1719-12-30
650,CRP,1720-12-30
650,Release B,1721-12-30
651,ER Registration,1700-12-30
651,ER Triage,1701-12-30
651,ER Sepsis Triage,1702-12-30
651,Leucocytes,1703-12-30
651,CRP,1704-12-30
651,LacticAcid,1705-12-30
652,ER Registration,1700-12-30
652,ER Triage,1701-12-30
652,ER Sepsis Triage,1702-12-30
652,Leucocytes,1703-12-30
652,CRP,1704-12-30
652,LacticAcid,1705-12-30
652,IV Liquid,1706-12-30
652,IV Antibiotics,1707-12-30
652,Admission NC,1708-12-30
652,Admission NC,1709-12-30
652,CRP,1710-12-30
652,Leucocytes,1711-12-30
652,Admission IC,1712-12-30
652,CRP,1713-12-30
652,LacticAcid,1714-12-30
652,Leucocytes,1715-12-30
652,Leucocytes,1716-12-30
652,LacticAcid,1717-12-30
652,CRP,1718-12-30
652,Admission NC,1719-12-30
652,CRP,1720-12-30
652,Leucocytes,1721-12-30
652,Admission NC,1722-12-30
652,CRP,1723-12-30
652,Leucocytes,1724-12-30
652,Leucocytes,1725-12-30
652,CRP,1726-12-30
652,CRP,1727-12-30
652,Leucocytes,1728-12-30
652,CRP,1729-12-30
652,Leucocytes,1730-12-30
652,CRP,1731-12-30
652,Release E,1732-12-30
653,ER Registration,1700-12-30
653,ER Triage,1701-12-30
653,ER Sepsis Triage,1702-12-30
653,Leucocytes,1703-12-30
653,LacticAcid,1704-12-30
653,CRP,1705-12-30
653,IV Liquid,1706-12-30
653,IV Antibiotics,1707-12-30
653,Admission NC,1708-12-30
653,Leucocytes,1709-12-30
653,Admission NC,1710-12-30
653,CRP,1711-12-30
653,Leucocytes,1712-12-30
653,Release A,1713-12-30
654,ER Registration,1700-12-30
654,ER Triage,1701-12-30
654,ER Sepsis Triage,1702-12-30
654,Leucocytes,1703-12-30
654,CRP,1704-12-30
654,IV Antibiotics,1705-12-30
654,IV Liquid,1706-12-30
654,Admission NC,1707-12-30
654,Leucocytes,1708-12-30
654,Leucocytes,1709-12-30
654,Leucocytes,1710-12-30
654,Release B,1711-12-30
655,ER Registration,1700-12-30
655,ER Triage,1701-12-30
655,LacticAcid,1702-12-30
655,Leucocytes,1703-12-30
655,CRP,1704-12-30
655,ER Sepsis Triage,1705-12-30
655,IV Liquid,1706-12-30
655,IV Antibiotics,1707-12-30
655,Admission NC,1708-12-30
655,Admission NC,1709-12-30
655,CRP,1710-12-30
655,Leucocytes,1711-12-30
655,Leucocytes,1712-12-30
655,CRP,1713-12-30
655,CRP,1714-12-30
655,Release A,1715-12-30
655,Return ER,1716-12-30
656,ER Registration,1700-12-30
656,ER Triage,1701-12-30
656,LacticAcid,1702-12-30
656,CRP,1703-12-30
656,Leucocytes,1704-12-30
656,ER Sepsis Triage,1705-12-30
656,IV Liquid,1706-12-30
656,IV Antibiotics,1707-12-30
656,Admission NC,1708-12-30
656,Admission NC,1709-12-30
656,Leucocytes,1710-12-30
656,CRP,1711-12-30
656,Release A,1712-12-30
657,ER Registration,1700-12-30
657,ER Triage,1701-12-30
657,ER Sepsis Triage,1702-12-30
657,CRP,1703-12-30
657,Leucocytes,1704-12-30
657,LacticAcid,1705-12-30
657,IV Antibiotics,1706-12-30
657,Admission NC,1707-12-30
657,IV Liquid,1708-12-30
657,CRP,1709-12-30
657,Leucocytes,1710-12-30
657,CRP,1711-12-30
657,Leucocytes,1712-12-30
657,Release A,1713-12-30
657,Return ER,1714-12-30
658,ER Registration,1700-12-30
658,ER Triage,1701-12-30
658,IV Liquid,1702-12-30
658,ER Sepsis Triage,1703-12-30
658,LacticAcid,1704-12-30
658,CRP,1705-12-30
658,Leucocytes,1706-12-30
658,IV Antibiotics,1707-12-30
658,Admission NC,1708-12-30
658,Admission NC,1709-12-30
658,Leucocytes,1710-12-30
658,CRP,1711-12-30
658,Leucocytes,1712-12-30
658,CRP,1713-12-30
658,Leucocytes,1714-12-30
658,CRP,1715-12-30
658,Release A,1716-12-30
658,Return ER,1717-12-30
659,ER Registration,1700-12-30
659,ER Triage,1701-12-30
659,CRP,1702-12-30
659,LacticAcid,1703-12-30
659,Leucocytes,1704-12-30
659,ER Sepsis Triage,1705-12-30
659,IV Liquid,1706-12-30
659,IV Antibiotics,1707-12-30
659,Admission NC,1708-12-30
659,CRP,1709-12-30
659,Leucocytes,1710-12-30
659,CRP,1711-12-30
659,Leucocytes,1712-12-30
659,Leucocytes,1713-12-30
659,Leucocytes,1714-12-30
659,CRP,1715-12-30
659,Release A,1716-12-30
659,Return ER,1717-12-30
660,ER Registration,1700-12-30
660,ER Triage,1701-12-30
660,ER Sepsis Triage,1702-12-30
660,CRP,1703-12-30
660,Leucocytes,1704-12-30
661,ER Registration,1700-12-30
661,ER Triage,1701-12-30
661,ER Sepsis Triage,1702-12-30
662,ER Registration,1700-12-30
662,ER Triage,1701-12-30
662,ER Sepsis Triage,1702-12-30
662,CRP,1703-12-30
662,LacticAcid,1704-12-30
662,Leucocytes,1705-12-30
663,ER Registration,1700-12-30
663,ER Triage,1701-12-30
663,ER Sepsis Triage,1702-12-30
663,LacticAcid,1703-12-30
663,Leucocytes,1704-12-30
663,CRP,1705-12-30
663,IV Liquid,1706-12-30
663,IV Antibiotics,1707-12-30
664,ER Registration,1700-12-30
664,ER Triage,1701-12-30
664,ER Sepsis Triage,1702-12-30
664,Leucocytes,1703-12-30
664,CRP,1704-12-30
664,Admission NC,1705-12-30
664,CRP,1706-12-30
664,CRP,1707-12-30
664,Leucocytes,1708-12-30
664,CRP,1709-12-30
664,Leucocytes,1710-12-30
664,Leucocytes,1711-12-30
664,CRP,1712-12-30
664,Leucocytes,1713-12-30
664,CRP,1714-12-30
664,Release A,1715-12-30
665,ER Registration,1700-12-30
665,ER Triage,1701-12-30
665,ER Sepsis Triage,1702-12-30
665,CRP,1703-12-30
665,LacticAcid,1704-12-30
665,Leucocytes,1705-12-30
665,IV Liquid,1706-12-30
665,IV Antibiotics,1707-12-30
666,ER Registration,1700-12-30
666,LacticAcid,1701-12-30
666,Leucocytes,1702-12-30
666,CRP,1703-12-30
666,ER Triage,1704-12-30
666,ER Sepsis Triage,1705-12-30
666,Admission NC,1706-12-30
666,Leucocytes,1707-12-30
666,CRP,1708-12-30
666,CRP,1709-12-30
666,Leucocytes,1710-12-30
666,Release A,1711-12-30
667,CRP,1700-12-30
667,ER Registration,1701-12-30
667,ER Triage,1702-12-30
667,ER Sepsis Triage,1703-12-30
667,IV Liquid,1704-12-30
667,LacticAcid,1705-12-30
667,Leucocytes,1706-12-30
667,CRP,1707-12-30
667,IV Antibiotics,1708-12-30
667,Admission NC,1709-12-30
667,Admission IC,1710-12-30
667,Leucocytes,1711-12-30
667,LacticAcid,1712-12-30
667,CRP,1713-12-30
667,LacticAcid,1714-12-30
667,CRP,1715-12-30
667,Leucocytes,1716-12-30
667,Admission NC,1717-12-30
667,Leucocytes,1718-12-30
667,CRP,1719-12-30
667,Leucocytes,1720-12-30
667,CRP,1721-12-30
667,Release A,1722-12-30
668,ER Registration,1700-12-30
668,ER Triage,1701-12-30
668,ER Sepsis Triage,1702-12-30
668,IV Liquid,1703-12-30
668,IV Antibiotics,1704-12-30
668,LacticAcid,1705-12-30
668,Leucocytes,1706-12-30
668,CRP,1707-12-30
668,Admission NC,1708-12-30
668,CRP,1709-12-30
668,Leucocytes,1710-12-30
668,Admission NC,1711-12-30
668,Release A,1712-12-30
668,Return ER,1713-12-30
669,ER Registration,1700-12-30
669,ER Triage,1701-12-30
669,ER Sepsis Triage,1702-12-30
670,ER Registration,1700-12-30
670,Leucocytes,1701-12-30
670,CRP,1702-12-30
670,LacticAcid,1703-12-30
670,ER Triage,1704-12-30
670,ER Sepsis Triage,1705-12-30
670,IV Liquid,1706-12-30
670,IV Antibiotics,1707-12-30
670,Admission NC,1708-12-30
671,ER Registration,1700-12-30
671,ER Triage,1701-12-30
671,LacticAcid,1702-12-30
671,Leucocytes,1703-12-30
671,CRP,1704-12-30
671,ER Sepsis Triage,1705-12-30
671,IV Antibiotics,1706-12-30
671,IV Liquid,1707-12-30
671,Admission NC,1708-12-30
671,Admission NC,1709-12-30
671,CRP,1710-12-30
671,Leucocytes,1711-12-30
671,Leucocytes,1712-12-30
671,CRP,1713-12-30
671,CRP,1714-12-30
671,Leucocytes,1715-12-30
671,Release A,1716-12-30
672,ER Registration,1700-12-30
672,ER Triage,1701-12-30
672,ER Sepsis Triage,1702-12-30
673,ER Registration,1700-12-30
673,ER Triage,1701-12-30
673,ER Sepsis Triage,1702-12-30
673,CRP,1703-12-30
673,LacticAcid,1704-12-30
673,Leucocytes,1705-12-30
673,IV Antibiotics,1706-12-30
673,Admission NC,1707-12-30
673,IV Liquid,1708-12-30
673,Leucocytes,1709-12-30
673,CRP,1710-12-30
673,Release A,1711-12-30
673,Return ER,1712-12-30
674,ER Registration,1700-12-30
674,ER Triage,1701-12-30
674,ER Sepsis Triage,1702-12-30
674,Leucocytes,1703-12-30
674,CRP,1704-12-30
674,LacticAcid,1705-12-30
674,IV Liquid,1706-12-30
674,IV Antibiotics,1707-12-30
674,Admission NC,1708-12-30
674,LacticAcid,1709-12-30
674,Admission NC,1710-12-30
674,Admission NC,1711-12-30
674,Admission NC,1712-12-30
674,CRP,1713-12-30
674,Leucocytes,1714-12-30
674,CRP,1715-12-30
674,Leucocytes,1716-12-30
674,CRP,1717-12-30
674,Leucocytes,1718-12-30
674,Admission NC,1719-12-30
674,Release A,1720-12-30
675,ER Registration,1700-12-30
675,ER Triage,1701-12-30
675,ER Sepsis Triage,1702-12-30
675,Leucocytes,1703-12-30
675,CRP,1704-12-30
675,LacticAcid,1705-12-30
675,IV Liquid,1706-12-30
675,IV Antibiotics,1707-12-30
676,ER Registration,1700-12-30
676,ER Triage,1701-12-30
676,ER Sepsis Triage,1702-12-30
676,Leucocytes,1703-12-30
676,CRP,1704-12-30
676,LacticAcid,1705-12-30
676,IV Liquid,1706-12-30
676,IV Antibiotics,1707-12-30
676,Admission NC,1708-12-30
676,Leucocytes,1709-12-30
676,CRP,1710-12-30
676,Admission NC,1711-12-30
676,CRP,1712-12-30
676,Leucocytes,1713-12-30
676,Release A,1714-12-30
677,ER Registration,1700-12-30
677,ER Triage,1701-12-30
677,ER Sepsis Triage,1702-12-30
677,LacticAcid,1703-12-30
677,CRP,1704-12-30
677,Leucocytes,1705-12-30
677,IV Antibiotics,1706-12-30
677,Admission NC,1707-12-30
677,Leucocytes,1708-12-30
677,CRP,1709-12-30
677,Admission NC,1710-12-30
677,Leucocytes,1711-12-30
677,CRP,1712-12-30
677,Leucocytes,1713-12-30
677,CRP,1714-12-30
677,Leucocytes,1715-12-30
677,CRP,1716-12-30
677,CRP,1717-12-30
677,Leucocytes,1718-12-30
677,CRP,1719-12-30
677,Leucocytes,1720-12-30
677,Leucocytes,1721-12-30
677,CRP,1722-12-30
677,Release A,1723-12-30
678,ER Registration,1700-12-30
678,ER Triage,1701-12-30
678,ER Sepsis Triage,1702-12-30
678,Leucocytes,1703-12-30
678,CRP,1704-12-30
678,LacticAcid,1705-12-30
678,LacticAcid,1706-12-30
678,IV Liquid,1707-12-30
678,IV Antibiotics,1708-12-30
678,CRP,1709-12-30
678,Leucocytes,1710-12-30
678,LacticAcid,1711-12-30
678,Admission IC,1712-12-30
678,LacticAcid,1713-12-30
678,Leucocytes,1714-12-30
678,CRP,1715-12-30
678,LacticAcid,1716-12-30
678,LacticAcid,1717-12-30
678,LacticAcid,1718-12-30
678,Leucocytes,1719-12-30
678,CRP,1720-12-30
678,Admission NC,1721-12-30
678,Leucocytes,1722-12-30
678,CRP,1723-12-30
678,LacticAcid,1724-12-30
678,CRP,1725-12-30
678,Leucocytes,1726-12-30
678,Leucocytes,1727-12-30
678,CRP,1728-12-30
678,LacticAcid,1729-12-30
678,Admission NC,1730-12-30
678,Leucocytes,1731-12-30
678,CRP,1732-12-30
678,Leucocytes,1733-12-30
678,CRP,1734-12-30
678,Leucocytes,1735-12-30
678,CRP,1736-12-30
678,CRP,1737-12-30
678,Leucocytes,1738-12-30
678,Release B,1739-12-30
679,ER Registration,1700-12-30
679,ER Triage,1701-12-30
679,ER Sepsis Triage,1702-12-30
679,CRP,1703-12-30
679,Leucocytes,1704-12-30
679,IV Liquid,1705-12-30
679,IV Antibiotics,1706-12-30
679,Admission IC,1707-12-30
679,LacticAcid,1708-12-30
679,LacticAcid,1709-12-30
679,Leucocytes,1710-12-30
679,LacticAcid,1711-12-30
679,CRP,1712-12-30
679,LacticAcid,1713-12-30
679,LacticAcid,1714-12-30
679,LacticAcid,1715-12-30
679,Leucocytes,1716-12-30
679,CRP,1717-12-30
679,LacticAcid,1718-12-30
679,Leucocytes,1719-12-30
679,CRP,1720-12-30
679,Admission NC,1721-12-30
679,Leucocytes,1722-12-30
679,CRP,1723-12-30
679,CRP,1724-12-30
679,Leucocytes,1725-12-30
679,CRP,1726-12-30
679,Leucocytes,1727-12-30
679,CRP,1728-12-30
679,Leucocytes,1729-12-30
679,CRP,1730-12-30
679,Release A,1731-12-30
680,ER Registration,1700-12-30
680,ER Triage,1701-12-30
680,ER Sepsis Triage,1702-12-30
680,Leucocytes,1703-12-30
680,CRP,1704-12-30
680,LacticAcid,1705-12-30
681,ER Registration,1700-12-30
681,ER Triage,1701-12-30
681,ER Sepsis Triage,1702-12-30
681,CRP,1703-12-30
681,LacticAcid,1704-12-30
681,Leucocytes,1705-12-30
681,IV Liquid,1706-12-30
681,IV Antibiotics,1707-12-30
681,Admission NC,1708-12-30
681,Admission NC,1709-12-30
681,Leucocytes,1710-12-30
681,CRP,1711-12-30
681,Leucocytes,1712-12-30
681,CRP,1713-12-30
681,Leucocytes,1714-12-30
681,Leucocytes,1715-12-30
681,Release A,1716-12-30
681,Return ER,1717-12-30
682,ER Registration,1700-12-30
682,ER Triage,1701-12-30
682,ER Sepsis Triage,1702-12-30
682,Leucocytes,1703-12-30
682,CRP,1704-12-30
683,ER Registration,1700-12-30
683,ER Triage,1701-12-30
683,CRP,1702-12-30
683,LacticAcid,1703-12-30
683,Leucocytes,1704-12-30
683,IV Liquid,1705-12-30
683,Admission NC,1706-12-30
683,ER Sepsis Triage,1707-12-30
683,IV Antibiotics,1708-12-30
683,Admission IC,1709-12-30
683,CRP,1710-12-30
683,LacticAcid,1711-12-30
683,Leucocytes,1712-12-30
683,Leucocytes,1713-12-30
683,CRP,1714-12-30
683,LacticAcid,1715-12-30
683,Admission NC,1716-12-30
683,Leucocytes,1717-12-30
683,CRP,1718-12-30
683,CRP,1719-12-30
683,Leucocytes,1720-12-30
683,Release A,1721-12-30
684,ER Registration,1700-12-30
684,ER Triage,1701-12-30
684,ER Sepsis Triage,1702-12-30
684,CRP,1703-12-30
684,Leucocytes,1704-12-30
684,Admission NC,1705-12-30
684,Release A,1706-12-30
685,ER Registration,1700-12-30
685,ER Triage,1701-12-30
685,ER Sepsis Triage,1702-12-30
685,Leucocytes,1703-12-30
685,CRP,1704-12-30
685,LacticAcid,1705-12-30
685,IV Liquid,1706-12-30
685,IV Antibiotics,1707-12-30
685,CRP,1708-12-30
685,Leucocytes,1709-12-30
686,ER Registration,1700-12-30
686,IV Liquid,1701-12-30
686,ER Triage,1702-12-30
686,ER Sepsis Triage,1703-12-30
686,LacticAcid,1704-12-30
686,Leucocytes,1705-12-30
686,CRP,1706-12-30
686,IV Antibiotics,1707-12-30
686,Admission NC,1708-12-30
686,CRP,1709-12-30
686,CRP,1710-12-30
686,Leucocytes,1711-12-30
686,Admission NC,1712-12-30
686,Admission NC,1713-12-30
686,Leucocytes,1714-12-30
686,CRP,1715-12-30
686,Release A,1716-12-30
687,ER Sepsis Triage,1700-12-30
687,IV Antibiotics,1701-12-30
687,IV Liquid,1702-12-30
687,ER Registration,1703-12-30
687,ER Triage,1704-12-30
687,CRP,1705-12-30
687,Leucocytes,1706-12-30
687,LacticAcid,1707-12-30
687,Admission NC,1708-12-30
687,Admission NC,1709-12-30
687,CRP,1710-12-30
687,Leucocytes,1711-12-30
687,Admission NC,1712-12-30
687,Leucocytes,1713-12-30
687,CRP,1714-12-30
687,Leucocytes,1715-12-30
687,Admission NC,1716-12-30
687,Leucocytes,1717-12-30
687,Leucocytes,1718-12-30
687,Release A,1719-12-30
687,Return ER,1720-12-30
688,ER Registration,1700-12-30
688,ER Triage,1701-12-30
688,ER Sepsis Triage,1702-12-30
688,Leucocytes,1703-12-30
688,CRP,1704-12-30
688,LacticAcid,1705-12-30
688,IV Antibiotics,1706-12-30
688,Admission NC,1707-12-30
688,CRP,1708-12-30
688,Leucocytes,1709-12-30
688,Leucocytes,1710-12-30
688,CRP,1711-12-30
688,Release A,1712-12-30
688,Return ER,1713-12-30
689,ER Registration,1700-12-30
689,ER Triage,1701-12-30
689,ER Sepsis Triage,1702-12-30
689,Leucocytes,1703-12-30
689,CRP,1704-12-30
689,LacticAcid,1705-12-30
689,IV Liquid,1706-12-30
689,IV Antibiotics,1707-12-30
689,Admission NC,1708-12-30
689,Admission IC,1709-12-30
689,Leucocytes,1710-12-30
689,CRP,1711-12-30
689,LacticAcid,1712-12-30
689,LacticAcid,1713-12-30
689,Leucocytes,1714-12-30
689,CRP,1715-12-30
689,Leucocytes,1716-12-30
689,CRP,1717-12-30
689,LacticAcid,1718-12-30
689,CRP,1719-12-30
689,LacticAcid,1720-12-30
689,Leucocytes,1721-12-30
689,CRP,1722-12-30
689,LacticAcid,1723-12-30
689,Leucocytes,1724-12-30
689,Leucocytes,1725-12-30
689,CRP,1726-12-30
689,LacticAcid,1727-12-30
689,CRP,1728-12-30
689,LacticAcid,1729-12-30
689,Leucocytes,1730-12-30
689,LacticAcid,1731-12-30
689,CRP,1732-12-30
689,Leucocytes,1733-12-30
689,CRP,1734-12-30
689,LacticAcid,1735-12-30
689,Leucocytes,1736-12-30
689,LacticAcid,1737-12-30
689,Leucocytes,1738-12-30
689,CRP,1739-12-30
689,LacticAcid,1740-12-30
689,Leucocytes,1741-12-30
689,CRP,1742-12-30
689,CRP,1743-12-30
689,Leucocytes,1744-12-30
689,LacticAcid,1745-12-30
689,LacticAcid,1746-12-30
689,CRP,1747-12-30
689,Leucocytes,1748-12-30
689,Leucocytes,1749-12-30
689,CRP,1750-12-30
689,LacticAcid,1751-12-30
689,Admission NC,1752-12-30
689,CRP,1753-12-30
689,Leucocytes,1754-12-30
689,Admission NC,1755-12-30
689,Admission NC,1756-12-30
689,Leucocytes,1757-12-30
689,Admission NC,1758-12-30
689,Release A,1759-12-30
689,Return ER,1760-12-30
690,ER Registration,1700-12-30
690,ER Triage,1701-12-30
690,ER Sepsis Triage,1702-12-30
690,Leucocytes,1703-12-30
690,CRP,1704-12-30
690,LacticAcid,1705-12-30
690,IV Liquid,1706-12-30
690,IV Antibiotics,1707-12-30
690,Leucocytes,1708-12-30
690,CRP,1709-12-30
691,ER Registration,1700-12-30
691,ER Triage,1701-12-30
691,CRP,1702-12-30
691,Leucocytes,1703-12-30
691,LacticAcid,1704-12-30
691,ER Sepsis Triage,1705-12-30
691,IV Antibiotics,1706-12-30
691,Admission NC,1707-12-30
691,Admission NC,1708-12-30
691,Leucocytes,1709-12-30
691,CRP,1710-12-30
691,Leucocytes,1711-12-30
691,CRP,1712-12-30
691,Release D,1713-12-30
691,Return ER,1714-12-30
692,ER Registration,1700-12-30
692,ER Triage,1701-12-30
692,ER Sepsis Triage,1702-12-30
692,LacticAcid,1703-12-30
692,CRP,1704-12-30
692,Leucocytes,1705-12-30
692,IV Antibiotics,1706-12-30
692,Admission NC,1707-12-30
692,Leucocytes,1708-12-30
692,Release A,1709-12-30
693,ER Registration,1700-12-30
693,ER Triage,1701-12-30
693,ER Sepsis Triage,1702-12-30
693,Leucocytes,1703-12-30
693,CRP,1704-12-30
693,IV Liquid,1705-12-30
693,IV Antibiotics,1706-12-30
693,Admission NC,1707-12-30
693,Leucocytes,1708-12-30
693,CRP,1709-12-30
693,Admission NC,1710-12-30
693,CRP,1711-12-30
693,CRP,1712-12-30
693,Release A,1713-12-30
694,ER Registration,1700-12-30
694,Leucocytes,1701-12-30
694,LacticAcid,1702-12-30
694,CRP,1703-12-30
694,ER Triage,1704-12-30
694,ER Sepsis Triage,1705-12-30
694,IV Antibiotics,1706-12-30
694,IV Liquid,1707-12-30
695,ER Registration,1700-12-30
695,ER Triage,1701-12-30
695,ER Sepsis Triage,1702-12-30
695,CRP,1703-12-30
695,Leucocytes,1704-12-30
695,IV Liquid,1705-12-30
695,IV Antibiotics,1706-12-30
695,LacticAcid,1707-12-30
696,ER Registration,1700-12-30
696,ER Triage,1701-12-30
696,ER Sepsis Triage,1702-12-30
696,CRP,1703-12-30
696,LacticAcid,1704-12-30
696,Leucocytes,1705-12-30
696,IV Liquid,1706-12-30
696,IV Antibiotics,1707-12-30
696,Admission NC,1708-12-30
696,Leucocytes,1709-12-30
696,CRP,1710-12-30
696,Release B,1711-12-30
697,ER Registration,1700-12-30
697,ER Triage,1701-12-30
697,ER Sepsis Triage,1702-12-30
697,Leucocytes,1703-12-30
697,Leucocytes,1704-12-30
697,CRP,1705-12-30
698,ER Registration,1700-12-30
698,ER Triage,1701-12-30
698,ER Sepsis Triage,1702-12-30
698,CRP,1703-12-30
698,Leucocytes,1704-12-30
698,LacticAcid,1705-12-30
698,IV Liquid,1706-12-30
698,IV Antibiotics,1707-12-30
698,Admission NC,1708-12-30
698,CRP,1709-12-30
698,Leucocytes,1710-12-30
698,LacticAcid,1711-12-30
698,Leucocytes,1712-12-30
698,CRP,1713-12-30
698,Leucocytes,1714-12-30
698,CRP,1715-12-30
698,Leucocytes,1716-12-30
698,CRP,1717-12-30
698,CRP,1718-12-30
698,Leucocytes,1719-12-30
698,CRP,1720-12-30
698,Leucocytes,1721-12-30
698,Release C,1722-12-30
698,Return ER,1723-12-30
699,IV Liquid,1700-12-30
699,ER Registration,1701-12-30
699,ER Triage,1702-12-30
699,ER Sepsis Triage,1703-12-30
699,LacticAcid,1704-12-30
699,Leucocytes,1705-12-30
699,CRP,1706-12-30
699,IV Antibiotics,1707-12-30
699,Admission NC,1708-12-30
699,Leucocytes,1709-12-30
699,CRP,1710-12-30
699,LacticAcid,1711-12-30
699,CRP,1712-12-30
699,LacticAcid,1713-12-30
699,Leucocytes,1714-12-30
699,Release B,1715-12-30
700,ER Registration,1700-12-30
700,IV Liquid,1701-12-30
700,ER Triage,1702-12-30
700,Leucocytes,1703-12-30
700,CRP,1704-12-30
700,LacticAcid,1705-12-30
700,ER Sepsis Triage,1706-12-30
700,IV Antibiotics,1707-12-30
700,Admission NC,1708-12-30
700,Admission NC,1709-12-30
700,Leucocytes,1710-12-30
700,CRP,1711-12-30
700,CRP,1712-12-30
700,Release A,1713-12-30
700,Return ER,1714-12-30
701,ER Registration,1700-12-30
701,ER Triage,1701-12-30
701,ER Sepsis Triage,1702-12-30
701,LacticAcid,1703-12-30
701,Leucocytes,1704-12-30
701,CRP,1705-12-30
701,IV Liquid,1706-12-30
701,IV Antibiotics,1707-12-30
701,Admission NC,1708-12-30
701,CRP,1709-12-30
701,Leucocytes,1710-12-30
701,Leucocytes,1711-12-30
701,CRP,1712-12-30
701,Release A,1713-12-30
702,ER Registration,1700-12-30
702,ER Triage,1701-12-30
702,ER Sepsis Triage,1702-12-30
702,IV Liquid,1703-12-30
702,Leucocytes,1704-12-30
702,CRP,1705-12-30
702,LacticAcid,1706-12-30
702,IV Antibiotics,1707-12-30
702,Admission NC,1708-12-30
702,Release A,1709-12-30
702,Return ER,1710-12-30
703,ER Registration,1700-12-30
703,ER Triage,1701-12-30
703,ER Sepsis Triage,1702-12-30
703,Leucocytes,1703-12-30
703,CRP,1704-12-30
703,LacticAcid,1705-12-30
703,IV Liquid,1706-12-30
703,IV Antibiotics,1707-12-30
703,Admission NC,1708-12-30
703,CRP,1709-12-30
703,Leucocytes,1710-12-30
703,Release A,1711-12-30
704,ER Registration,1700-12-30
704,IV Liquid,1701-12-30
704,ER Triage,1702-12-30
704,ER Sepsis Triage,1703-12-30
704,LacticAcid,1704-12-30
704,CRP,1705-12-30
704,Leucocytes,1706-12-30
704,IV Antibiotics,1707-12-30
705,ER Registration,1700-12-30
705,ER Triage,1701-12-30
705,Leucocytes,1702-12-30
705,CRP,1703-12-30
705,LacticAcid,1704-12-30
705,ER Sepsis Triage,1705-12-30
705,IV Liquid,1706-12-30
705,IV Antibiotics,1707-12-30
705,Admission NC,1708-12-30
705,Leucocytes,1709-12-30
705,CRP,1710-12-30
705,Leucocytes,1711-12-30
705,CRP,1712-12-30
705,Leucocytes,1713-12-30
705,CRP,1714-12-30
705,Release A,1715-12-30
706,ER Registration,1700-12-30
706,ER Triage,1701-12-30
706,ER Sepsis Triage,1702-12-30
706,CRP,1703-12-30
706,LacticAcid,1704-12-30
706,Leucocytes,1705-12-30
706,Admission NC,1706-12-30
706,Leucocytes,1707-12-30
706,CRP,1708-12-30
706,Leucocytes,1709-12-30
706,Admission NC,1710-12-30
706,LacticAcid,1711-12-30
706,CRP,1712-12-30
706,Leucocytes,1713-12-30
706,Release B,1714-12-30
707,ER Registration,1700-12-30
707,ER Triage,1701-12-30
707,ER Sepsis Triage,1702-12-30
707,Leucocytes,1703-12-30
707,CRP,1704-12-30
707,LacticAcid,1705-12-30
707,IV Antibiotics,1706-12-30
707,Admission NC,1707-12-30
707,Leucocytes,1708-12-30
707,CRP,1709-12-30
707,LacticAcid,1710-12-30
707,Admission NC,1711-12-30
707,IV Liquid,1712-12-30
707,CRP,1713-12-30
707,Leucocytes,1714-12-30
707,Release A,1715-12-30
707,Return ER,1716-12-30
708,ER Registration,1700-12-30
708,ER Triage,1701-12-30
708,ER Sepsis Triage,1702-12-30
708,IV Liquid,1703-12-30
708,LacticAcid,1704-12-30
708,CRP,1705-12-30
708,Leucocytes,1706-12-30
708,IV Antibiotics,1707-12-30
708,Admission NC,1708-12-30
708,Leucocytes,1709-12-30
708,CRP,1710-12-30
708,Leucocytes,1711-12-30
708,CRP,1712-12-30
708,Leucocytes,1713-12-30
708,CRP,1714-12-30
708,Release A,1715-12-30
709,ER Registration,1700-12-30
709,ER Triage,1701-12-30
709,ER Sepsis Triage,1702-12-30
709,LacticAcid,1703-12-30
709,Leucocytes,1704-12-30
709,CRP,1705-12-30
709,IV Antibiotics,1706-12-30
709,Admission IC,1707-12-30
709,CRP,1708-12-30
709,Leucocytes,1709-12-30
709,LacticAcid,1710-12-30
709,Leucocytes,1711-12-30
709,CRP,1712-12-30
709,LacticAcid,1713-12-30
709,Admission NC,1714-12-30
709,Admission NC,1715-12-30
709,Leucocytes,1716-12-30
709,CRP,1717-12-30
709,CRP,1718-12-30
709,Leucocytes,1719-12-30
709,Release A,1720-12-30
710,ER Registration,1700-12-30
710,ER Triage,1701-12-30
710,ER Sepsis Triage,1702-12-30
710,LacticAcid,1703-12-30
710,CRP,1704-12-30
710,Leucocytes,1705-12-30
710,Admission NC,1706-12-30
710,Release A,1707-12-30
710,Return ER,1708-12-30
711,ER Registration,1700-12-30
711,ER Triage,1701-12-30
711,ER Sepsis Triage,1702-12-30
711,Leucocytes,1703-12-30
711,CRP,1704-12-30
711,Admission NC,1705-12-30
711,Leucocytes,1706-12-30
711,Admission NC,1707-12-30
711,Leucocytes,1708-12-30
711,Leucocytes,1709-12-30
711,Leucocytes,1710-12-30
711,Leucocytes,1711-12-30
711,Leucocytes,1712-12-30
711,Leucocytes,1713-12-30
711,Leucocytes,1714-12-30
711,Leucocytes,1715-12-30
711,CRP,1716-12-30
711,Leucocytes,1717-12-30
711,Leucocytes,1718-12-30
711,Leucocytes,1719-12-30
711,Leucocytes,1720-12-30
711,Leucocytes,1721-12-30
711,Release E,1722-12-30
712,ER Registration,1700-12-30
712,ER Triage,1701-12-30
712,ER Sepsis Triage,1702-12-30
712,Admission NC,1703-12-30
712,Release A,1704-12-30
713,ER Registration,1700-12-30
713,ER Triage,1701-12-30
713,ER Sepsis Triage,1702-12-30
713,LacticAcid,1703-12-30
713,Leucocytes,1704-12-30
713,CRP,1705-12-30
713,IV Liquid,1706-12-30
713,IV Antibiotics,1707-12-30
714,ER Registration,1700-12-30
714,ER Triage,1701-12-30
714,ER Sepsis Triage,1702-12-30
714,LacticAcid,1703-12-30
714,Leucocytes,1704-12-30
714,CRP,1705-12-30
714,Admission NC,1706-12-30
714,CRP,1707-12-30
714,Leucocytes,1708-12-30
714,CRP,1709-12-30
714,Leucocytes,1710-12-30
714,Leucocytes,1711-12-30
714,CRP,1712-12-30
714,Release A,1713-12-30
715,ER Registration,1700-12-30
715,ER Triage,1701-12-30
715,ER Sepsis Triage,1702-12-30
716,ER Registration,1700-12-30
716,ER Triage,1701-12-30
716,ER Sepsis Triage,1702-12-30
716,Leucocytes,1703-12-30
716,CRP,1704-12-30
716,LacticAcid,1705-12-30
716,IV Antibiotics,1706-12-30
716,Admission NC,1707-12-30
716,CRP,1708-12-30
716,Leucocytes,1709-12-30
716,Admission IC,1710-12-30
716,Leucocytes,1711-12-30
716,CRP,1712-12-30
716,LacticAcid,1713-12-30
716,Leucocytes,1714-12-30
716,CRP,1715-12-30
716,LacticAcid,1716-12-30
716,LacticAcid,1717-12-30
716,CRP,1718-12-30
716,Leucocytes,1719-12-30
716,Leucocytes,1720-12-30
716,CRP,1721-12-30
716,LacticAcid,1722-12-30
716,CRP,1723-12-30
716,LacticAcid,1724-12-30
716,Leucocytes,1725-12-30
716,LacticAcid,1726-12-30
716,CRP,1727-12-30
716,Leucocytes,1728-12-30
716,LacticAcid,1729-12-30
716,Leucocytes,1730-12-30
716,CRP,1731-12-30
716,Leucocytes,1732-12-30
716,LacticAcid,1733-12-30
716,CRP,1734-12-30
716,Admission NC,1735-12-30
716,Release A,1736-12-30
717,ER Registration,1700-12-30
717,ER Triage,1701-12-30
717,ER Sepsis Triage,1702-12-30
717,Leucocytes,1703-12-30
717,CRP,1704-12-30
717,LacticAcid,1705-12-30
717,IV Liquid,1706-12-30
717,IV Antibiotics,1707-12-30
718,ER Registration,1700-12-30
718,ER Triage,1701-12-30
718,ER Sepsis Triage,1702-12-30
718,Leucocytes,1703-12-30
718,LacticAcid,1704-12-30
718,CRP,1705-12-30
718,IV Liquid,1706-12-30
718,IV Antibiotics,1707-12-30
718,Admission NC,1708-12-30
718,CRP,1709-12-30
718,Leucocytes,1710-12-30
718,CRP,1711-12-30
718,Leucocytes,1712-12-30
718,Release C,1713-12-30
719,ER Registration,1700-12-30
719,ER Triage,1701-12-30
719,ER Sepsis Triage,1702-12-30
719,CRP,1703-12-30
719,Leucocytes,1704-12-30
719,LacticAcid,1705-12-30
719,IV Liquid,1706-12-30
719,IV Antibiotics,1707-12-30
719,Admission IC,1708-12-30
719,CRP,1709-12-30
719,Leucocytes,1710-12-30
719,LacticAcid,1711-12-30
719,Admission NC,1712-12-30
719,Admission NC,1713-12-30
719,Leucocytes,1714-12-30
719,CRP,1715-12-30
719,Release D,1716-12-30
720,ER Registration,1700-12-30
720,ER Triage,1701-12-30
720,ER Sepsis Triage,1702-12-30
720,CRP,1703-12-30
720,Leucocytes,1704-12-30
720,Admission NC,1705-12-30
720,CRP,1706-12-30
720,Leucocytes,1707-12-30
720,Leucocytes,1708-12-30
720,CRP,1709-12-30
720,Release E,1710-12-30
721,ER Registration,1700-12-30
721,ER Triage,1701-12-30
721,ER Sepsis Triage,1702-12-30
721,LacticAcid,1703-12-30
721,Leucocytes,1704-12-30
721,CRP,1705-12-30
721,IV Liquid,1706-12-30
721,IV Antibiotics,1707-12-30
721,Admission NC,1708-12-30
721,Leucocytes,1709-12-30
721,CRP,1710-12-30
721,Leucocytes,1711-12-30
721,CRP,1712-12-30
721,Leucocytes,1713-12-30
721,CRP,1714-12-30
721,Leucocytes,1715-12-30
721,CRP,1716-12-30
721,Release A,1717-12-30
722,ER Registration,1700-12-30
722,ER Triage,1701-12-30
722,ER Sepsis Triage,1702-12-30
722,CRP,1703-12-30
722,Leucocytes,1704-12-30
723,ER Registration,1700-12-30
723,ER Triage,1701-12-30
723,ER Sepsis Triage,1702-12-30
723,IV Liquid,1703-12-30
723,IV Antibiotics,1704-12-30
723,CRP,1705-12-30
723,Leucocytes,1706-12-30
723,LacticAcid,1707-12-30
723,Admission IC,1708-12-30
723,CRP,1709-12-30
723,LacticAcid,1710-12-30
723,Leucocytes,1711-12-30
723,LacticAcid,1712-12-30
723,CRP,1713-12-30
723,Leucocytes,1714-12-30
723,Admission NC,1715-12-30
723,CRP,1716-12-30
723,Leucocytes,1717-12-30
723,Release A,1718-12-30
723,Return ER,1719-12-30
724,ER Registration,1700-12-30
724,IV Liquid,1701-12-30
724,ER Triage,1702-12-30
724,ER Sepsis Triage,1703-12-30
724,LacticAcid,1704-12-30
724,Leucocytes,1705-12-30
724,CRP,1706-12-30
724,IV Antibiotics,1707-12-30
724,Admission NC,1708-12-30
724,CRP,1709-12-30
724,Leucocytes,1710-12-30
724,Release A,1711-12-30
725,ER Registration,1700-12-30
725,ER Sepsis Triage,1701-12-30
725,IV Liquid,1702-12-30
725,IV Antibiotics,1703-12-30
725,ER Triage,1704-12-30
725,Leucocytes,1705-12-30
725,LacticAcid,1706-12-30
725,CRP,1707-12-30
725,Admission NC,1708-12-30
725,Admission NC,1709-12-30
725,Leucocytes,1710-12-30
725,CRP,1711-12-30
725,Release A,1712-12-30
726,ER Registration,1700-12-30
726,ER Triage,1701-12-30
726,ER Sepsis Triage,1702-12-30
726,Leucocytes,1703-12-30
726,CRP,1704-12-30
726,LacticAcid,1705-12-30
726,IV Liquid,1706-12-30
726,IV Antibiotics,1707-12-30
726,Admission NC,1708-12-30
726,Leucocytes,1709-12-30
726,CRP,1710-12-30
726,Release A,1711-12-30
727,ER Registration,1700-12-30
727,ER Triage,1701-12-30
727,ER Sepsis Triage,1702-12-30
727,CRP,1703-12-30
727,LacticAcid,1704-12-30
727,Leucocytes,1705-12-30
727,IV Liquid,1706-12-30
727,IV Antibiotics,1707-12-30
727,Admission NC,1708-12-30
727,Admission NC,1709-12-30
727,CRP,1710-12-30
727,Leucocytes,1711-12-30
727,CRP,1712-12-30
727,CRP,1713-12-30
727,Release A,1714-12-30
728,ER Registration,1700-12-30
728,ER Triage,1701-12-30
728,ER Sepsis Triage,1702-12-30
728,IV Liquid,1703-12-30
728,LacticAcid,1704-12-30
728,Leucocytes,1705-12-30
728,CRP,1706-12-30
728,IV Antibiotics,1707-12-30
728,Admission NC,1708-12-30
728,Leucocytes,1709-12-30
728,CRP,1710-12-30
728,Leucocytes,1711-12-30
728,Leucocytes,1712-12-30
728,CRP,1713-12-30
728,CRP,1714-12-30
728,Leucocytes,1715-12-30
728,Release A,1716-12-30
729,ER Registration,1700-12-30
729,ER Triage,1701-12-30
729,ER Sepsis Triage,1702-12-30
729,CRP,1703-12-30
729,LacticAcid,1704-12-30
729,Leucocytes,1705-12-30
729,IV Liquid,1706-12-30
729,IV Antibiotics,1707-12-30
729,Admission NC,1708-12-30
729,Admission NC,1709-12-30
729,Leucocytes,1710-12-30
729,CRP,1711-12-30
729,CRP,1712-12-30
729,Release A,1713-12-30
730,ER Registration,1700-12-30
730,ER Triage,1701-12-30
730,ER Sepsis Triage,1702-12-30
730,Leucocytes,1703-12-30
730,LacticAcid,1704-12-30
730,CRP,1705-12-30
730,IV Liquid,1706-12-30
730,IV Antibiotics,1707-12-30
730,Admission NC,1708-12-30
730,CRP,1709-12-30
730,Leucocytes,1710-12-30
730,LacticAcid,1711-12-30
730,LacticAcid,1712-12-30
730,CRP,1713-12-30
730,Admission NC,1714-12-30
730,CRP,1715-12-30
730,LacticAcid,1716-12-30
730,Leucocytes,1717-12-30
730,CRP,1718-12-30
730,Admission NC,1719-12-30
730,Release A,1720-12-30
731,ER Registration,1700-12-30
731,ER Triage,1701-12-30
731,LacticAcid,1702-12-30
731,Leucocytes,1703-12-30
731,CRP,1704-12-30
731,ER Sepsis Triage,1705-12-30
731,IV Liquid,1706-12-30
731,IV Antibiotics,1707-12-30
731,Admission NC,1708-12-30
731,Leucocytes,1709-12-30
731,CRP,1710-12-30
731,Admission NC,1711-12-30
731,CRP,1712-12-30
731,Release A,1713-12-30
732,ER Registration,1700-12-30
732,ER Triage,1701-12-30
732,ER Sepsis Triage,1702-12-30
732,LacticAcid,1703-12-30
732,CRP,1704-12-30
732,Leucocytes,1705-12-30
732,IV Liquid,1706-12-30
732,IV Antibiotics,1707-12-30
732,Admission NC,1708-12-30
732,CRP,1709-12-30
732,CRP,1710-12-30
732,Release A,1711-12-30
733,ER Registration,1700-12-30
733,ER Triage,1701-12-30
733,ER Sepsis Triage,1702-12-30
733,Leucocytes,1703-12-30
733,CRP,1704-12-30
733,Admission NC,1705-12-30
733,Leucocytes,1706-12-30
733,CRP,1707-12-30
733,Release A,1708-12-30
733,Return ER,1709-12-30
734,ER Registration,1700-12-30
734,ER Triage,1701-12-30
734,ER Sepsis Triage,1702-12-30
734,Leucocytes,1703-12-30
734,LacticAcid,1704-12-30
734,CRP,1705-12-30
734,IV Liquid,1706-12-30
734,IV Antibiotics,1707-12-30
734,Admission NC,1708-12-30
734,Release A,1709-12-30
734,Return ER,1710-12-30
735,ER Registration,1700-12-30
735,ER Triage,1701-12-30
735,ER Sepsis Triage,1702-12-30
735,CRP,1703-12-30
735,LacticAcid,1704-12-30
735,Leucocytes,1705-12-30
735,IV Liquid,1706-12-30
735,IV Antibiotics,1707-12-30
735,Admission NC,1708-12-30
735,CRP,1709-12-30
735,Leucocytes,1710-12-30
735,Leucocytes,1711-12-30
735,CRP,1712-12-30
735,Release C,1713-12-30
735,Return ER,1714-12-30
736,ER Registration,1700-12-30
736,ER Triage,1701-12-30
736,ER Sepsis Triage,1702-12-30
736,IV Liquid,1703-12-30
736,Leucocytes,1704-12-30
736,CRP,1705-12-30
736,LacticAcid,1706-12-30
736,IV Antibiotics,1707-12-30
736,Admission NC,1708-12-30
736,CRP,1709-12-30
736,CRP,1710-12-30
736,Release A,1711-12-30
737,ER Registration,1700-12-30
737,ER Triage,1701-12-30
737,Leucocytes,1702-12-30
737,CRP,1703-12-30
737,LacticAcid,1704-12-30
737,ER Sepsis Triage,1705-12-30
737,IV Liquid,1706-12-30
737,IV Antibiotics,1707-12-30
738,ER Registration,1700-12-30
738,ER Triage,1701-12-30
738,ER Sepsis Triage,1702-12-30
738,IV Liquid,1703-12-30
738,CRP,1704-12-30
738,Leucocytes,1705-12-30
738,LacticAcid,1706-12-30
738,IV Antibiotics,1707-12-30
738,Admission NC,1708-12-30
738,Admission NC,1709-12-30
738,Leucocytes,1710-12-30
738,CRP,1711-12-30
738,CRP,1712-12-30
738,Leucocytes,1713-12-30
738,Release A,1714-12-30
739,ER Registration,1700-12-30
739,ER Triage,1701-12-30
739,ER Sepsis Triage,1702-12-30
739,IV Liquid,1703-12-30
739,CRP,1704-12-30
739,Leucocytes,1705-12-30
739,LacticAcid,1706-12-30
739,IV Antibiotics,1707-12-30
739,Admission NC,1708-12-30
739,Leucocytes,1709-12-30
739,CRP,1710-12-30
739,Admission NC,1711-12-30
739,Leucocytes,1712-12-30
739,CRP,1713-12-30
739,CRP,1714-12-30
739,Leucocytes,1715-12-30
739,CRP,1716-12-30
739,Leucocytes,1717-12-30
739,Release C,1718-12-30
740,ER Registration,1700-12-30
740,ER Triage,1701-12-30
740,ER Sepsis Triage,1702-12-30
740,IV Liquid,1703-12-30
740,IV Antibiotics,1704-12-30
740,Leucocytes,1705-12-30
740,CRP,1706-12-30
740,LacticAcid,1707-12-30
740,Admission NC,1708-12-30
740,CRP,1709-12-30
740,Release A,1710-12-30
741,ER Registration,1700-12-30
741,ER Triage,1701-12-30
741,ER Sepsis Triage,1702-12-30
741,Leucocytes,1703-12-30
741,CRP,1704-12-30
742,ER Registration,1700-12-30
742,ER Triage,1701-12-30
742,ER Sepsis Triage,1702-12-30
742,CRP,1703-12-30
742,LacticAcid,1704-12-30
742,Leucocytes,1705-12-30
742,Admission NC,1706-12-30
742,CRP,1707-12-30
742,Leucocytes,1708-12-30
742,LacticAcid,1709-12-30
742,Leucocytes,1710-12-30
742,CRP,1711-12-30
742,Release A,1712-12-30
743,ER Registration,1700-12-30
743,ER Triage,1701-12-30
743,ER Sepsis Triage,1702-12-30
743,IV Liquid,1703-12-30
743,IV Antibiotics,1704-12-30
743,CRP,1705-12-30
743,Leucocytes,1706-12-30
743,LacticAcid,1707-12-30
743,Admission IC,1708-12-30
743,LacticAcid,1709-12-30
743,Release B,1710-12-30
744,ER Registration,1700-12-30
744,ER Triage,1701-12-30
744,ER Sepsis Triage,1702-12-30
744,IV Liquid,1703-12-30
744,IV Antibiotics,1704-12-30
744,LacticAcid,1705-12-30
744,Leucocytes,1706-12-30
744,CRP,1707-12-30
744,Admission IC,1708-12-30
744,Leucocytes,1709-12-30
744,CRP,1710-12-30
744,LacticAcid,1711-12-30
744,CRP,1712-12-30
744,LacticAcid,1713-12-30
744,Leucocytes,1714-12-30
744,LacticAcid,1715-12-30
744,CRP,1716-12-30
744,Leucocytes,1717-12-30
744,LacticAcid,1718-12-30
744,Admission NC,1719-12-30
744,CRP,1720-12-30
744,Leucocytes,1721-12-30
744,Leucocytes,1722-12-30
744,CRP,1723-12-30
744,CRP,1724-12-30
744,Leucocytes,1725-12-30
744,CRP,1726-12-30
744,Leucocytes,1727-12-30
744,CRP,1728-12-30
744,Leucocytes,1729-12-30
744,Leucocytes,1730-12-30
744,CRP,1731-12-30
744,Release A,1732-12-30
745,ER Registration,1700-12-30
745,ER Triage,1701-12-30
745,ER Sepsis Triage,1702-12-30
745,CRP,1703-12-30
745,Leucocytes,1704-12-30
745,LacticAcid,1705-12-30
745,IV Antibiotics,1706-12-30
745,Admission NC,1707-12-30
745,Leucocytes,1708-12-30
745,CRP,1709-12-30
745,Leucocytes,1710-12-30
745,CRP,1711-12-30
745,Release A,1712-12-30
746,ER Registration,1700-12-30
746,ER Triage,1701-12-30
746,ER Sepsis Triage,1702-12-30
746,Leucocytes,1703-12-30
746,LacticAcid,1704-12-30
746,CRP,1705-12-30
746,IV Liquid,1706-12-30
746,IV Antibiotics,1707-12-30
746,Admission NC,1708-12-30
746,LacticAcid,1709-12-30
746,Admission NC,1710-12-30
746,Leucocytes,1711-12-30
746,CRP,1712-12-30
746,Release A,1713-12-30
747,ER Registration,1700-12-30
747,ER Triage,1701-12-30
747,ER Sepsis Triage,1702-12-30
747,Leucocytes,1703-12-30
747,LacticAcid,1704-12-30
747,CRP,1705-12-30
747,IV Liquid,1706-12-30
747,IV Antibiotics,1707-12-30
747,Admission NC,1708-12-30
747,CRP,1709-12-30
747,Leucocytes,1710-12-30
747,Release A,1711-12-30
748,ER Registration,1700-12-30
748,ER Triage,1701-12-30
748,ER Sepsis Triage,1702-12-30
748,IV Liquid,1703-12-30
748,Leucocytes,1704-12-30
748,LacticAcid,1705-12-30
748,CRP,1706-12-30
748,IV Antibiotics,1707-12-30
748,Admission NC,1708-12-30
748,CRP,1709-12-30
748,Leucocytes,1710-12-30
748,CRP,1711-12-30
748,Leucocytes,1712-12-30
748,Release A,1713-12-30
748,Return ER,1714-12-30
749,ER Registration,1700-12-30
749,ER Triage,1701-12-30
749,Leucocytes,1702-12-30
749,CRP,1703-12-30
749,ER Sepsis Triage,1704-12-30
750,ER Registration,1700-12-30
750,ER Triage,1701-12-30
750,ER Sepsis Triage,1702-12-30
750,CRP,1703-12-30
750,LacticAcid,1704-12-30
750,Leucocytes,1705-12-30
750,Admission NC,1706-12-30
750,Admission NC,1707-12-30
750,CRP,1708-12-30
750,CRP,1709-12-30
750,CRP,1710-12-30
750,Release A,1711-12-30
751,ER Registration,1700-12-30
751,ER Triage,1701-12-30
751,ER Sepsis Triage,1702-12-30
751,Leucocytes,1703-12-30
751,LacticAcid,1704-12-30
751,CRP,1705-12-30
751,Admission NC,1706-12-30
751,Admission NC,1707-12-30
751,Admission IC,1708-12-30
751,LacticAcid,1709-12-30
751,Leucocytes,1710-12-30
751,CRP,1711-12-30
751,Leucocytes,1712-12-30
751,LacticAcid,1713-12-30
751,IV Liquid,1714-12-30
751,IV Antibiotics,1715-12-30
751,Leucocytes,1716-12-30
751,CRP,1717-12-30
751,LacticAcid,1718-12-30
751,LacticAcid,1719-12-30
751,Leucocytes,1720-12-30
751,CRP,1721-12-30
751,Admission NC,1722-12-30
751,Leucocytes,1723-12-30
751,Leucocytes,1724-12-30
751,Release A,1725-12-30
751,Return ER,1726-12-30
752,ER Registration,1700-12-30
752,ER Triage,1701-12-30
752,ER Sepsis Triage,1702-12-30
752,CRP,1703-12-30
752,Leucocytes,1704-12-30
752,LacticAcid,1705-12-30
752,IV Liquid,1706-12-30
752,IV Antibiotics,1707-12-30
752,Admission NC,1708-12-30
752,Leucocytes,1709-12-30
752,CRP,1710-12-30
752,Leucocytes,1711-12-30
752,CRP,1712-12-30
752,Release A,1713-12-30
753,ER Registration,1700-12-30
753,ER Triage,1701-12-30
753,LacticAcid,1702-12-30
753,Leucocytes,1703-12-30
753,CRP,1704-12-30
753,ER Sepsis Triage,1705-12-30
753,IV Liquid,1706-12-30
753,IV Antibiotics,1707-12-30
753,Admission NC,1708-12-30
753,CRP,1709-12-30
753,Release A,1710-12-30
754,ER Registration,1700-12-30
754,ER Triage,1701-12-30
754,ER Sepsis Triage,1702-12-30
754,CRP,1703-12-30
754,LacticAcid,1704-12-30
754,Leucocytes,1705-12-30
754,IV Liquid,1706-12-30
754,IV Antibiotics,1707-12-30
755,ER Registration,1700-12-30
755,ER Triage,1701-12-30
755,ER Sepsis Triage,1702-12-30
755,IV Liquid,1703-12-30
755,Leucocytes,1704-12-30
755,LacticAcid,1705-12-30
755,CRP,1706-12-30
755,IV Antibiotics,1707-12-30
755,Admission NC,1708-12-30
755,CRP,1709-12-30
755,Leucocytes,1710-12-30
755,LacticAcid,1711-12-30
755,LacticAcid,1712-12-30
755,CRP,1713-12-30
755,Leucocytes,1714-12-30
755,Leucocytes,1715-12-30
755,CRP,1716-12-30
755,LacticAcid,1717-12-30
755,Release E,1718-12-30
756,ER Registration,1700-12-30
756,ER Triage,1701-12-30
756,ER Sepsis Triage,1702-12-30
756,CRP,1703-12-30
756,Leucocytes,1704-12-30
756,LacticAcid,1705-12-30
756,IV Liquid,1706-12-30
756,IV Antibiotics,1707-12-30
757,ER Registration,1700-12-30
757,ER Triage,1701-12-30
757,ER Sepsis Triage,1702-12-30
757,LacticAcid,1703-12-30
757,Leucocytes,1704-12-30
757,CRP,1705-12-30
757,IV Liquid,1706-12-30
757,IV Antibiotics,1707-12-30
757,Admission NC,1708-12-30
757,Leucocytes,1709-12-30
757,CRP,1710-12-30
757,Release A,1711-12-30
757,Return ER,1712-12-30
758,ER Registration,1700-12-30
758,ER Triage,1701-12-30
758,Leucocytes,1702-12-30
758,LacticAcid,1703-12-30
758,CRP,1704-12-30
758,Admission IC,1705-12-30
758,ER Sepsis Triage,1706-12-30
758,IV Liquid,1707-12-30
758,IV Antibiotics,1708-12-30
758,Leucocytes,1709-12-30
758,LacticAcid,1710-12-30
758,CRP,1711-12-30
758,CRP,1712-12-30
758,LacticAcid,1713-12-30
758,Leucocytes,1714-12-30
758,Admission NC,1715-12-30
758,Leucocytes,1716-12-30
758,CRP,1717-12-30
758,Release A,1718-12-30
759,ER Registration,1700-12-30
759,ER Triage,1701-12-30
759,ER Sepsis Triage,1702-12-30
759,LacticAcid,1703-12-30
759,CRP,1704-12-30
759,Leucocytes,1705-12-30
759,IV Liquid,1706-12-30
759,IV Antibiotics,1707-12-30
759,Admission NC,1708-12-30
759,Leucocytes,1709-12-30
759,CRP,1710-12-30
759,Leucocytes,1711-12-30
759,CRP,1712-12-30
759,Release A,1713-12-30
759,Return ER,1714-12-30
760,ER Registration,1700-12-30
760,ER Triage,1701-12-30
760,ER Sepsis Triage,1702-12-30
760,CRP,1703-12-30
760,LacticAcid,1704-12-30
760,Leucocytes,1705-12-30
760,IV Liquid,1706-12-30
760,IV Antibiotics,1707-12-30
760,Admission NC,1708-12-30
760,CRP,1709-12-30
760,Leucocytes,1710-12-30
760,Leucocytes,1711-12-30
760,Release A,1712-12-30
760,Return ER,1713-12-30
761,ER Registration,1700-12-30
761,ER Triage,1701-12-30
761,ER Sepsis Triage,1702-12-30
761,IV Liquid,1703-12-30
761,CRP,1704-12-30
761,Leucocytes,1705-12-30
761,LacticAcid,1706-12-30
761,IV Antibiotics,1707-12-30
762,ER Registration,1700-12-30
762,ER Triage,1701-12-30
762,ER Sepsis Triage,1702-12-30
762,CRP,1703-12-30
762,Leucocytes,1704-12-30
763,ER Registration,1700-12-30
763,ER Triage,1701-12-30
763,ER Sepsis Triage,1702-12-30
763,CRP,1703-12-30
763,Leucocytes,1704-12-30
763,LacticAcid,1705-12-30
763,IV Liquid,1706-12-30
763,IV Antibiotics,1707-12-30
763,Admission NC,1708-12-30
763,CRP,1709-12-30
763,Leucocytes,1710-12-30
763,CRP,1711-12-30
763,Leucocytes,1712-12-30
763,CRP,1713-12-30
763,CRP,1714-12-30
763,Leucocytes,1715-12-30
763,Release D,1716-12-30
763,Return ER,1717-12-30
764,ER Registration,1700-12-30
764,IV Liquid,1701-12-30
764,ER Triage,1702-12-30
764,ER Sepsis Triage,1703-12-30
764,CRP,1704-12-30
764,Leucocytes,1705-12-30
764,IV Antibiotics,1706-12-30
764,Admission NC,1707-12-30
764,Leucocytes,1708-12-30
764,CRP,1709-12-30
764,Release A,1710-12-30
765,ER Registration,1700-12-30
765,ER Triage,1701-12-30
765,ER Sepsis Triage,1702-12-30
765,IV Liquid,1703-12-30
765,Leucocytes,1704-12-30
765,CRP,1705-12-30
765,LacticAcid,1706-12-30
765,IV Antibiotics,1707-12-30
766,ER Registration,1700-12-30
766,ER Triage,1701-12-30
766,ER Sepsis Triage,1702-12-30
766,Leucocytes,1703-12-30
766,CRP,1704-12-30
767,IV Liquid,1700-12-30
767,ER Registration,1701-12-30
767,ER Triage,1702-12-30
767,ER Sepsis Triage,1703-12-30
767,IV Antibiotics,1704-12-30
767,Leucocytes,1705-12-30
767,CRP,1706-12-30
767,LacticAcid,1707-12-30
767,Admission NC,1708-12-30
767,Admission NC,1709-12-30
767,CRP,1710-12-30
767,Leucocytes,1711-12-30
767,CRP,1712-12-30
767,Leucocytes,1713-12-30
767,CRP,1714-12-30
767,Release A,1715-12-30
767,Return ER,1716-12-30
768,ER Registration,1700-12-30
768,ER Triage,1701-12-30
768,ER Sepsis Triage,1702-12-30
768,Leucocytes,1703-12-30
768,CRP,1704-12-30
769,ER Registration,1700-12-30
769,ER Triage,1701-12-30
769,ER Sepsis Triage,1702-12-30
769,Leucocytes,1703-12-30
769,CRP,1704-12-30
769,LacticAcid,1705-12-30
769,Admission NC,1706-12-30
769,Leucocytes,1707-12-30
769,CRP,1708-12-30
769,LacticAcid,1709-12-30
770,ER Registration,1700-12-30
770,ER Triage,1701-12-30
770,ER Sepsis Triage,1702-12-30
770,CRP,1703-12-30
770,Leucocytes,1704-12-30
770,LacticAcid,1705-12-30
770,IV Liquid,1706-12-30
770,IV Antibiotics,1707-12-30
770,Admission NC,1708-12-30
770,Leucocytes,1709-12-30
770,CRP,1710-12-30
770,Admission NC,1711-12-30
770,CRP,1712-12-30
770,Leucocytes,1713-12-30
770,Release A,1714-12-30
771,ER Registration,1700-12-30
771,ER Triage,1701-12-30
771,ER Sepsis Triage,1702-12-30
771,CRP,1703-12-30
771,Leucocytes,1704-12-30
771,LacticAcid,1705-12-30
771,IV Liquid,1706-12-30
771,IV Antibiotics,1707-12-30
771,Admission NC,1708-12-30
771,LacticAcid,1709-12-30
771,Admission NC,1710-12-30
771,Leucocytes,1711-12-30
771,CRP,1712-12-30
771,Release A,1713-12-30
771,Return ER,1714-12-30
772,ER Registration,1700-12-30
772,IV Liquid,1701-12-30
772,ER Triage,1702-12-30
772,ER Sepsis Triage,1703-12-30
772,Leucocytes,1704-12-30
772,CRP,1705-12-30
772,LacticAcid,1706-12-30
772,IV Antibiotics,1707-12-30
772,Admission IC,1708-12-30
772,Leucocytes,1709-12-30
772,CRP,1710-12-30
772,LacticAcid,1711-12-30
772,Admission NC,1712-12-30
772,Leucocytes,1713-12-30
772,Admission NC,1714-12-30
772,Release A,1715-12-30
772,Return ER,1716-12-30
773,ER Registration,1700-12-30
773,ER Triage,1701-12-30
773,ER Sepsis Triage,1702-12-30
773,CRP,1703-12-30
773,LacticAcid,1704-12-30
773,Leucocytes,1705-12-30
773,IV Liquid,1706-12-30
773,IV Antibiotics,1707-12-30
773,Admission NC,1708-12-30
773,Leucocytes,1709-12-30
773,CRP,1710-12-30
773,Leucocytes,1711-12-30
773,CRP,1712-12-30
773,CRP,1713-12-30
773,Leucocytes,1714-12-30
773,CRP,1715-12-30
773,Leucocytes,1716-12-30
773,CRP,1717-12-30
773,Leucocytes,1718-12-30
773,Release A,1719-12-30
773,Return ER,1720-12-30
774,ER Registration,1700-12-30
774,ER Triage,1701-12-30
774,ER Sepsis Triage,1702-12-30
774,Leucocytes,1703-12-30
774,CRP,1704-12-30
775,ER Registration,1700-12-30
775,ER Triage,1701-12-30
775,ER Sepsis Triage,1702-12-30
775,LacticAcid,1703-12-30
775,CRP,1704-12-30
775,Leucocytes,1705-12-30
775,IV Liquid,1706-12-30
775,IV Antibiotics,1707-12-30
775,Admission NC,1708-12-30
775,CRP,1709-12-30
775,Leucocytes,1710-12-30
775,CRP,1711-12-30
775,Leucocytes,1712-12-30
775,Release A,1713-12-30
775,Return ER,1714-12-30
776,ER Registration,1700-12-30
776,ER Triage,1701-12-30
776,ER Sepsis Triage,1702-12-30
776,IV Liquid,1703-12-30
776,IV Antibiotics,1704-12-30
776,CRP,1705-12-30
776,LacticAcid,1706-12-30
776,Leucocytes,1707-12-30
776,Admission IC,1708-12-30
776,Leucocytes,1709-12-30
776,CRP,1710-12-30
776,LacticAcid,1711-12-30
776,LacticAcid,1712-12-30
776,CRP,1713-12-30
776,Leucocytes,1714-12-30
776,Admission NC,1715-12-30
776,CRP,1716-12-30
776,CRP,1717-12-30
776,Leucocytes,1718-12-30
776,Release A,1719-12-30
777,ER Registration,1700-12-30
777,ER Triage,1701-12-30
777,ER Sepsis Triage,1702-12-30
777,LacticAcid,1703-12-30
777,Leucocytes,1704-12-30
777,CRP,1705-12-30
777,IV Liquid,1706-12-30
777,IV Antibiotics,1707-12-30
777,Admission NC,1708-12-30
777,Admission NC,1709-12-30
777,CRP,1710-12-30
777,Leucocytes,1711-12-30
777,CRP,1712-12-30
777,Admission IC,1713-12-30
777,LacticAcid,1714-12-30
777,CRP,1715-12-30
777,Leucocytes,1716-12-30
777,LacticAcid,1717-12-30
777,Admission NC,1718-12-30
777,Admission NC,1719-12-30
777,CRP,1720-12-30
777,Leucocytes,1721-12-30
777,CRP,1722-12-30
777,Leucocytes,1723-12-30
777,CRP,1724-12-30
777,Leucocytes,1725-12-30
777,CRP,1726-12-30
777,Leucocytes,1727-12-30
777,CRP,1728-12-30
777,Leucocytes,1729-12-30
777,CRP,1730-12-30
777,Leucocytes,1731-12-30
777,CRP,1732-12-30
777,Release A,1733-12-30
777,Return ER,1734-12-30
778,ER Registration,1700-12-30
778,ER Triage,1701-12-30
778,ER Sepsis Triage,1702-12-30
778,CRP,1703-12-30
778,Leucocytes,1704-12-30
778,LacticAcid,1705-12-30
778,IV Antibiotics,1706-12-30
778,IV Liquid,1707-12-30
778,Admission NC,1708-12-30
778,Leucocytes,1709-12-30
778,CRP,1710-12-30
779,ER Registration,1700-12-30
779,ER Triage,1701-12-30
779,ER Sepsis Triage,1702-12-30
779,IV Liquid,1703-12-30
779,CRP,1704-12-30
779,Leucocytes,1705-12-30
779,LacticAcid,1706-12-30
779,IV Antibiotics,1707-12-30
779,LacticAcid,1708-12-30
780,ER Registration,1700-12-30
780,ER Triage,1701-12-30
780,ER Sepsis Triage,1702-12-30
780,LacticAcid,1703-12-30
780,Leucocytes,1704-12-30
780,CRP,1705-12-30
780,IV Antibiotics,1706-12-30
780,Admission NC,1707-12-30
780,CRP,1708-12-30
780,Leucocytes,1709-12-30
780,CRP,1710-12-30
780,Leucocytes,1711-12-30
780,CRP,1712-12-30
780,Leucocytes,1713-12-30
780,CRP,1714-12-30
780,Leucocytes,1715-12-30
780,CRP,1716-12-30
780,CRP,1717-12-30
780,Leucocytes,1718-12-30
780,Release A,1719-12-30
780,Return ER,1720-12-30
780,CRP,1721-12-30
780,Leucocytes,1722-12-30
780,LacticAcid,1723-12-30
781,ER Registration,1700-12-30
781,ER Triage,1701-12-30
781,ER Sepsis Triage,1702-12-30
781,Leucocytes,1703-12-30
781,CRP,1704-12-30
781,LacticAcid,1705-12-30
781,IV Liquid,1706-12-30
781,IV Antibiotics,1707-12-30
781,Admission NC,1708-12-30
781,Admission NC,1709-12-30
781,Leucocytes,1710-12-30
781,Release A,1711-12-30
782,ER Registration,1700-12-30
782,ER Triage,1701-12-30
782,ER Sepsis Triage,1702-12-30
783,ER Registration,1700-12-30
783,ER Triage,1701-12-30
783,ER Sepsis Triage,1702-12-30
783,IV Liquid,1703-12-30
783,IV Antibiotics,1704-12-30
783,CRP,1705-12-30
783,Leucocytes,1706-12-30
783,LacticAcid,1707-12-30
783,Admission NC,1708-12-30
783,CRP,1709-12-30
783,Leucocytes,1710-12-30
783,CRP,1711-12-30
783,Leucocytes,1712-12-30
783,Leucocytes,1713-12-30
783,CRP,1714-12-30
783,CRP,1715-12-30
783,Release A,1716-12-30
784,ER Registration,1700-12-30
784,ER Triage,1701-12-30
784,ER Sepsis Triage,1702-12-30
784,Leucocytes,1703-12-30
784,CRP,1704-12-30
784,LacticAcid,1705-12-30
784,IV Liquid,1706-12-30
784,IV Antibiotics,1707-12-30
784,Admission NC,1708-12-30
784,CRP,1709-12-30
784,Release A,1710-12-30
784,Return ER,1711-12-30
785,ER Registration,1700-12-30
785,ER Triage,1701-12-30
785,ER Sepsis Triage,1702-12-30
785,CRP,1703-12-30
785,LacticAcid,1704-12-30
785,Leucocytes,1705-12-30
785,IV Antibiotics,1706-12-30
785,Admission NC,1707-12-30
785,Leucocytes,1708-12-30
785,CRP,1709-12-30
785,Admission NC,1710-12-30
785,IV Liquid,1711-12-30
785,CRP,1712-12-30
785,Leucocytes,1713-12-30
785,Leucocytes,1714-12-30
785,CRP,1715-12-30
785,Release A,1716-12-30
785,Return ER,1717-12-30
786,ER Registration,1700-12-30
786,ER Triage,1701-12-30
786,ER Sepsis Triage,1702-12-30
786,Leucocytes,1703-12-30
786,CRP,1704-12-30
786,Admission NC,1705-12-30
786,Admission NC,1706-12-30
786,Release A,1707-12-30
786,Return ER,1708-12-30
787,ER Registration,1700-12-30
787,ER Triage,1701-12-30
787,ER Sepsis Triage,1702-12-30
787,IV Liquid,1703-12-30
787,IV Antibiotics,1704-12-30
787,LacticAcid,1705-12-30
787,Leucocytes,1706-12-30
787,CRP,1707-12-30
787,Admission NC,1708-12-30
787,CRP,1709-12-30
787,Release A,1710-12-30
787,Return ER,1711-12-30
788,ER Registration,1700-12-30
788,ER Triage,1701-12-30
788,ER Sepsis Triage,1702-12-30
788,Leucocytes,1703-12-30
788,CRP,1704-12-30
788,LacticAcid,1705-12-30
788,IV Liquid,1706-12-30
788,IV Antibiotics,1707-12-30
788,Admission NC,1708-12-30
788,Admission NC,1709-12-30
788,Leucocytes,1710-12-30
788,Release A,1711-12-30
788,Return ER,1712-12-30
789,ER Registration,1700-12-30
789,ER Triage,1701-12-30
789,Leucocytes,1702-12-30
789,CRP,1703-12-30
789,LacticAcid,1704-12-30
789,ER Sepsis Triage,1705-12-30
789,IV Liquid,1706-12-30
789,IV Antibiotics,1707-12-30
790,ER Registration,1700-12-30
790,ER Triage,1701-12-30
790,ER Sepsis Triage,1702-12-30
791,ER Registration,1700-12-30
791,ER Triage,1701-12-30
791,ER Sepsis Triage,1702-12-30
791,IV Antibiotics,1703-12-30
791,CRP,1704-12-30
791,LacticAcid,1705-12-30
791,Leucocytes,1706-12-30
791,IV Liquid,1707-12-30
791,Admission NC,1708-12-30
791,CRP,1709-12-30
791,Leucocytes,1710-12-30
791,Admission NC,1711-12-30
791,CRP,1712-12-30
791,Leucocytes,1713-12-30
791,Release A,1714-12-30
792,IV Liquid,1700-12-30
792,ER Registration,1701-12-30
792,ER Triage,1702-12-30
792,Leucocytes,1703-12-30
792,CRP,1704-12-30
792,LacticAcid,1705-12-30
792,ER Sepsis Triage,1706-12-30
792,IV Antibiotics,1707-12-30
792,Admission IC,1708-12-30
792,LacticAcid,1709-12-30
792,CRP,1710-12-30
792,Leucocytes,1711-12-30
793,ER Registration,1700-12-30
793,ER Triage,1701-12-30
793,ER Sepsis Triage,1702-12-30
793,IV Liquid,1703-12-30
793,LacticAcid,1704-12-30
793,Leucocytes,1705-12-30
793,CRP,1706-12-30
793,IV Antibiotics,1707-12-30
793,Admission IC,1708-12-30
793,LacticAcid,1709-12-30
793,CRP,1710-12-30
793,Leucocytes,1711-12-30
793,Admission NC,1712-12-30
793,Admission NC,1713-12-30
793,Release A,1714-12-30
794,ER Registration,1700-12-30
794,ER Triage,1701-12-30
794,ER Sepsis Triage,1702-12-30
794,IV Liquid,1703-12-30
794,IV Antibiotics,1704-12-30
794,CRP,1705-12-30
794,Leucocytes,1706-12-30
794,LacticAcid,1707-12-30
794,Admission NC,1708-12-30
794,Leucocytes,1709-12-30
794,CRP,1710-12-30
794,Leucocytes,1711-12-30
794,CRP,1712-12-30
794,Leucocytes,1713-12-30
794,CRP,1714-12-30
794,Admission NC,1715-12-30
794,Leucocytes,1716-12-30
794,CRP,1717-12-30
794,CRP,1718-12-30
794,Leucocytes,1719-12-30
794,Leucocytes,1720-12-30
794,CRP,1721-12-30
794,Release D,1722-12-30
795,ER Registration,1700-12-30
795,ER Triage,1701-12-30
795,ER Sepsis Triage,1702-12-30
795,Leucocytes,1703-12-30
795,CRP,1704-12-30
795,LacticAcid,1705-12-30
795,IV Liquid,1706-12-30
795,IV Antibiotics,1707-12-30
795,Admission NC,1708-12-30
795,Admission NC,1709-12-30
795,CRP,1710-12-30
795,Leucocytes,1711-12-30
795,LacticAcid,1712-12-30
795,Leucocytes,1713-12-30
795,CRP,1714-12-30
795,Release A,1715-12-30
796,ER Registration,1700-12-30
796,ER Triage,1701-12-30
796,ER Sepsis Triage,1702-12-30
796,Leucocytes,1703-12-30
796,CRP,1704-12-30
796,Admission NC,1705-12-30
796,Leucocytes,1706-12-30
796,Release A,1707-12-30
796,Return ER,1708-12-30
797,ER Registration,1700-12-30
797,ER Triage,1701-12-30
797,ER Sepsis Triage,1702-12-30
797,IV Liquid,1703-12-30
797,CRP,1704-12-30
797,Leucocytes,1705-12-30
797,LacticAcid,1706-12-30
797,IV Antibiotics,1707-12-30
798,ER Registration,1700-12-30
798,ER Triage,1701-12-30
798,ER Sepsis Triage,1702-12-30
798,CRP,1703-12-30
798,Leucocytes,1704-12-30
798,LacticAcid,1705-12-30
798,IV Liquid,1706-12-30
798,IV Antibiotics,1707-12-30
798,Admission NC,1708-12-30
798,Leucocytes,1709-12-30
798,CRP,1710-12-30
798,Leucocytes,1711-12-30
798,CRP,1712-12-30
798,Release A,1713-12-30
799,ER Registration,1700-12-30
799,ER Triage,1701-12-30
799,ER Sepsis Triage,1702-12-30
799,IV Liquid,1703-12-30
799,IV Antibiotics,1704-12-30
799,Leucocytes,1705-12-30
799,CRP,1706-12-30
799,LacticAcid,1707-12-30
799,Admission NC,1708-12-30
799,Release A,1709-12-30
800,Leucocytes,1700-12-30
800,CRP,1701-12-30
800,ER Registration,1702-12-30
800,ER Triage,1703-12-30
800,ER Sepsis Triage,1704-12-30
800,CRP,1705-12-30
800,LacticAcid,1706-12-30
800,Leucocytes,1707-12-30
800,IV Liquid,1708-12-30
800,IV Antibiotics,1709-12-30
800,Admission NC,1710-12-30
800,Leucocytes,1711-12-30
800,CRP,1712-12-30
800,Admission NC,1713-12-30
800,CRP,1714-12-30
800,Leucocytes,1715-12-30
800,Leucocytes,1716-12-30
800,Leucocytes,1717-12-30
800,CRP,1718-12-30
800,Leucocytes,1719-12-30
800,CRP,1720-12-30
800,CRP,1721-12-30
800,Leucocytes,1722-12-30
800,CRP,1723-12-30
800,Leucocytes,1724-12-30
800,Leucocytes,1725-12-30
800,CRP,1726-12-30
800,Leucocytes,1727-12-30
800,CRP,1728-12-30
800,Release A,1729-12-30
801,ER Registration,1700-12-30
801,ER Triage,1701-12-30
801,ER Sepsis Triage,1702-12-30
801,IV Liquid,1703-12-30
801,Leucocytes,1704-12-30
801,CRP,1705-12-30
801,LacticAcid,1706-12-30
801,IV Antibiotics,1707-12-30
801,Admission NC,1708-12-30
801,Leucocytes,1709-12-30
801,CRP,1710-12-30
801,Release A,1711-12-30
801,Return ER,1712-12-30
802,IV Liquid,1700-12-30
802,ER Registration,1701-12-30
802,ER Triage,1702-12-30
802,ER Sepsis Triage,1703-12-30
802,LacticAcid,1704-12-30
802,Leucocytes,1705-12-30
802,CRP,1706-12-30
802,IV Antibiotics,1707-12-30
802,Admission IC,1708-12-30
802,Leucocytes,1709-12-30
802,CRP,1710-12-30
802,LacticAcid,1711-12-30
802,CRP,1712-12-30
802,LacticAcid,1713-12-30
802,Leucocytes,1714-12-30
802,Admission NC,1715-12-30
802,Leucocytes,1716-12-30
802,CRP,1717-12-30
802,Leucocytes,1718-12-30
802,CRP,1719-12-30
802,Leucocytes,1720-12-30
802,CRP,1721-12-30
802,Leucocytes,1722-12-30
802,CRP,1723-12-30
802,CRP,1724-12-30
802,Leucocytes,1725-12-30
802,Leucocytes,1726-12-30
802,CRP,1727-12-30
802,Leucocytes,1728-12-30
802,CRP,1729-12-30
802,Release A,1730-12-30
803,ER Registration,1700-12-30
803,ER Triage,1701-12-30
803,ER Sepsis Triage,1702-12-30
803,LacticAcid,1703-12-30
803,Leucocytes,1704-12-30
803,CRP,1705-12-30
804,ER Registration,1700-12-30
804,ER Triage,1701-12-30
804,ER Sepsis Triage,1702-12-30
804,IV Liquid,1703-12-30
804,IV Antibiotics,1704-12-30
804,Leucocytes,1705-12-30
804,LacticAcid,1706-12-30
804,CRP,1707-12-30
804,Admission NC,1708-12-30
804,Leucocytes,1709-12-30
804,CRP,1710-12-30
804,Release A,1711-12-30
804,Return ER,1712-12-30
805,ER Registration,1700-12-30
805,ER Triage,1701-12-30
805,ER Sepsis Triage,1702-12-30
805,IV Liquid,1703-12-30
805,LacticAcid,1704-12-30
805,Leucocytes,1705-12-30
805,CRP,1706-12-30
805,IV Antibiotics,1707-12-30
805,Admission IC,1708-12-30
805,CRP,1709-12-30
805,Leucocytes,1710-12-30
805,LacticAcid,1711-12-30
805,LacticAcid,1712-12-30
805,Leucocytes,1713-12-30
805,Admission NC,1714-12-30
805,CRP,1715-12-30
805,Release A,1716-12-30
805,Return ER,1717-12-30
806,ER Registration,1700-12-30
806,ER Triage,1701-12-30
806,ER Sepsis Triage,1702-12-30
806,LacticAcid,1703-12-30
806,CRP,1704-12-30
806,Leucocytes,1705-12-30
806,IV Liquid,1706-12-30
806,IV Antibiotics,1707-12-30
806,Admission NC,1708-12-30
807,CRP,1700-12-30
807,Leucocytes,1701-12-30
807,LacticAcid,1702-12-30
807,ER Registration,1703-12-30
807,ER Triage,1704-12-30
807,ER Sepsis Triage,1705-12-30
807,IV Antibiotics,1706-12-30
807,IV Liquid,1707-12-30
808,ER Registration,1700-12-30
808,ER Triage,1701-12-30
808,CRP,1702-12-30
808,Leucocytes,1703-12-30
808,LacticAcid,1704-12-30
808,ER Sepsis Triage,1705-12-30
808,IV Liquid,1706-12-30
808,IV Antibiotics,1707-12-30
808,Admission NC,1708-12-30
808,CRP,1709-12-30
808,Leucocytes,1710-12-30
808,CRP,1711-12-30
808,CRP,1712-12-30
808,Release A,1713-12-30
809,ER Registration,1700-12-30
809,ER Triage,1701-12-30
809,ER Sepsis Triage,1702-12-30
809,IV Liquid,1703-12-30
809,LacticAcid,1704-12-30
809,CRP,1705-12-30
809,Leucocytes,1706-12-30
809,IV Antibiotics,1707-12-30
809,Admission NC,1708-12-30
809,Leucocytes,1709-12-30
809,CRP,1710-12-30
809,Admission NC,1711-12-30
809,CRP,1712-12-30
809,Release A,1713-12-30
810,ER Registration,1700-12-30
810,ER Triage,1701-12-30
810,ER Sepsis Triage,1702-12-30
810,CRP,1703-12-30
810,Leucocytes,1704-12-30
810,LacticAcid,1705-12-30
810,IV Antibiotics,1706-12-30
810,IV Liquid,1707-12-30
810,Admission NC,1708-12-30
810,Leucocytes,1709-12-30
810,CRP,1710-12-30
810,Release A,1711-12-30
810,Return ER,1712-12-30
811,ER Registration,1700-12-30
811,ER Triage,1701-12-30
811,Leucocytes,1702-12-30
811,CRP,1703-12-30
811,LacticAcid,1704-12-30
811,ER Sepsis Triage,1705-12-30
811,IV Liquid,1706-12-30
811,IV Antibiotics,1707-12-30
811,Admission NC,1708-12-30
811,Release A,1709-12-30
812,ER Registration,1700-12-30
812,ER Triage,1701-12-30
812,ER Sepsis Triage,1702-12-30
812,Leucocytes,1703-12-30
812,CRP,1704-12-30
812,LacticAcid,1705-12-30
812,IV Antibiotics,1706-12-30
812,Admission NC,1707-12-30
812,IV Liquid,1708-12-30
812,Leucocytes,1709-12-30
812,CRP,1710-12-30
812,CRP,1711-12-30
812,Leucocytes,1712-12-30
812,Release A,1713-12-30
813,ER Registration,1700-12-30
813,ER Triage,1701-12-30
813,ER Sepsis Triage,1702-12-30
813,IV Liquid,1703-12-30
813,CRP,1704-12-30
813,Leucocytes,1705-12-30
813,LacticAcid,1706-12-30
813,IV Antibiotics,1707-12-30
813,Admission NC,1708-12-30
813,Leucocytes,1709-12-30
813,CRP,1710-12-30
813,CRP,1711-12-30
813,Leucocytes,1712-12-30
813,Leucocytes,1713-12-30
813,CRP,1714-12-30
813,Release A,1715-12-30
813,Return ER,1716-12-30
813,CRP,1717-12-30
813,Leucocytes,1718-12-30
814,ER Registration,1700-12-30
814,IV Liquid,1701-12-30
814,ER Triage,1702-12-30
814,ER Sepsis Triage,1703-12-30
814,IV Antibiotics,1704-12-30
814,LacticAcid,1705-12-30
814,Leucocytes,1706-12-30
814,CRP,1707-12-30
814,Admission NC,1708-12-30
814,CRP,1709-12-30
814,Leucocytes,1710-12-30
814,Release A,1711-12-30
814,Return ER,1712-12-30
815,ER Registration,1700-12-30
815,ER Triage,1701-12-30
815,ER Sepsis Triage,1702-12-30
815,IV Liquid,1703-12-30
815,Leucocytes,1704-12-30
815,LacticAcid,1705-12-30
815,CRP,1706-12-30
815,IV Antibiotics,1707-12-30
815,Admission NC,1708-12-30
816,ER Registration,1700-12-30
816,ER Triage,1701-12-30
816,ER Sepsis Triage,1702-12-30
816,Leucocytes,1703-12-30
816,LacticAcid,1704-12-30
816,CRP,1705-12-30
816,IV Liquid,1706-12-30
816,IV Antibiotics,1707-12-30
817,ER Registration,1700-12-30
817,ER Triage,1701-12-30
817,ER Sepsis Triage,1702-12-30
817,IV Liquid,1703-12-30
817,CRP,1704-12-30
817,LacticAcid,1705-12-30
817,Leucocytes,1706-12-30
817,IV Antibiotics,1707-12-30
817,Admission NC,1708-12-30
817,CRP,1709-12-30
817,Leucocytes,1710-12-30
817,CRP,1711-12-30
817,CRP,1712-12-30
817,Admission IC,1713-12-30
817,Leucocytes,1714-12-30
817,CRP,1715-12-30
817,LacticAcid,1716-12-30
817,Leucocytes,1717-12-30
817,LacticAcid,1718-12-30
817,Leucocytes,1719-12-30
817,CRP,1720-12-30
817,Leucocytes,1721-12-30
817,LacticAcid,1722-12-30
817,Leucocytes,1723-12-30
817,Leucocytes,1724-12-30
817,Leucocytes,1725-12-30
817,Leucocytes,1726-12-30
817,Leucocytes,1727-12-30
817,Leucocytes,1728-12-30
817,Release B,1729-12-30
818,ER Registration,1700-12-30
818,ER Triage,1701-12-30
818,ER Sepsis Triage,1702-12-30
818,LacticAcid,1703-12-30
818,CRP,1704-12-30
818,Leucocytes,1705-12-30
818,IV Liquid,1706-12-30
818,IV Antibiotics,1707-12-30
818,Admission NC,1708-12-30
818,CRP,1709-12-30
818,Leucocytes,1710-12-30
818,Admission NC,1711-12-30
818,Leucocytes,1712-12-30
818,CRP,1713-12-30
818,Leucocytes,1714-12-30
818,CRP,1715-12-30
818,Leucocytes,1716-12-30
818,CRP,1717-12-30
818,CRP,1718-12-30
818,Leucocytes,1719-12-30
818,Release A,1720-12-30
819,ER Registration,1700-12-30
819,ER Triage,1701-12-30
819,ER Sepsis Triage,1702-12-30
819,Leucocytes,1703-12-30
819,LacticAcid,1704-12-30
819,CRP,1705-12-30
819,IV Antibiotics,1706-12-30
819,Admission IC,1707-12-30
819,CRP,1708-12-30
819,LacticAcid,1709-12-30
819,Leucocytes,1710-12-30
819,Leucocytes,1711-12-30
819,Leucocytes,1712-12-30
819,Leucocytes,1713-12-30
819,Leucocytes,1714-12-30
819,CRP,1715-12-30
819,LacticAcid,1716-12-30
819,Leucocytes,1717-12-30
819,CRP,1718-12-30
819,LacticAcid,1719-12-30
819,LacticAcid,1720-12-30
819,CRP,1721-12-30
819,Leucocytes,1722-12-30
819,Admission NC,1723-12-30
819,Leucocytes,1724-12-30
819,CRP,1725-12-30
819,Leucocytes,1726-12-30
819,CRP,1727-12-30
819,Leucocytes,1728-12-30
819,CRP,1729-12-30
819,CRP,1730-12-30
819,Leucocytes,1731-12-30
819,Leucocytes,1732-12-30
819,CRP,1733-12-30
819,Leucocytes,1734-12-30
819,CRP,1735-12-30
819,CRP,1736-12-30
819,Leucocytes,1737-12-30
819,Leucocytes,1738-12-30
819,CRP,1739-12-30
819,Leucocytes,1740-12-30
819,CRP,1741-12-30
819,Leucocytes,1742-12-30
819,CRP,1743-12-30
819,Leucocytes,1744-12-30
819,CRP,1745-12-30
819,Leucocytes,1746-12-30
819,CRP,1747-12-30
819,Leucocytes,1748-12-30
819,CRP,1749-12-30
819,Release A,1750-12-30
820,ER Registration,1700-12-30
820,ER Triage,1701-12-30
820,CRP,1702-12-30
820,LacticAcid,1703-12-30
820,Leucocytes,1704-12-30
820,ER Sepsis Triage,1705-12-30
820,IV Liquid,1706-12-30
820,IV Antibiotics,1707-12-30
820,Admission NC,1708-12-30
820,Admission NC,1709-12-30
820,Leucocytes,1710-12-30
820,CRP,1711-12-30
820,CRP,1712-12-30
820,Leucocytes,1713-12-30
820,CRP,1714-12-30
820,Leucocytes,1715-12-30
820,Leucocytes,1716-12-30
820,CRP,1717-12-30
820,Release D,1718-12-30
820,Return ER,1719-12-30
821,ER Registration,1700-12-30
821,ER Triage,1701-12-30
821,ER Sepsis Triage,1702-12-30
821,LacticAcid,1703-12-30
821,Leucocytes,1704-12-30
821,CRP,1705-12-30
821,IV Liquid,1706-12-30
821,IV Antibiotics,1707-12-30
821,Admission NC,1708-12-30
821,Release A,1709-12-30
822,ER Registration,1700-12-30
822,Leucocytes,1701-12-30
822,CRP,1702-12-30
822,ER Triage,1703-12-30
822,ER Sepsis Triage,1704-12-30
822,IV Liquid,1705-12-30
822,IV Antibiotics,1706-12-30
823,ER Registration,1700-12-30
823,ER Triage,1701-12-30
823,ER Sepsis Triage,1702-12-30
823,Leucocytes,1703-12-30
823,CRP,1704-12-30
823,LacticAcid,1705-12-30
824,ER Registration,1700-12-30
824,ER Triage,1701-12-30
824,ER Sepsis Triage,1702-12-30
824,IV Antibiotics,1703-12-30
824,CRP,1704-12-30
824,Leucocytes,1705-12-30
824,LacticAcid,1706-12-30
824,Admission NC,1707-12-30
824,Release A,1708-12-30
824,Return ER,1709-12-30
825,ER Registration,1700-12-30
825,ER Triage,1701-12-30
825,CRP,1702-12-30
825,Leucocytes,1703-12-30
825,LacticAcid,1704-12-30
825,Admission NC,1705-12-30
825,ER Sepsis Triage,1706-12-30
825,IV Liquid,1707-12-30
825,IV Antibiotics,1708-12-30
825,Admission NC,1709-12-30
825,Leucocytes,1710-12-30
825,CRP,1711-12-30
825,Release A,1712-12-30
826,ER Registration,1700-12-30
826,ER Triage,1701-12-30
826,ER Sepsis Triage,1702-12-30
827,ER Registration,1700-12-30
827,ER Triage,1701-12-30
827,ER Sepsis Triage,1702-12-30
827,LacticAcid,1703-12-30
827,CRP,1704-12-30
827,Leucocytes,1705-12-30
827,IV Liquid,1706-12-30
827,IV Antibiotics,1707-12-30
828,ER Registration,1700-12-30
828,ER Triage,1701-12-30
828,ER Sepsis Triage,1702-12-30
828,CRP,1703-12-30
828,Leucocytes,1704-12-30
828,IV Liquid,1705-12-30
828,IV Antibiotics,1706-12-30
829,ER Registration,1700-12-30
829,ER Triage,1701-12-30
829,ER Sepsis Triage,1702-12-30
829,Leucocytes,1703-12-30
829,CRP,1704-12-30
829,LacticAcid,1705-12-30
829,IV Liquid,1706-12-30
829,IV Antibiotics,1707-12-30
829,Admission NC,1708-12-30
829,CRP,1709-12-30
829,Leucocytes,1710-12-30
829,Release A,1711-12-30
830,ER Registration,1700-12-30
830,ER Triage,1701-12-30
830,ER Sepsis Triage,1702-12-30
830,LacticAcid,1703-12-30
830,Leucocytes,1704-12-30
830,CRP,1705-12-30
830,IV Liquid,1706-12-30
830,IV Antibiotics,1707-12-30
830,Admission NC,1708-12-30
830,Release A,1709-12-30
831,ER Registration,1700-12-30
831,ER Triage,1701-12-30
831,ER Sepsis Triage,1702-12-30
831,IV Liquid,1703-12-30
831,IV Antibiotics,1704-12-30
831,CRP,1705-12-30
831,Leucocytes,1706-12-30
831,LacticAcid,1707-12-30
831,Admission IC,1708-12-30
831,LacticAcid,1709-12-30
831,CRP,1710-12-30
831,Leucocytes,1711-12-30
831,CRP,1712-12-30
831,Leucocytes,1713-12-30
831,LacticAcid,1714-12-30
831,Admission NC,1715-12-30
831,Release A,1716-12-30
831,Return ER,1717-12-30
832,ER Registration,1700-12-30
832,ER Triage,1701-12-30
832,ER Sepsis Triage,1702-12-30
832,Leucocytes,1703-12-30
832,CRP,1704-12-30
832,IV Antibiotics,1705-12-30
832,Admission NC,1706-12-30
832,CRP,1707-12-30
832,CRP,1708-12-30
832,CRP,1709-12-30
832,CRP,1710-12-30
832,Release A,1711-12-30
832,Return ER,1712-12-30
833,Leucocytes,1700-12-30
833,CRP,1701-12-30
833,ER Registration,1702-12-30
833,ER Triage,1703-12-30
833,ER Sepsis Triage,1704-12-30
833,IV Liquid,1705-12-30
833,IV Antibiotics,1706-12-30
833,CRP,1707-12-30
833,Leucocytes,1708-12-30
833,LacticAcid,1709-12-30
833,Admission NC,1710-12-30
833,Leucocytes,1711-12-30
833,LacticAcid,1712-12-30
833,Admission NC,1713-12-30
833,Leucocytes,1714-12-30
833,CRP,1715-12-30
833,Admission IC,1716-12-30
833,LacticAcid,1717-12-30
833,Leucocytes,1718-12-30
833,CRP,1719-12-30
833,Release B,1720-12-30
834,ER Registration,1700-12-30
834,ER Triage,1701-12-30
834,ER Sepsis Triage,1702-12-30
834,LacticAcid,1703-12-30
834,CRP,1704-12-30
834,Leucocytes,1705-12-30
834,IV Antibiotics,1706-12-30
834,Admission NC,1707-12-30
834,CRP,1708-12-30
834,Leucocytes,1709-12-30
834,Admission NC,1710-12-30
834,CRP,1711-12-30
834,Leucocytes,1712-12-30
834,Leucocytes,1713-12-30
834,CRP,1714-12-30
834,Leucocytes,1715-12-30
834,CRP,1716-12-30
834,Release A,1717-12-30
835,ER Registration,1700-12-30
835,ER Triage,1701-12-30
835,ER Sepsis Triage,1702-12-30
835,Leucocytes,1703-12-30
835,CRP,1704-12-30
835,Admission NC,1705-12-30
835,Admission NC,1706-12-30
835,Leucocytes,1707-12-30
835,CRP,1708-12-30
835,Release A,1709-12-30
836,ER Registration,1700-12-30
836,ER Triage,1701-12-30
836,ER Sepsis Triage,1702-12-30
836,Leucocytes,1703-12-30
836,CRP,1704-12-30
836,LacticAcid,1705-12-30
837,ER Registration,1700-12-30
837,ER Triage,1701-12-30
837,ER Sepsis Triage,1702-12-30
838,ER Registration,1700-12-30
838,ER Triage,1701-12-30
838,ER Sepsis Triage,1702-12-30
838,LacticAcid,1703-12-30
838,Leucocytes,1704-12-30
838,CRP,1705-12-30
838,IV Liquid,1706-12-30
838,IV Antibiotics,1707-12-30
838,Admission NC,1708-12-30
838,Release A,1709-12-30
839,ER Registration,1700-12-30
839,ER Triage,1701-12-30
839,ER Sepsis Triage,1702-12-30
839,IV Liquid,1703-12-30
839,LacticAcid,1704-12-30
839,Leucocytes,1705-12-30
839,CRP,1706-12-30
839,IV Antibiotics,1707-12-30
840,ER Registration,1700-12-30
840,ER Triage,1701-12-30
840,ER Sepsis Triage,1702-12-30
840,Leucocytes,1703-12-30
840,CRP,1704-12-30
840,LacticAcid,1705-12-30
840,IV Liquid,1706-12-30
840,IV Antibiotics,1707-12-30
